ticker,date,close,vol_20,threshold,flag,max_drawdown_30d,is_drawdown_day,lead_time
SPY,2000-05-31,89.94647216796875,,,0,0.012005041111283754,0,
SPY,2000-06-01,91.52102661132812,,,0,-0.005405788871545858,0,
SPY,2000-06-02,93.11529541015624,,,0,-0.022434683118324972,0,
SPY,2000-06-05,92.66259002685548,,,0,-0.017658763501226193,0,
SPY,2000-06-06,92.24921417236328,,,0,-0.013256816539576555,0,
SPY,2000-06-07,92.88892364501952,,,0,-0.02005234109480647,0,
SPY,2000-06-08,92.52479553222656,,,0,-0.016195791187071262,0,
SPY,2000-06-09,92.32791137695312,,,0,-0.01409788322275296,0,
SPY,2000-06-12,91.24549865722656,,,0,-0.0024024789857296502,0,
SPY,2000-06-13,92.9578094482422,,,0,-0.02077852517767742,0,
SPY,2000-06-14,93.11529541015624,,,0,-0.022434683118324972,0,
SPY,2000-06-15,93.3120574951172,,,0,-0.038661396605464526,0,
SPY,2000-06-16,92.5453109741211,,,0,-0.03069661673824753,0,
SPY,2000-06-19,93.72909545898438,,,0,-0.0429387737825655,0,
SPY,2000-06-20,93.39368438720705,,,0,-0.039501614902408,0,
SPY,2000-06-21,93.3542022705078,,,0,-0.039095393131908796,0,
SPY,2000-06-22,91.93378448486328,,,0,-0.024248990348088695,0,
SPY,2000-06-23,91.1446533203125,,,0,-0.015800930012040304,0,
SPY,2000-06-26,92.3184585571289,,,0,-0.028314765711612844,0,
SPY,2000-06-27,91.63787841796876,,,0,-0.021098211996177008,0,
SPY,2000-06-28,91.89434051513672,0.1611637312382714,,0,-0.02383016702263019,0,
SPY,2000-06-29,91.02628326416016,0.15316358638082392,,0,-0.014521083191957884,0,
SPY,2000-06-30,91.7167739868164,0.14187489554583202,,0,-0.02194027185124392,0,
SPY,2000-07-03,92.97940826416016,0.14979011034833678,,0,-0.035222048548957496,0,
SPY,2000-07-05,91.30245208740234,0.16279612073387098,,0,-0.01750192923237237,0,
SPY,2000-07-06,92.01268768310548,0.16332957158675446,,0,-0.025085721426032603,0,
SPY,2000-07-07,93.49231719970705,0.17272841457482185,,0,-0.0405149244444265,0,
SPY,2000-07-10,93.33453369140624,0.17264572702414324,,0,-0.038892899719002005,0,
SPY,2000-07-11,93.53177642822266,0.16641204153278458,,0,-0.04091971244588943,0,
SPY,2000-07-12,94.1433334350586,0.15482681604642687,,0,-0.04714991748081676,0,
SPY,2000-07-13,94.55763244628906,0.15536695562876626,,0,-0.05132477715978345,1,11.0
SPY,2000-07-14,95.48490142822266,0.1585816881156317,,0,-0.06053751231383231,1,10.0
SPY,2000-07-17,95.32703399658205,0.1550847919056339,,0,-0.058981704650089894,1,9.0
SPY,2000-07-18,94.54779052734376,0.15275352030395728,,0,-0.05122602514668484,1,8.0
SPY,2000-07-19,93.78825378417967,0.15512710075211464,,0,-0.043542454275249165,0,
SPY,2000-07-20,95.09033203125,0.16238841504486348,,0,-0.05663929112429078,1,6.0
SPY,2000-07-21,93.23582458496094,0.16879257624345556,,0,-0.03787537213784653,0,
SPY,2000-07-24,92.7031478881836,0.16697661535684885,,0,-0.032346958266983084,0,
SPY,2000-07-25,92.99915313720705,0.16124223312659347,,0,-0.03542688286762852,0,
SPY,2000-07-26,92.09161376953124,0.1629968744988309,,0,-0.02592126079230961,0,
SPY,2000-07-27,91.77597045898438,0.16320481629289962,,0,-0.022571130726245836,0,
SPY,2000-07-28,89.70448303222656,0.17947974522272975,,0,0.0063776679645912715,0,
SPY,2000-07-31,90.2765884399414,0.17879421511860485,,0,0.006119042828060195,0,
SPY,2000-08-01,90.82899475097656,0.17258186223220254,,0,0.0049954061851276155,0,
SPY,2000-08-02,91.28272247314452,0.16150359193802627,,0,0.006916063868029676,0,
SPY,2000-08-03,91.9140396118164,0.16098553456728465,,0,0.005309712329434557,0,
SPY,2000-08-04,92.40726470947266,0.15110015161379559,,0,-0.009259325768111837,0,
SPY,2000-08-07,93.51203918457033,0.1573363538043679,,0,-0.02096418236066333,0,
SPY,2000-08-08,93.8671646118164,0.15773419516005513,,0,-0.02466814545005891,0,
SPY,2000-08-09,93.07803344726562,0.15869679899624178,,0,-0.029786169159742304,0,
SPY,2000-08-10,92.6242446899414,0.15826750306825976,,0,-0.02503285505597197,0,
SPY,2000-08-11,93.05828857421876,0.15465771811899234,,0,-0.02958031163526209,0,
SPY,2000-08-14,94.24202728271484,0.16234022585935956,,0,-0.04365799578400842,0,
SPY,2000-08-15,94.1630630493164,0.15983110749232535,,0,-0.0428560166343912,0,
SPY,2000-08-16,93.82767486572266,0.15767970255177627,,0,-0.039434693634774254,0,
SPY,2000-08-17,94.81411743164062,0.15422964145701112,,0,-0.04942837950360979,0,
SPY,2000-08-18,94.49849700927734,0.1366566009305247,,0,-0.04625351613707207,0,
SPY,2000-08-21,95.01139068603516,0.13545141152157406,,0,-0.0514020624036956,1,25.0
SPY,2000-08-22,94.85359954833984,0.13561542175819583,,0,-0.04982404798461748,0,
SPY,2000-08-23,95.2283935546875,0.12975694372181346,,0,-0.053563691577224404,1,20.0
SPY,2000-08-24,95.52432250976562,0.12841148969924482,,0,-0.06539857150205053,1,19.0
SPY,2000-08-25,95.48490142822266,0.0897530271915075,,0,-0.07205492562481242,1,18.0
SPY,2000-08-28,95.81037139892578,0.08894972617411206,,0,-0.09048302615603676,1,17.0
SPY,2000-08-29,95.83007049560548,0.08866296500057329,,0,-0.09830590625206259,1,16.0
SPY,2000-08-30,94.91272735595705,0.0982624583188645,,0,-0.11230393618340773,1,18.0
SPY,2000-08-31,96.17536926269533,0.10482510529683585,,0,-0.12395808692090016,1,14.0
SPY,2000-09-01,96.27400207519533,0.10425936677682576,,0,-0.12485559274690072,1,13.0
SPY,2000-09-05,95.50460815429688,0.10329642183953701,,0,-0.11780534878630577,1,12.0
SPY,2000-09-06,94.41954803466795,0.11172837891678616,,0,-0.10766725499421881,1,22.0
SPY,2000-09-07,95.2283935546875,0.11036228567853605,,0,-0.11524650017753879,1,10.0
SPY,2000-09-08,94.57733917236328,0.11200190053375286,,0,-0.10915600695393135,1,20.0
SPY,2000-09-11,94.43927001953124,0.11147957978616492,,0,-0.10785360303446068,1,19.0
SPY,2000-09-12,93.74874877929688,0.10558660175329304,,0,-0.10128235760959048,1,19.0
SPY,2000-09-13,93.9953842163086,0.10605151615775854,,0,-0.10364051189907142,1,17.0
SPY,2000-09-14,94.4688491821289,0.10669697133781565,,0,-0.10813294319330913,1,16.0
SPY,2000-09-15,92.4020767211914,0.12654610742874536,,0,-0.0881844059176019,1,17.0
SPY,2000-09-18,91.5516357421875,0.12951890605176328,,0,-0.07971437323914554,1,17.0
SPY,2000-09-19,92.38229370117188,0.13271005331151417,,0,-0.08798914700564853,1,15.0
SPY,2000-09-20,91.6999969482422,0.13441796385265484,,0,-0.08120330115675611,1,15.0
SPY,2000-09-21,90.30559539794922,0.14094621174545857,,0,-0.06701623405836254,1,15.0
SPY,2000-09-22,91.94720458984376,0.15793981113188835,,0,-0.08367356184652408,1,12.0
SPY,2000-09-25,91.29451751708984,0.15889061480518274,,0,-0.07712251763411049,1,12.0
SPY,2000-09-26,90.12760925292967,0.1616905016914322,,0,-0.06517375554104432,1,12.0
SPY,2000-09-27,90.602294921875,0.164017300811374,,0,-0.07007151913060117,1,11.0
SPY,2000-09-28,91.76919555664062,0.1708250866046758,,0,-0.081896120272968,1,8.0
SPY,2000-09-29,90.89893341064452,0.1634317393338521,,0,-0.07310623657863369,1,9.0
SPY,2000-10-02,91.0373992919922,0.16359635081328006,,0,-0.0745160215995806,1,7.0
SPY,2000-10-03,90.18697357177734,0.16424350531279389,,0,-0.06578909189224214,1,7.0
SPY,2000-10-04,90.9384994506836,0.16552455649940956,,0,-0.07350951479387835,1,6.0
SPY,2000-10-05,91.25499725341795,0.16224855176553774,,0,-0.07672284241042204,1,4.0
SPY,2000-10-06,89.27716827392578,0.17625947727068017,,0,-0.05626874027334572,1,4.0
SPY,2000-10-09,88.60474395751953,0.1769349634186781,,0,-0.049106732700735956,0,
SPY,2000-10-10,87.14115905761719,0.1828265882422243,,0,-0.03313594412632859,0,
SPY,2000-10-11,86.40940856933594,0.18199969242795955,,0,-0.03215863457183887,0,
SPY,2000-10-12,84.25365447998047,0.19304411579185904,,0,-0.0073949849207143314,0,
SPY,2000-10-13,87.06205749511719,0.2266506228623454,,0,-0.03941392632173546,0,
SPY,2000-10-16,87.4576187133789,0.22687253772503987,,0,-0.043758551788782296,0,
SPY,2000-10-17,85.28208923339844,0.23654139157804394,,0,-0.019365018759012087,0,
SPY,2000-10-18,84.96562194824219,0.23619736000235092,,0,-0.015712495737034593,0,
SPY,2000-10-19,88.16963195800781,0.2726283410471774,,0,-0.05148067289861957,1,24.0
SPY,2000-10-20,88.5453872680664,0.26400579265352914,,0,-0.05550585348507442,1,23.0
SPY,2000-10-23,88.94095611572266,0.2641583358682455,,0,-0.05970653309851226,1,22.0
SPY,2000-10-24,88.34764862060547,0.26147164792243166,,0,-0.05339189801503519,1,21.0
SPY,2000-10-25,86.27098846435547,0.27235644984779234,,0,-0.030605752127906394,0,
SPY,2000-10-26,86.50829315185547,0.2671817567246741,,0,-0.03326493994301871,0,
SPY,2000-10-27,88.14982604980469,0.2766845512381618,,0,-0.05126755521520132,1,18.0
SPY,2000-10-30,88.94095611572266,0.27901238087170455,,0,-0.05970653309851226,1,17.0
SPY,2000-10-31,90.47376251220705,0.2844386300552734,,0,-0.07563698410020037,1,9.0
SPY,2000-11-01,90.16716766357422,0.28302539296244,,0,-0.07249387839681387,1,13.0
SPY,2000-11-02,90.31552124023438,0.28276531075973516,,0,-0.07941443013740013,1,7.0
SPY,2000-11-03,90.36493682861328,0.27123024015664854,,0,-0.07991784749356079,1,6.0
SPY,2000-11-06,90.99788665771484,0.2703334041462939,,0,-0.09296691826087689,1,5.0
SPY,2000-11-07,90.97811126708984,0.26199421863270955,,0,-0.11904542871286394,1,4.0
SPY,2000-11-08,88.96072387695312,0.27392840789141304,,0,-0.09906777378892062,1,10.0
SPY,2000-11-09,88.62452697753906,0.2561760643034683,,0,-0.09565008986592338,1,9.0
SPY,2000-11-10,86.46871185302734,0.24713392459397304,,0,-0.07310307635852142,1,27.0
SPY,2000-11-13,85.7962875366211,0.24778635210717295,,0,-0.06583856587498049,1,26.0
SPY,2000-11-14,88.05098724365234,0.24793929369903112,,0,-0.0897594051270516,1,6.0
SPY,2000-11-15,88.3278579711914,0.2471831837246645,,0,-0.09261262699302575,1,5.0
SPY,2000-11-16,86.94337463378906,0.21703868898768555,,0,-0.07816342136017684,1,22.0
SPY,2000-11-17,86.47859954833984,0.21681129067019816,,0,-0.07320905488286067,1,22.0
SPY,2000-11-20,85.24250793457031,0.2206043133633817,,0,-0.059769768044231286,1,21.0
SPY,2000-11-21,85.67762756347656,0.22133160191928022,,0,-0.06454479089733178,1,20.0
SPY,2000-11-22,83.63059997558594,0.22186351951974545,,0,-0.041647638170600576,0,
SPY,2000-11-24,85.34139251708984,0.2346924951464033,,0,-0.06085920742665718,1,18.0
SPY,2000-11-27,86.09293365478516,0.2261995045165807,,0,-0.06905735923475764,1,17.0
SPY,2000-11-28,84.609619140625,0.22984826213523257,,0,-0.052736747643272075,1,16.0
SPY,2000-11-29,84.4513931274414,0.21796899363073172,,0,-0.05096197895911836,1,15.0
SPY,2000-11-30,83.71959686279297,0.21876600148655675,,0,-0.0426664005661016,0,
SPY,2000-12-01,83.68008422851562,0.21820742669216756,,0,-0.042214360241995985,0,
SPY,2000-12-04,84.39204406738281,0.22208769418774077,,0,-0.05029456397787124,1,12.0
SPY,2000-12-05,87.16095733642578,0.25371282717464017,,0,-0.08046463167611739,1,10.0
SPY,2000-12-06,85.7666015625,0.2583449253622335,,0,-0.06551522914887564,1,10.0
SPY,2000-12-07,84.5898208618164,0.25145352953301087,,0,-0.05251504032926868,1,9.0
SPY,2000-12-08,84.78758239746094,0.2519826416775737,,0,-0.05472498753293131,1,8.0
SPY,2000-12-11,87.7344970703125,0.2685019671036317,,0,-0.08647583693811645,1,4.0
SPY,2000-12-12,87.35872650146484,0.26730761923953256,,0,-0.08254634405105965,1,5.0
SPY,2000-12-13,86.16214752197266,0.25486395182321786,,0,-0.06980518344933717,1,5.0
SPY,2000-12-14,85.06451416015625,0.25763753934853784,,0,-0.057802377417760065,1,4.0
SPY,2000-12-15,83.1431655883789,0.2638265249191453,,0,-0.03602921009042148,0,
SPY,2000-12-18,84.25414276123047,0.26913665535272485,,0,-0.048740152339519116,0,
SPY,2000-12-19,82.53809356689453,0.27397590660507554,,0,-0.028962512408220342,0,
SPY,2000-12-20,80.1475830078125,0.2896765820818747,,0,0.006930155094133195,0,
SPY,2000-12-21,80.70301818847656,0.28089019031552453,,0,0.01327483908440863,0,
SPY,2000-12-22,83.12334442138672,0.292273476426058,,0,-0.0162289746908324,0,
SPY,2000-12-26,84.01608276367188,0.2932272747578441,,0,-0.026682331779535273,0,
SPY,2000-12-27,84.63108825683594,0.2882310015282087,,0,-0.03375533207858161,0,
SPY,2000-12-28,84.8889389038086,0.28833265097249533,,0,-0.03669030589230471,0,
SPY,2000-12-29,83.28205108642578,0.29491457033473545,,0,-0.018103700595779815,0,
SPY,2001-01-02,81.77433776855469,0.30176952103873456,,0,0.002910622423688114,0,
SPY,2001-01-03,85.70235443115234,0.34569075552051975,,0,-0.04305602180825219,0,
SPY,2001-01-04,84.77986145019531,0.32692671085882286,,0,-0.03264347703699677,0,
SPY,2001-01-05,82.0123519897461,0.3423749507434414,,0,-0.0061725529588615435,0,
SPY,2001-01-08,82.64718627929688,0.34124514497230746,,0,-0.035083762803326035,0,
SPY,2001-01-09,82.42899322509766,0.3410260376615018,,0,-0.032529588445458835,0,
SPY,2001-01-10,83.87723541259766,0.3225322576935706,,0,-0.054229609957543,1,30.0
SPY,2001-01-11,83.95658111572266,0.3226278206323701,,0,-0.05512343883427262,1,27.0
SPY,2001-01-12,83.79783630371094,0.31960341466482706,,0,-0.05333348507540825,1,28.0
SPY,2001-01-16,84.33348083496094,0.3177556246991712,,0,-0.06694872458760182,1,25.0
SPY,2001-01-17,84.72032928466797,0.306821003737059,,0,-0.07120920660458774,1,24.0
SPY,2001-01-18,85.56348419189453,0.3052531030160482,,0,-0.08288487796274568,1,23.0
SPY,2001-01-19,85.07747650146484,0.2958755538428048,,0,-0.07764582973695833,1,22.0
SPY,2001-01-22,85.6428451538086,0.27269061699194597,,0,-0.08373472289888828,1,21.0
SPY,2001-01-23,86.31736755371094,0.2728748808413639,,0,-0.09089482834664597,1,19.0
SPY,2001-01-24,86.57526397705078,0.25475348644676904,,0,-0.09360293412003762,1,18.0
SPY,2001-01-25,86.35700225830078,0.2531152321309529,,0,-0.09314951826510942,1,17.0
SPY,2001-01-26,86.2578353881836,0.25226922752180264,,0,-0.13096627477105716,1,16.0
SPY,2001-01-29,86.71807861328125,0.25264917098379236,,0,-0.1355785412189987,1,15.0
SPY,2001-01-30,87.4798812866211,0.24228076418970623,,0,-0.1462263356974779,1,13.0
SPY,2001-01-31,86.98468780517578,0.23189207414437954,,0,-0.14136590377710112,1,13.0
SPY,2001-02-01,87.5624008178711,0.16548372430861238,,0,-0.1639259773848153,1,11.0
SPY,2001-02-02,85.57535552978516,0.18184536881449212,,0,-0.14451247992583804,1,12.0
SPY,2001-02-05,86.20389556884766,0.1325875024261818,,0,-0.1567314814331321,1,10.0
SPY,2001-02-06,85.94993591308594,0.13242260575578166,,0,-0.1686072594253495,1,9.0
SPY,2001-02-07,85.50556182861328,0.1338923405984883,,0,-0.17277313128798555,1,9.0
SPY,2001-02-08,84.50885009765625,0.12876460570816067,,0,-0.16301667710294654,1,8.0
SPY,2001-02-09,83.6962890625,0.13355699280622785,,0,-0.15489086838574184,1,9.0
SPY,2001-02-12,84.6548843383789,0.1394553525275227,,0,-0.16446051847148735,1,6.0
SPY,2001-02-13,83.96292114257812,0.1409204619382782,,0,-0.15757459118372175,1,5.0
SPY,2001-02-14,83.83596801757812,0.1398248098680662,,0,-0.15629890318538897,1,6.0
SPY,2001-02-15,84.64854431152344,0.13957312860639248,,0,-0.16439793803617364,1,3.0
SPY,2001-02-16,82.78211212158203,0.15882095408700006,,0,-0.14555818453797675,1,9.0
SPY,2001-02-20,81.5061264038086,0.16344210411970103,,0,-0.13788312477634213,1,14.0
SPY,2001-02-21,79.74761199951172,0.17226786746501688,,0,-0.11887258759213781,1,13.0
SPY,2001-02-22,79.86822509765625,0.17155894829674648,,0,-0.12020322323529431,1,12.0
SPY,2001-02-23,79.32860565185547,0.17172781540864976,,0,-0.1142185542096138,1,11.0
SPY,2001-02-26,81.01727294921875,0.19372977968399177,,0,-0.13268116231362825,1,10.0
SPY,2001-02-27,80.2681655883789,0.19220807495558898,,0,-0.12458685841689154,1,9.0
SPY,2001-02-28,78.68746185302734,0.1941564984898083,,0,-0.1070012254546685,1,10.0
SPY,2001-03-01,79.10009765625,0.1977007766701927,,0,-0.11165966808027306,1,7.0
SPY,2001-03-02,78.47156524658203,0.19330708040515382,,0,-0.1045443430874271,1,10.0
SPY,2001-03-05,79.1889419555664,0.18829897055909203,,0,-0.11265632206244391,1,5.0
SPY,2001-03-06,80.03965759277344,0.19130999743402005,,0,-0.12208761106469024,1,4.0
SPY,2001-03-07,80.61103057861328,0.19513660481000056,,0,-0.12831027587087418,1,3.0
SPY,2001-03-08,80.69986724853516,0.19556685233673426,,0,-0.12926985628825283,1,2.0
SPY,2001-03-09,78.3128890991211,0.21622556192520123,,0,-0.10272998716855464,1,5.0
SPY,2001-03-12,74.96096801757812,0.2582310627474626,,0,-0.06260806303410671,1,8.0
SPY,2001-03-13,76.19258117675781,0.2630345637279944,,0,-0.07776051261706307,1,6.0
SPY,2001-03-14,74.68801879882812,0.26802744604549056,,0,-0.059182340930718835,1,6.0
SPY,2001-03-15,74.70706939697266,0.26848026032603706,,0,-0.05942225315448679,1,5.0
SPY,2001-03-16,73.20864868164062,0.2666949742684268,,0,-0.04017068649352351,0,
SPY,2001-03-19,74.69815826416016,0.2772938132473675,,0,-0.05931004673042761,1,3.0
SPY,2001-03-20,72.69303131103516,0.28605859206393736,,0,-0.03336254191715149,0,
SPY,2001-03-21,71.4581527709961,0.28303482742393654,,0,-0.01665794199823345,0,
SPY,2001-03-22,70.73249816894531,0.28224689545404935,,0,-0.0065696981463804205,0,
SPY,2001-03-23,72.87126922607422,0.3095615140233557,,0,-0.03572686803575986,0,
SPY,2001-03-26,73.80060577392578,0.3017981874139047,,0,-0.047869509064897175,0,
SPY,2001-03-27,75.3092041015625,0.31375760766121213,,0,-0.06694264206972234,1,5.0
SPY,2001-03-28,73.22772216796875,0.32075561644619077,,0,-0.0404206914198888,0,
SPY,2001-03-29,73.50779724121094,0.3202788542203801,,0,-0.04407682390132284,0,
SPY,2001-03-30,74.27803039550781,0.32363634280015047,,0,-0.05398936088260098,1,2.0
SPY,2001-04-02,72.69303131103516,0.3270395974893017,,0,-0.03336254191715149,0,
SPY,2001-04-03,70.26780700683594,0.3381213929078281,,0,0.004166928153767957,0,
SPY,2001-04-04,70.56060791015625,0.3367019532325021,,0,0.02210256343717698,0,
SPY,2001-04-05,73.23409271240234,0.37041249855837605,,0,-0.015210326891336612,0,
SPY,2001-04-06,72.12017822265625,0.3607129186490868,,0,0.011120142990495241,0,
SPY,2001-04-09,72.92216491699219,0.33219212425277594,,0,0.018244299519546647,0,
SPY,2001-04-10,74.25257873535156,0.33350833249102113,,0,0.0006855427943308623,0,
SPY,2001-04-11,74.30348205566406,0.32616206358190447,,0,0.007453353521360118,0,
SPY,2001-04-12,75.6529769897461,0.3325511835540192,,0,-0.010517561186798696,0,
SPY,2001-04-16,74.85729217529297,0.3261968715756413,,0,0.014115603878840588,0,
SPY,2001-04-17,75.91394805908203,0.3221575675132506,,0,0.019452989504826768,0,
SPY,2001-04-18,78.93115234375,0.3313479701836339,,0,-0.019516388701585563,0,
SPY,2001-04-19,79.98140716552734,0.32293980559954916,,0,-0.0323913514827312,0,
SPY,2001-04-20,79.24945068359375,0.3223000474164026,,0,-0.023454413546278863,0,
SPY,2001-04-23,77.81083679199219,0.319810310813841,,0,-0.005399447112617528,0,
SPY,2001-04-24,77.39070129394531,0.3192081320079666,,0,0.013078195705455764,0,
SPY,2001-04-25,78.40283203125,0.3148390115194261,,0,0.004465272717647961,0,
SPY,2001-04-26,78.75292205810547,0.29416549374626877,,0,0.011558079626222906,0,
SPY,2001-04-27,80.06417846679688,0.29769945769219763,,0,-0.005008780111475208,0,
SPY,2001-04-30,80.62433624267578,0.2970047338966771,,0,-0.01192173089936377,0,
SPY,2001-05-01,80.87261199951172,0.28121865688484665,,0,-0.017710057466249207,0,
SPY,2001-05-02,80.72618865966797,0.2421365225720425,,0,-0.038006725865548985,0,
SPY,2001-05-03,79.70136260986328,0.25197618049321513,,0,-0.025637103379974602,0,
SPY,2001-05-04,81.05721282958984,0.22788587937502808,,0,-0.04503812993025158,0,
SPY,2001-05-07,80.35700225830078,0.22111046605432577,,0,-0.0367168339907713,0,
SPY,2001-05-08,80.31880187988281,0.22099092996364603,,0,-0.03625868744719807,0,
SPY,2001-05-09,79.98140716552734,0.21740092003244305,,0,-0.03219322728108254,0,
SPY,2001-05-10,80.2169418334961,0.21713114560073532,,0,-0.035034921836621824,0,
SPY,2001-05-11,79.66315460205078,0.213553974741106,,0,-0.028326860352652528,0,
SPY,2001-05-14,79.82229614257812,0.2078691595989149,,0,-0.030264083006036446,0,
SPY,2001-05-15,80.1915054321289,0.20403034692387603,,0,-0.03472883905514501,0,
SPY,2001-05-16,82.08202362060547,0.1722161354622477,,0,-0.05696102347365917,1,20.0
SPY,2001-05-17,82.20934295654297,0.1669981661845995,,0,-0.05842152774162268,1,19.0
SPY,2001-05-18,82.58489227294922,0.16253103059643337,,0,-0.06270329335113356,1,18.0
SPY,2001-05-21,83.8006820678711,0.149257076879537,,0,-0.07630170022131433,1,16.0
SPY,2001-05-22,83.69247436523438,0.146609473098011,,0,-0.07510743189902402,1,15.0
SPY,2001-05-23,82.27299499511719,0.16018907949753824,,0,-0.07629738106246786,1,15.0
SPY,2001-05-24,82.51486206054688,0.16002235007560892,,0,-0.07900493260158581,1,14.0
SPY,2001-05-25,81.54096221923828,0.15837491656591585,,0,-0.07418951270975327,1,15.0
SPY,2001-05-29,80.8917007446289,0.1596865411835353,,0,-0.06675867522390888,1,27.0
SPY,2001-05-30,79.7586441040039,0.16701266194901998,,0,-0.05350098645271606,1,28.0
SPY,2001-05-31,80.17237091064453,0.16822858910634006,,0,-0.05838536257775129,1,25.0
SPY,2001-06-01,80.66890716552734,0.1630224648296496,,0,-0.06418122398255632,1,24.0
SPY,2001-06-04,81.05721282958984,0.15233093888703603,,0,-0.06866427636714256,1,23.0
SPY,2001-06-05,81.98653411865234,0.15382682916146742,,0,-0.07922101137906368,1,7.0
SPY,2001-06-06,81.30546569824219,0.15732460900160747,,0,-0.07150795683910938,1,21.0
SPY,2001-06-07,81.59828186035156,0.1565906749061552,,0,-0.07483985881582944,1,7.0
SPY,2001-06-08,80.84078979492188,0.1605785775303206,,0,-0.06617094961817538,1,19.0
SPY,2001-06-11,80.26786041259766,0.16069153418923737,,0,-0.0631634135925464,1,18.0
SPY,2001-06-12,80.12785339355469,0.16074081644139684,,0,-0.061526483458538284,1,17.0
SPY,2001-06-13,79.44035339355469,0.16276039228051262,,0,-0.05340465978756492,1,28.0
SPY,2001-06-14,77.65805053710938,0.15537643893704497,,0,-0.031679679993586674,0,
SPY,2001-06-15,77.783203125,0.15539884659800637,,0,-0.03323770009416194,0,
SPY,2001-06-18,77.40654754638672,0.15308881111448253,,0,-0.028533493215094907,0,
SPY,2001-06-19,77.7448959350586,0.14108667708708847,,0,-0.03276134796061969,0,
SPY,2001-06-20,78.15339660644531,0.14446165707442768,,0,-0.037817016119726765,0,
SPY,2001-06-21,79.04075622558594,0.14395461255851472,,0,-0.04861906770540236,0,
SPY,2001-06-22,78.42152404785156,0.14414441824227772,,0,-0.041106771894876326,0,
SPY,2001-06-25,77.70018768310547,0.1421743595318037,,0,-0.03220480426820882,0,
SPY,2001-06-26,77.59164428710938,0.14065951265902282,,0,-0.030850950020904433,0,
SPY,2001-06-27,77.54700469970703,0.13332824659362852,0.29091470863035007,0,-0.030293063692606315,0,
SPY,2001-06-28,77.97467803955078,0.133546500981552,0.29091470863035007,0,-0.03561168525728753,0,
SPY,2001-06-29,78.26192474365234,0.1319552703236595,0.29091470863035007,0,-0.039151303862264064,0,
SPY,2001-07-02,79.2386474609375,0.139333163119066,0.29091470863035007,0,-0.05099505409606497,1,15.0
SPY,2001-07-03,79.2194595336914,0.1313417016366315,0.29091470863035007,0,-0.05076519342842889,1,14.0
SPY,2001-07-05,77.67464447021484,0.14446129096733012,0.29091470863035007,0,-0.031886545988589865,0,
SPY,2001-07-06,75.99578094482422,0.15830091062621773,0.29091470863035007,0,-0.019319402155564158,0,
SPY,2001-07-09,76.41073608398438,0.15983638064260905,0.29091470863035007,0,-0.024645073321759026,0,
SPY,2001-07-10,75.4914779663086,0.16257338630319856,0.29091470863035007,0,-0.02063231272850974,0,
SPY,2001-07-11,75.56806945800781,0.16316505507291693,0.29091470863035007,0,-0.021624944042610172,0,
SPY,2001-07-12,77.36190795898438,0.1864092821128533,0.29091470863035007,0,-0.044311132763575456,0,
SPY,2001-07-13,78.03215789794922,0.17133920737015332,0.29091470863035007,0,-0.05251993311191783,1,27.0
SPY,2001-07-16,77.05545806884766,0.17715430370047833,0.29091470863035007,0,-0.04051035400358405,0,
SPY,2001-07-17,77.77680206298828,0.17962783548761016,0.29091470863035007,0,-0.049409178270222176,0,
SPY,2001-07-18,77.24697875976562,0.18061359501901433,0.29091470863035007,0,-0.04520304168449396,0,
SPY,2001-07-19,77.92364501953125,0.18244869346715198,0.29091470863035007,0,-0.07168074200615493,1,23.0
SPY,2001-07-20,77.4576187133789,0.17834918282397785,0.29091470863035007,0,-0.06609547871096111,1,29.0
SPY,2001-07-23,75.93194580078125,0.18925674568015208,0.29091470863035007,0,-0.04733087553825388,0,
SPY,2001-07-24,75.19786834716797,0.18951733614139377,0.29091470863035007,0,-0.03803097195864391,0,
SPY,2001-07-25,76.02772521972656,0.19474133725474285,0.2916733768084134,0,-0.06994155405873259,1,30.0
SPY,2001-07-26,76.82566833496094,0.1989538185404517,0.29240845654855757,0,-0.09663471402408053,1,25.0
SPY,2001-07-27,77.11929321289062,0.1983725325793272,0.2930275928600511,0,-0.10007419733324896,1,24.0
SPY,2001-07-30,77.1447982788086,0.19778118557756502,0.2949507217551952,0,-0.13694633340595674,1,23.0
SPY,2001-07-31,77.46399688720703,0.1926137363748642,0.2949507217551952,0,-0.14256284199882185,1,22.0
SPY,2001-08-01,77.94915008544922,0.19437906980715555,0.2949507217551952,0,-0.16509710186532167,1,14.0
SPY,2001-08-02,78.268310546875,0.181647538730398,0.2949507217551952,0,-0.19492651370766745,1,13.0
SPY,2001-08-03,77.84061431884766,0.16345713790978708,0.2949507217551952,0,-0.19923721358754642,1,12.0
SPY,2001-08-06,76.79375457763672,0.17065008831568126,0.2949507217551952,0,-0.18832113938378292,1,18.0
SPY,2001-08-07,77.09374237060547,0.164633413962769,0.2949507217551952,0,-0.19147955072182798,1,17.0
SPY,2001-08-08,75.66387939453125,0.17897067509364853,0.2949507217551952,0,-0.1762004840777074,1,20.0
SPY,2001-08-09,75.88723754882812,0.15684730002004013,0.2949507217551952,0,-0.17862516502974057,1,19.0
SPY,2001-08-10,76.14897918701172,0.15369185263632326,0.2949507217551952,0,-0.1814484201431139,1,14.0
SPY,2001-08-13,76.16817474365234,0.14773167008290475,0.2949507217551952,0,-0.18165470778578485,1,13.0
SPY,2001-08-14,76.1362075805664,0.14304892117705983,0.2949507217551952,0,-0.18131111072141648,1,16.0
SPY,2001-08-15,75.47874450683594,0.14417607564909218,0.2949507217551952,0,-0.17417986182358502,1,15.0
SPY,2001-08-16,75.74046325683594,0.14055910727622714,0.2949507217551952,0,-0.17703345691654682,1,14.0
SPY,2001-08-17,74.527587890625,0.14928306884001352,0.2949507217551952,0,-0.16364035141598288,1,13.0
SPY,2001-08-20,75.2170181274414,0.13815896798635008,0.2949507217551952,0,-0.17130632442238414,1,12.0
SPY,2001-08-21,73.93391418457031,0.14707634510463788,0.2949507217551952,0,-0.1569245601901872,1,12.0
SPY,2001-08-22,74.69991302490234,0.14638171382225224,0.2949507217551952,0,-0.16556974842476313,1,10.0
SPY,2001-08-23,74.43184661865234,0.14033738733750292,0.2949507217551952,0,-0.1625645466332224,1,9.0
SPY,2001-08-24,75.97663879394531,0.1600469448976262,0.2949507217551952,0,-0.17959167176286173,1,8.0
SPY,2001-08-27,75.52339935302734,0.16104955086987993,0.2949507217551952,0,-0.17466814587287227,1,7.0
SPY,2001-08-28,74.4190444946289,0.16679810695603603,0.2949507217551952,0,-0.16242048468498815,1,7.0
SPY,2001-08-29,73.75518035888672,0.1655523783249224,0.2949507217551952,0,-0.15488150236070508,1,6.0
SPY,2001-08-30,72.33802032470703,0.1734643169037746,0.2949507217551952,0,-0.13832495085951158,1,7.0
SPY,2001-08-31,72.86788177490234,0.17783451513442933,0.2949507217551952,0,-0.14459065229083756,1,6.0
SPY,2001-09-04,72.40184783935547,0.1741540929201269,0.2949507217551952,0,-0.13908458032288162,1,5.0
SPY,2001-09-05,72.58061218261719,0.1734803208551698,0.2949507217551952,0,-0.14120499478308546,1,4.0
SPY,2001-09-06,70.7102279663086,0.18401086688343465,0.2949507217551952,0,-0.11848866831942706,1,3.0
SPY,2001-09-07,69.40164184570312,0.1900532786986571,0.2949507217551952,0,-0.1018675414538951,1,4.0
SPY,2001-09-10,70.25054931640625,0.19724507371308903,0.2962093877874613,0,-0.11272057194489937,1,1.0
SPY,2001-09-17,66.5801010131836,0.2634486732983369,0.2966114716858183,0,-0.06380635851430771,1,3.0
SPY,2001-09-18,66.4205093383789,0.2629131555766567,0.29711528861766917,0,-0.06155692211771158,1,2.0
SPY,2001-09-19,65.07997131347656,0.26725816504458927,0.29799476333983416,0,-0.04222657201586555,0,
SPY,2001-09-20,63.0117416381836,0.2778915924039721,0.3022381240982458,0,-0.010789646540320885,0,
SPY,2001-09-21,62.33186721801758,0.27677017977397794,0.30892462989209324,0,0.03515664851582856,0,
SPY,2001-09-24,64.52324676513672,0.31127616390928686,0.3160673507550157,0,0.006851920454439275,0,
SPY,2001-09-25,65.19599151611328,0.31543335643629844,0.32233465249973037,0,-0.003537588605009301,0,
SPY,2001-09-26,64.9653549194336,0.30954462913693576,0.3247776394465495,0,0.008679012755986815,0,
SPY,2001-09-27,65.52919006347656,0.3143305040860589,0.32538748474341284,0,0.01955608087607441,0,
SPY,2001-09-28,66.91966247558594,0.3148510328724683,0.32562737594131563,0,-0.0016284940397619518,0,
SPY,2001-10-01,66.81068420410156,0.31529658877488675,0.3258990492248838,0,0.012563649008051847,0,
SPY,2001-10-02,67.65007019042969,0.32021088866063974,0.3265274352473811,0,0.0020835612375282864,0,
SPY,2001-10-03,68.78419494628906,0.32853951323705155,0.32713231524217445,1,-0.014438952039346531,0,
SPY,2001-10-04,68.84186553955078,0.3233520346890499,0.32773007113404323,0,-0.015264581761697427,0,
SPY,2001-10-05,68.70732879638672,0.32130365539164985,0.3295277361374539,0,-0.013336358115560665,0,
SPY,2001-10-08,68.25880432128906,0.32132313350487673,0.33119643249527075,0,-0.006853050995337062,0,
SPY,2001-10-09,67.89360809326172,0.32077552989553076,0.33157604701347887,0,-0.0015109646069519922,0,
SPY,2001-10-10,69.40572357177734,0.3209632332739684,0.33183155098020445,0,-0.02326465649065579,0,
SPY,2001-10-11,70.482177734375,0.3187518652170977,0.33239634107926924,0,-0.038182056322416336,0,
SPY,2001-10-12,70.16179656982422,0.31634614038328707,0.3329634102806147,0,-0.033790088500232796,0,
SPY,2001-10-15,70.03369140625,0.24542008332584905,0.33621539902824105,0,-0.032022703741921066,0,
SPY,2001-10-16,70.47576141357422,0.2450441949421211,0.3396375955341946,0,-0.03809448958521766,0,
SPY,2001-10-17,68.97645568847656,0.24648068913670873,0.34014237044053897,0,-0.017186044458936678,0,
SPY,2001-10-18,68.82907104492188,0.20988295216538713,0.34014237044053897,0,-0.01508153131762957,0,
SPY,2001-10-19,68.78419494628906,0.20305789512094768,0.3398040316812154,0,-0.014438952039346531,0,
SPY,2001-10-22,70.1426010131836,0.17966706744305416,0.33621539902824105,0,-0.033525670916410344,0,
SPY,2001-10-23,69.78376770019531,0.18099636537007086,0.3329634102806147,0,-0.02855598818283933,0,
SPY,2001-10-24,69.59791564941406,0.18057636574921643,0.33239634107926924,0,-0.025961875124556832,0,
SPY,2001-10-25,70.8473892211914,0.18688221979887268,0.33183155098020445,0,-0.04314013544316575,0,
SPY,2001-10-26,70.6872329711914,0.1766181706845455,0.33157604701347887,0,-0.040972175526763466,0,
SPY,2001-10-29,68.8482894897461,0.20436560497740855,0.33119643249527075,0,-0.01535646336586216,0,
SPY,2001-10-30,68.02172088623047,0.20545389048817797,0.3295277361374539,0,-0.0033915288944510458,0,
SPY,2001-10-31,67.79102325439453,0.19641264273781348,0.32773007113404323,0,0.025614188501385193,0,
SPY,2001-11-01,69.52743530273438,0.21708933198115762,0.32713231524217445,0,0.0068198527394629505,0,
SPY,2001-11-02,70.00160217285156,0.2179997064840448,0.3269765250860824,0,0.013089343614615334,0,
SPY,2001-11-05,70.91787719726562,0.2201371946572792,0.3269765250860824,0,0.012197499222191599,0,
SPY,2001-11-06,72.01996612548828,0.22336664385552055,0.3269765250860824,0,-0.003291700746657744,0,
SPY,2001-11-07,71.92384338378906,0.21200757762972927,0.3265274352473811,0,-0.0019596482604276044,0,
SPY,2001-11-08,72.14811706542969,0.20594781747717833,0.3258990492248838,0,-0.005062074120101068,0,
SPY,2001-11-09,72.22501373291016,0.2048392894712913,0.32566535818641973,0,-0.006121366557663266,0,
SPY,2001-11-12,71.78289794921875,0.20632093133926432,0.3255960157266324,0,0.00026751756454213016,0,
SPY,2001-11-13,73.39759826660156,0.21889624367108151,0.3255960157266324,0,-0.021737729422049212,0,
SPY,2001-11-14,73.46805572509766,0.20062384171765335,0.32538748474341284,0,-0.02267590415183174,0,
SPY,2001-11-15,73.60264587402344,0.1997275817327278,0.3247776394465495,0,-0.024463043649970206,0,
SPY,2001-11-16,73.27583312988281,0.20118729488387793,0.32233465249973037,0,-0.020112115163763322,0,
SPY,2001-11-19,74.17929077148438,0.19486601841663223,0.3191711642781264,0,-0.03204654036870758,0,
SPY,2001-11-20,73.55779266357422,0.19697555950198398,0.3164178973463373,0,-0.023868192134994914,0,
SPY,2001-11-21,73.07080841064453,0.19889064095498923,0.31331408382322656,0,-0.017362710266741854,0,
SPY,2001-11-23,74.12165069580078,0.19565577477477045,0.3106425682036344,0,-0.03129381953548804,0,
SPY,2001-11-26,74.28181457519531,0.19492851318504018,0.309201561612332,0,-0.033382510297068735,0,
SPY,2001-11-27,73.96145629882812,0.16509822532493051,0.30855128097401724,0,-0.029195682070533135,0,
SPY,2001-11-28,72.62226104736328,0.17410927233859896,0.3077198849696019,0,-0.011293505603942489,0,
SPY,2001-11-29,73.60264587402344,0.17578314635569958,0.30690367083652487,0,-0.024463043649970206,0,
SPY,2001-11-30,73.07720947265625,0.16105462443424431,0.30629696392596345,0,-0.01744878254935911,0,
SPY,2001-12-03,72.64153289794922,0.1628978278553181,0.30531618153361784,0,-0.011555810143414669,0,
SPY,2001-12-04,73.87176513671875,0.16684657588634927,0.3031838925036192,0,-0.028016983182064137,0,
SPY,2001-12-05,75.2237548828125,0.1699839184662226,0.30135835245114845,0,-0.04548634607364421,0,
SPY,2001-12-06,75.18524169921875,0.16978330045405032,0.3002635675877859,0,-0.04499740224948956,0,
SPY,2001-12-07,74.68548583984375,0.17262577357209766,0.2990110502048846,0,-0.03860702882448941,0,
SPY,2001-12-10,73.28865051269531,0.18751766167027048,0.29838334462158067,0,-0.02028348682970904,0,
SPY,2001-12-11,73.14129638671875,0.18607853806551605,0.2979473801507373,0,-0.018309700779490456,0,
SPY,2001-12-12,73.22459411621094,0.1682517763339662,0.29711528861766917,0,-0.019426437225441906,0,
SPY,2001-12-13,71.8021011352539,0.18181195771798628,0.2966114716858183,0,-0.012498771416534105,0,
SPY,2001-12-14,72.48774719238281,0.18548182877894387,0.2962093877874613,0,-0.021839333787595838,0,
SPY,2001-12-17,73.2374038696289,0.18894225772787954,0.29566547491130474,0,-0.031851767818585675,0,
SPY,2001-12-18,73.67312622070312,0.18477906198892702,0.29504115167984807,0,-0.03757765248717859,0,
SPY,2001-12-19,74.19210815429688,0.1839569765076107,0.29405131313443794,0,-0.04803708321284739,0,
SPY,2001-12-20,73.46167755126953,0.1859658899847841,0.2934169703336285,0,-0.04452220216312175,0,
SPY,2001-12-21,73.9072494506836,0.17993747402471905,0.2930275928600511,0,-0.054371704597761306,1,29.0
SPY,2001-12-24,73.76579284667969,0.17982691252783725,0.29254883849628055,0,-0.05848512147015661,1,29.0
SPY,2001-12-26,74.17081451416016,0.18031791148863174,0.2923458987012543,0,-0.06362641496352961,1,27.0
SPY,2001-12-27,74.62091064453125,0.16759507617876748,0.2922055167535313,0,-0.06927440456277623,1,25.0
SPY,2001-12-28,74.58235168457031,0.1614918060808906,0.2918403052964238,0,-0.06879322087577122,1,24.0
SPY,2001-12-31,73.48929595947266,0.16847819434150174,0.2914016762227229,0,-0.054942756153224304,1,26.0
SPY,2002-01-02,74.28014373779297,0.17064948392060658,0.29091470863035007,0,-0.06500461634994159,1,23.0
SPY,2002-01-03,75.12239074707031,0.16495380864342643,0.2902776450668592,0,-0.07548747049949611,1,17.0
SPY,2002-01-04,75.62393951416016,0.15363150411988846,0.2894406125850135,0,-0.0816189696293883,1,16.0
SPY,2002-01-07,75.09027862548828,0.15582663690198192,0.2886163584978399,0,-0.0750921056227789,1,15.0
SPY,2002-01-08,74.9166488647461,0.1541357368201951,0.28763855429220675,0,-0.0729485028476573,1,14.0
SPY,2002-01-09,74.30584716796875,0.14071007526791576,0.2860224570995079,0,-0.06532804430984362,1,18.0
SPY,2002-01-10,74.63377380371094,0.14091907353949737,0.2846779611300381,0,-0.06943481547162567,1,16.0
SPY,2002-01-11,73.90077209472656,0.14610812966407075,0.28408056136615933,0,-0.06020479187043337,1,16.0
SPY,2002-01-14,73.4378433227539,0.12839984318045222,0.2836492525560237,0,-0.05428062223362695,1,17.0
SPY,2002-01-15,74.03582000732422,0.12728391294488536,0.28293092121522867,0,-0.06191906181590867,1,14.0
SPY,2002-01-16,72.53772735595703,0.14343873280380295,0.28186247417202187,0,-0.04254525164696066,0,
SPY,2002-01-17,73.08422088623047,0.144476866470264,0.28079991110185737,0,-0.04970470165079999,0,
SPY,2002-01-18,72.74990844726562,0.14242886619327869,0.2799686264337945,0,-0.04533774716647598,0,
SPY,2002-01-22,72.24844360351562,0.1403347434871496,0.27936586513377704,0,-0.03871158979098488,0,
SPY,2002-01-23,72.80133819580078,0.14146680731209266,0.2790333210377251,0,-0.04601215839044537,0,
SPY,2002-01-24,73.02637481689453,0.14203501950360395,0.27858578907279596,0,-0.04895194830852112,0,
SPY,2002-01-25,73.0071029663086,0.14028068653760628,0.2776956680759032,0,-0.048700897996872716,0,
SPY,2002-01-28,73.20635223388672,0.13861695658554782,0.27659244665427124,0,-0.05129009474739876,1,8.0
SPY,2002-01-29,70.9046630859375,0.17690092328319734,0.27597588254328403,0,-0.020493314980950417,0,
SPY,2002-01-30,71.92694854736328,0.18030575647214347,0.274804252481072,0,-0.03441487656096043,0,
SPY,2002-01-31,72.76920318603516,0.18114715308118684,0.2732205467112331,0,-0.04559087566005682,0,
SPY,2002-02-01,72.42843627929688,0.17554502232006094,0.2727429948993588,0,-0.0411004978226841,0,
SPY,2002-02-04,70.62813568115234,0.19083634530489915,0.2727429948993588,0,-0.01665829315904055,0,
SPY,2002-02-05,70.19100189208984,0.19063899589066882,0.2727429948993588,0,-0.010534261948951462,0,
SPY,2002-02-06,69.88878631591797,0.19062388281036055,0.2727429948993588,0,-0.006255579002939049,0,
SPY,2002-02-07,69.45159149169922,0.1901171998556879,0.2732205467112331,0,0.002592396771274652,0,
SPY,2002-02-08,70.782470703125,0.2045270744691717,0.274804252481072,0,-0.016258730706217084,0,
SPY,2002-02-11,71.65047454833984,0.2091339640875812,0.27597588254328403,0,-0.028176184286618056,0,
SPY,2002-02-12,71.42543029785156,0.2084867321557075,0.27659244665427124,0,-0.025114202562435683,0,
SPY,2002-02-13,72.18413543701172,0.21014702260842577,0.2776956680759032,0,-0.035360925892045314,0,
SPY,2002-02-14,72.0490951538086,0.19763844849828896,0.27858578907279596,0,-0.033552920760568594,0,
SPY,2002-02-15,71.29682922363281,0.19849085055174348,0.2790333210377251,0,-0.023355760256427494,0,
SPY,2002-02-19,69.92736053466797,0.20851156068336352,0.27936586513377704,0,-0.004229002198347986,0,
SPY,2002-02-20,71.10395812988281,0.21772597428485532,0.2799686264337945,0,-0.020706590678836734,0,
SPY,2002-02-21,69.63163757324219,0.22648511830023133,0.28079991110185737,0,0.012372410882374618,0,
SPY,2002-02-22,70.49314880371094,0.23165089732717334,0.28186247417202187,0,0.013772341417092715,0,
SPY,2002-02-25,71.65691375732422,0.24044278724428267,0.28293092121522867,0,-0.002692123210552566,0,
SPY,2002-02-26,71.50904846191406,0.24007699412419403,0.2836492525560237,0,-0.0006299055333743864,0,
SPY,2002-02-27,71.7854995727539,0.21109854734957073,0.28408056136615933,0,-0.006656981684372787,0,
SPY,2002-02-28,71.46400451660156,0.20539097836586712,0.2846779611300381,0,-0.002188230295304905,0,
SPY,2002-03-01,73.12928009033203,0.21780015616294435,0.28512785891575876,0,-0.02508596324688439,0,
SPY,2002-03-04,74.42158508300781,0.2252597426950177,0.28512785891575876,0,-0.04201500709512429,0,
SPY,2002-03-05,74.18366241455078,0.20338155105020228,0.28512785891575876,0,-0.03894254695450694,0,
SPY,2002-03-06,75.06453704833984,0.20325444641767731,0.28512785891575876,0,-0.050220457473778235,1,25.0
SPY,2002-03-07,74.90376281738281,0.20231165428448328,0.28512785891575876,0,-0.04818184059012898,0,
SPY,2002-03-08,75.2188491821289,0.19901281800548756,0.28512785891575876,0,-0.05216893859825733,1,23.0
SPY,2002-03-11,75.37955474853516,0.19100298326558005,0.28555581199953634,0,-0.05461790100533914,1,22.0
SPY,2002-03-12,75.33453369140625,0.1883486330416023,0.28512785891575876,0,-0.06355329540031807,1,21.0
SPY,2002-03-13,74.6080551147461,0.19234384110204372,0.28512785891575876,0,-0.054434863509426834,1,29.0
SPY,2002-03-14,74.50518798828125,0.190096531732498,0.2851123578233663,0,-0.07061091527517571,1,28.0
SPY,2002-03-15,75.21509552001953,0.19162664632749699,0.2851123578233663,0,-0.08392607342650216,1,18.0
SPY,2002-03-18,75.22798919677734,0.18594661202043677,0.2846779611300381,0,-0.0840830836194052,1,17.0
SPY,2002-03-19,75.7309341430664,0.16694515993002346,0.28408056136615933,0,-0.0901658791048543,1,16.0
SPY,2002-03-20,74.30594635009766,0.17858521243712167,0.2836492525560237,0,-0.07271771271190541,1,24.0
SPY,2002-03-21,74.33818054199219,0.1566465545823276,0.2829681680771114,0,-0.073119796741551,1,23.0
SPY,2002-03-22,74.17698669433594,0.15398510426326487,0.2818997210339046,0,-0.08318877213596554,1,24.0
SPY,2002-03-25,73.2549057006836,0.1537165826381727,0.28079991110185737,0,-0.07490501388977555,1,23.0
SPY,2002-03-26,73.68049621582031,0.15409879661030867,0.2799686264337945,0,-0.08024851280617551,1,22.0
SPY,2002-03-27,73.87390899658203,0.15390968431290897,0.27936586513377704,0,-0.08265655774604885,1,21.0
SPY,2002-03-28,73.84168243408203,0.15250730066096443,0.2790333210377251,0,-0.08225620357207475,1,20.0
SPY,2002-04-01,73.87390899658203,0.12986831533900098,0.2789343765039156,0,-0.08265655774604885,1,19.0
SPY,2002-04-02,73.46769714355469,0.11470352299162692,0.2785713305995355,0,-0.07758445403205427,1,18.0
SPY,2002-04-03,72.95186614990234,0.11663531753792392,0.2776956680759032,0,-0.07106220103499838,1,17.0
SPY,2002-04-04,72.64884185791016,0.10705995094239049,0.27659244665427124,0,-0.0671875251057289,1,17.0
SPY,2002-04-05,72.66172790527344,0.10723068330921702,0.27597588254328403,0,-0.06735295284986709,1,16.0
SPY,2002-04-08,72.81648254394531,0.10601161119487187,0.274804252481072,0,-0.06933507903541858,1,15.0
SPY,2002-04-09,72.30707550048828,0.1066866077330401,0.2731954883888537,0,-0.06277849708882144,1,19.0
SPY,2002-04-10,73.12594604492188,0.11670706969815292,0.2725946223362882,0,-0.0732735829489386,1,12.0
SPY,2002-04-11,71.30762481689453,0.14147076429531902,0.2720960188586886,0,-0.04964236088783813,0,
SPY,2002-04-12,71.84283447265625,0.14563595980982774,0.2716076388384433,0,-0.05672226786274093,1,16.0
SPY,2002-04-15,71.29476165771484,0.14061568773540054,0.2712074702918139,0,-0.049470895252701874,0,
SPY,2002-04-16,72.99056243896484,0.1685145202352805,0.27089247057617305,0,-0.0715546817665984,1,8.0
SPY,2002-04-17,72.83583068847656,0.16572560832665997,0.2706707079283861,0,-0.0695823013054302,1,8.0
SPY,2002-04-18,72.51985931396484,0.1534431675386991,0.2704677509705814,0,-0.06552844127443114,1,12.0
SPY,2002-04-19,72.78421020507812,0.15431952739023055,0.2701824228726469,0,-0.07538973908938096,1,6.0
SPY,2002-04-22,71.57201385498047,0.16413883920261502,0.2698232899144172,0,-0.05972985859740987,1,11.0
SPY,2002-04-23,71.26248168945312,0.1595579123458509,0.26962048497816854,0,-0.055645748050750066,1,28.0
SPY,2002-04-24,70.5467758178711,0.16005186134863342,0.2694711771979983,0,-0.054382279010246615,1,30.0
SPY,2002-04-25,70.5854721069336,0.15939596435711426,0.268948882935944,0,-0.055997014195864336,1,29.0
SPY,2002-04-26,69.24430847167969,0.1700592273416735,0.2681669156480776,0,-0.037713020838498035,0,
SPY,2002-04-29,68.902587890625,0.16959957513773935,0.2677007964458246,0,-0.045854925148374526,0,
SPY,2002-04-30,69.54735565185547,0.17531597538939672,0.2671377734688054,0,-0.05470072493522449,1,29.0
SPY,2002-05-01,70.39848327636719,0.18218696459107914,0.2671377734688054,0,-0.06988480883294845,1,25.0
SPY,2002-05-02,70.1276626586914,0.18213684719008463,0.2671377734688054,0,-0.06767214551534295,1,27.0
SPY,2002-05-03,69.36681365966797,0.184799637663546,0.2671377734688054,0,-0.057445919494256925,1,26.0
SPY,2002-05-06,68.00629425048828,0.19397341619456496,0.2671377734688054,0,-0.03858938371528564,0,
SPY,2002-05-07,67.76774597167969,0.19350828432944017,0.2671377734688054,0,-0.03520513587799046,0,
SPY,2002-05-08,70.28884887695312,0.23496511459678265,0.2671377734688054,0,-0.07155336538983381,1,20.0
SPY,2002-05-09,69.47643280029297,0.22176889634733518,0.2671377734688054,0,-0.07538312277663606,1,22.0
SPY,2002-05-10,68.16751098632812,0.22772307199204994,0.2671377734688054,0,-0.057629046345703316,1,29.0
SPY,2002-05-13,69.55377197265625,0.2405804053421265,0.2671377734688054,0,-0.09241213125313164,1,20.0
SPY,2002-05-14,71.06905364990234,0.23799925266254285,0.2671377734688054,0,-0.11176304698049833,1,13.0
SPY,2002-05-15,70.79181671142578,0.23816214653831913,0.2671377734688054,0,-0.10828450800613221,1,15.0
SPY,2002-05-16,71.15930938720703,0.23900947603236486,0.2671377734688054,0,-0.11288965264582063,1,11.0
SPY,2002-05-17,71.50752258300781,0.23936620187796184,0.2671377734688054,0,-0.12200556428427689,1,10.0
SPY,2002-05-20,70.73375701904297,0.235033241686475,0.2671377734688054,0,-0.13124487998606438,1,12.0
SPY,2002-05-21,70.08900451660156,0.23667027322468204,0.2671377734688054,0,-0.12325315515702795,1,14.0
SPY,2002-05-22,70.24372863769531,0.23429997697983587,0.2677007964458246,0,-0.12518434371465315,1,10.0
SPY,2002-05-23,70.99166870117188,0.23742536387260155,0.2681669156480776,0,-0.13440105448456852,1,6.0
SPY,2002-05-24,70.08252716064453,0.23155801965917305,0.268948882935944,0,-0.12317212210031137,1,11.0
SPY,2002-05-28,69.70210266113281,0.23172222976821025,0.2694711771979983,0,-0.1448434072964584,1,10.0
SPY,2002-05-29,69.18627166748047,0.23096896525379826,0.26962048497816854,0,-0.1384676297858174,1,11.0
SPY,2002-05-30,68.99284362792969,0.2263546555098701,0.2698232899144172,0,-0.1385843019430434,1,10.0
SPY,2002-05-31,69.13465118408203,0.22634087981874765,0.2701824228726469,0,-0.14035121987609933,1,9.0
SPY,2002-06-03,67.29702758789062,0.2424956027490651,0.2704677509705814,0,-0.12928115231846338,1,16.0
SPY,2002-06-04,67.46467590332031,0.23291266636188052,0.2706707079283861,0,-0.13144487053206422,1,15.0
SPY,2002-06-05,68.0965805053711,0.23508334984410933,0.27089247057617305,0,-0.16572913393060706,1,12.0
SPY,2002-06-06,66.71028137207031,0.20343058872750422,0.2712074702918139,0,-0.17836405016097023,1,13.0
SPY,2002-06-07,66.63289642333984,0.20065381735363017,0.2716076388384433,0,-0.20178356109267237,1,12.0
SPY,2002-06-10,66.89080810546875,0.19126707972898999,0.2720960188586886,0,-0.2266262082104934,1,11.0
SPY,2002-06-11,65.7430648803711,0.18251590632858136,0.2725946223362882,0,-0.21312463916120017,1,15.0
SPY,2002-06-12,66.14282989501953,0.16224155120623,0.2725946223362882,0,-0.2178804870838169,1,13.0
SPY,2002-06-13,65.47869873046875,0.1638779360190718,0.2725946223362882,0,-0.20994767911722834,1,13.0
SPY,2002-06-14,65.38197326660156,0.16065883480232743,0.2725946223362882,0,-0.20877888329479066,1,12.0
SPY,2002-06-17,67.1358642578125,0.19210684154824959,0.27296160368105316,0,-0.22944914060042498,1,6.0
SPY,2002-06-18,67.68392181396484,0.19381103779312883,0.27324285883587285,0,-0.23568852817690678,1,3.0
SPY,2002-06-19,66.10415649414062,0.2070371140853736,0.27347674354367335,0,-0.21742291795257918,1,8.0
SPY,2002-06-20,65.25944519042969,0.20898192939811802,0.2737234498468,0,-0.2072933236034148,1,8.0
SPY,2002-06-21,64.23908233642578,0.20602601759546552,0.27485466212714404,0,-0.19470210316100633,1,12.0
SPY,2002-06-24,64.5755615234375,0.20685495944018348,0.27597588254328403,0,-0.1988982104071242,1,11.0
SPY,2002-06-25,63.12615966796875,0.21716392017757696,0.27659244665427124,0,-0.18050459314349687,1,10.0
SPY,2002-06-26,63.22966766357422,0.21817668254126785,0.2771840247393548,0,-0.1818461204692916,1,9.0
SPY,2002-06-27,64.33613586425781,0.23157111438897462,0.2777110998318674,0,-0.19591692591643006,1,8.0
SPY,2002-06-28,64.03199005126953,0.23066639405043954,0.2785713305995355,0,-0.19209760841463996,1,7.0
SPY,2002-07-01,62.78320693969727,0.22232360240273072,0.2789343765039156,0,-0.1760281065273014,1,6.0
SPY,2002-07-02,61.450313568115234,0.22992963532691857,0.2790333210377251,0,-0.15815567250038187,1,11.0
SPY,2002-07-03,61.799686431884766,0.22733200124301198,0.27936586513377704,0,-0.16291488052437153,1,8.0
SPY,2002-07-05,64.25847625732422,0.2675287716318797,0.2799686264337945,0,-0.19494515099874887,1,3.0
SPY,2002-07-08,63.456172943115234,0.2701756643727795,0.28079991110185737,0,-0.1847665010185061,1,2.0
SPY,2002-07-09,61.857940673828125,0.28098450062428565,0.2818997210339046,0,-0.1637031990255361,1,5.0
SPY,2002-07-10,59.6062126159668,0.30150492266680157,0.2829681680771114,1,-0.13211063696180525,1,7.0
SPY,2002-07-11,60.09152221679688,0.302577476129497,0.2836492525560237,1,-0.13911986263628828,1,5.0
SPY,2002-07-12,59.4315185546875,0.30281730272444307,0.28408056136615933,1,-0.1295595475523914,1,5.0
SPY,2002-07-15,59.7485580444336,0.30477512331027234,0.2846779611300381,1,-0.13417830331705982,1,4.0
SPY,2002-07-16,58.5967903137207,0.2858844585609453,0.2851123578233663,1,-0.11715987132698902,1,3.0
SPY,2002-07-17,58.71330642700195,0.2824393573783554,0.2851602986911394,0,-0.1189118608963311,1,2.0
SPY,2002-07-18,56.81099319458008,0.29145719742833687,0.28555581199953634,1,-0.08940866914247214,1,2.0
SPY,2002-07-19,54.81156539916992,0.3079194550405677,0.28594715902577206,1,-0.056191927312222556,1,2.0
SPY,2002-07-22,53.18747329711914,0.3163388879835199,0.28610650589667597,1,-0.027372524139201104,0,
SPY,2002-07-23,51.73159790039063,0.3177199936155142,0.2863794964278594,1,0.04778009616899115,0,
SPY,2002-07-24,54.81804275512695,0.3975690257190616,0.2867025472459275,1,-0.011213536660292012,0,
SPY,2002-07-25,54.35218048095703,0.3962561895024156,0.2871702945423652,1,-0.0027384707769414485,0,
SPY,2002-07-26,55.38746643066406,0.39755888675838463,0.28780011590680993,1,-0.021378984884594998,0,
SPY,2002-07-29,58.08567810058594,0.4431012526819434,0.28833801198771997,1,-0.06683815364634427,1,5.0
SPY,2002-07-30,58.84272766113281,0.4437691556748279,0.28871818310768094,1,-0.07884388135104026,1,4.0
SPY,2002-07-31,58.98504257202149,0.43883437585327023,0.28871818310768094,1,-0.08106638124633181,1,3.0
SPY,2002-08-01,57.44506454467773,0.44609722127925794,0.28871818310768094,1,-0.05643175697208247,1,2.0
SPY,2002-08-02,56.15745162963867,0.4208661413812998,0.28871818310768094,1,-0.03479703850308713,0,
SPY,2002-08-05,54.20333862304688,0.43271306819261085,0.28871818310768094,1,0.033663544719292116,0,
SPY,2002-08-06,56.02801513671875,0.45069310956838543,0.2893890940736129,1,0.004158323919373652,0,
SPY,2002-08-07,57.00510787963867,0.4404885116074374,0.2893890940736129,1,-0.038593313889935144,0,
SPY,2002-08-08,58.84916687011719,0.4556666797338027,0.2904894915919268,1,-0.0687193247974518,1,29.0
SPY,2002-08-09,59.06915283203125,0.45438272724649115,0.29083834049077034,1,-0.07947148087031353,1,28.0
SPY,2002-08-12,58.6356315612793,0.4545308303708755,0.2916295759583979,1,-0.08762981199831188,1,27.0
SPY,2002-08-13,57.56801223754883,0.45395790941053976,0.2923458987012543,1,-0.07070958138331651,1,28.0
SPY,2002-08-14,59.67090606689453,0.472368717222604,0.2929382159698579,1,-0.10345919448267749,1,24.0
SPY,2002-08-15,60.49913787841797,0.4569619416873487,0.29405131313443794,1,-0.11573281757050635,1,12.0
SPY,2002-08-16,60.3179817199707,0.43411306308247677,0.29504115167984807,1,-0.11868032861377342,1,11.0
SPY,2002-08-19,61.72851943969727,0.4182242994579524,0.29566547491130474,1,-0.13881906919772213,1,10.0
SPY,2002-08-20,61.07500076293945,0.4032662844777784,0.2961626416585335,1,-0.12960420525475713,1,9.0
SPY,2002-08-21,61.95499801635742,0.35936704628843924,0.29709697428752435,1,-0.14196714502210472,1,8.0
SPY,2002-08-22,62.55678939819336,0.3553078766622574,0.29803611863004953,1,-0.160507173444149,1,6.0
SPY,2002-08-23,61.21090316772461,0.36643619944208267,0.2984275942203576,1,-0.15978110778644816,1,6.0
SPY,2002-08-26,61.63795471191406,0.33045406253345283,0.2990552998036615,1,-0.16560246861929862,1,5.0
SPY,2002-08-27,60.92620849609375,0.3321125788399313,0.3002635675877859,1,-0.16684312748255636,1,4.0
SPY,2002-08-28,59.59328842163086,0.3427015194222614,0.30095824430346263,1,-0.14820794976425267,1,14.0
SPY,2002-08-29,59.61914825439453,0.32759607502587246,0.30138083417813105,1,-0.14857741495477383,1,13.0
SPY,2002-08-30,59.38623046875,0.3155137553688732,0.3026242118762709,1,-0.14523806403805206,1,12.0
SPY,2002-09-03,57.12153625488281,0.32126569239775393,0.3040271620540732,1,-0.11134936745311963,1,15.0
SPY,2002-09-04,57.93683242797852,0.3039989449799695,0.30473425615396876,0,-0.1238545982289857,1,11.0
SPY,2002-09-05,57.44506454467773,0.3001994114561903,0.3049769981009097,0,-0.11635421202335172,1,12.0
SPY,2002-09-06,58.23444747924805,0.28127025411030354,0.30510910483327985,0,-0.12833225827307837,1,9.0
SPY,2002-09-09,58.66152572631836,0.2822725380030343,0.30584714527868456,0,-0.13467833138582475,1,8.0
SPY,2002-09-10,59.33445358276367,0.2839407166444266,0.3066695095849352,0,-0.144492175121387,1,6.0
SPY,2002-09-11,58.96566009521485,0.2763530078872302,0.30702477295534725,0,-0.13914150637871836,1,6.0
SPY,2002-09-12,57.87858200073242,0.2523012564570778,0.3076727008778688,0,-0.12297282396606024,1,5.0
SPY,2002-09-13,58.02096557617188,0.24631794985333783,0.3081336516405338,0,-0.1251250505593482,1,4.0
SPY,2002-09-16,58.16328048706055,0.24681049458246382,0.30855128097401724,0,-0.12726570957008043,1,3.0
SPY,2002-09-17,56.83037185668945,0.23937751992032205,0.30855128097401724,0,-0.10679645994651132,1,5.0
SPY,2002-09-18,56.2609977722168,0.2391790582380073,0.30855128097401724,0,-0.09775703711357975,1,8.0
SPY,2002-09-19,54.80509185791016,0.24105535357986826,0.30855128097401724,0,-0.07378881041644147,1,12.0
SPY,2002-09-20,54.82330322265625,0.23514660096080642,0.30855128097401724,0,-0.07409648195051355,1,11.0
SPY,2002-09-23,54.37483978271485,0.22839060420670856,0.30855128097401724,0,-0.06645997435954654,1,10.0
SPY,2002-09-24,53.49740219116211,0.2258906537677654,0.30855128097401724,0,-0.05114851850998814,1,11.0
SPY,2002-09-25,54.82330322265625,0.251205871134134,0.30855128097401724,0,-0.07409648195051355,1,8.0
SPY,2002-09-26,55.7202262878418,0.2539693676505603,0.30855128097401724,0,-0.08900066086007108,1,6.0
SPY,2002-09-27,53.78336715698242,0.277590668889227,0.30855128097401724,0,-0.05619354071324412,1,8.0
SPY,2002-09-30,53.159423828125,0.2784958721535731,0.30855128097401724,0,-0.04511588596084337,0,
SPY,2002-10-01,55.71371841430664,0.307319574137697,0.30855128097401724,0,-0.0888942477780067,1,3.0
SPY,2002-10-02,54.04336166381836,0.3182363204168356,0.30855128097401724,1,-0.06073405202446247,1,5.0
SPY,2002-10-03,53.49740219116211,0.31863129245009525,0.30855128097401724,1,-0.05114851850998814,1,4.0
SPY,2002-10-04,52.51597595214844,0.3160367427579278,0.30855128097401724,1,-0.0334162432551246,0,
SPY,2002-10-07,51.43055725097656,0.31711885478319424,0.30855128097401724,1,-0.013016929269470068,0,
SPY,2002-10-08,52.236515045166016,0.3205575418079722,0.30855128097401724,1,-0.028245102471692984,0,
SPY,2002-10-09,50.76108932495117,0.33016389744120606,0.30855128097401724,1,0.03239492241323272,0,
SPY,2002-10-10,52.40549087524414,0.35530151060488,0.30855128097401724,1,0.043779692286638694,0,
SPY,2002-10-11,54.69978713989258,0.39338250755326354,0.30855128097401724,1,0.005585101171116547,0,
SPY,2002-10-14,55.00529098510742,0.3941053988471691,0.30855128097401724,1,0.02268680457389527,0,
SPY,2002-10-15,57.65056228637695,0.42353602553475334,0.30855128097401724,1,-0.024238740417114046,0,
SPY,2002-10-16,56.2531852722168,0.43146219681478654,0.30855128097401724,1,0.019757588868089204,0,
SPY,2002-10-17,57.3711051940918,0.425193881395604,0.30855128097401724,1,-0.00011316872359579122,0,
SPY,2002-10-18,57.61158752441406,0.4251786788447007,0.30855128097401724,1,-0.004286897058056183,0,
SPY,2002-10-21,58.60600662231445,0.42623308679798855,0.3089803763044829,1,-0.021182027483443777,0,
SPY,2002-10-22,58.18355941772461,0.42178966323924816,0.3092602117010474,1,-0.014075227548375646,0,
SPY,2002-10-23,58.6255111694336,0.41522332218536545,0.3098819180845859,1,-0.021507677544060577,0,
SPY,2002-10-24,57.42961883544922,0.42062762102775425,0.3104190551441678,1,-0.0011319290885383193,0,
SPY,2002-10-25,58.6255111694336,0.40204165203991066,0.3116428846808108,1,-0.021507677544060577,0,
SPY,2002-10-28,58.24205017089844,0.39975187760861414,0.3127487196293033,1,-0.015065362379553693,0,
SPY,2002-10-29,57.566104888916016,0.3704275194256786,0.31312011756111113,1,-0.0035001900851052703,0,
SPY,2002-10-30,58.12504196166992,0.3512256111049326,0.3135869201142744,1,-0.013082646595346636,0,
SPY,2002-10-31,57.5335807800293,0.3512643440614225,0.31446074002200525,1,-0.002936862235806581,0,
SPY,2002-11-01,58.67099380493164,0.3453775288503879,0.31446074002200525,1,-0.022266219487083738,0,
SPY,2002-11-04,59.22997283935547,0.33108569171185265,0.31446074002200525,1,-0.03149351874715567,0,
SPY,2002-11-05,59.69795989990234,0.32959283743122636,0.31446074002200525,1,-0.039085880396399486,0,
SPY,2002-11-06,60.47140502929688,0.3023978862766118,0.31446074002200525,0,-0.05137622399291064,1,3.0
SPY,2002-11-07,58.98948287963867,0.31170305149847355,0.31446074002200525,0,-0.02754508466548744,0,
SPY,2002-11-08,58.268028259277344,0.2854053874221688,0.3159341774684974,0,-0.015504483452085882,0,
SPY,2002-11-11,57.3646125793457,0.2928512401880584,0.32119685064536074,0,0.007930620651746212,0,
SPY,2002-11-12,57.81954956054688,0.241850773449332,0.32616742084682426,0,0.0010124003038056717,0,
SPY,2002-11-13,57.87808609008789,0.22357955375304653,0.32616742084682426,0,-0.013932146366100628,0,
SPY,2002-11-14,58.970008850097656,0.22253477374988706,0.32664459783584976,0,-0.0321907485486751,0,
SPY,2002-11-15,59.40543365478516,0.22334970015862726,0.32698262902815917,0,-0.03928451301367053,0,
SPY,2002-11-18,58.80752182006836,0.219028762970034,0.3279040841334764,0,-0.029516661186443582,0,
SPY,2002-11-19,58.72950744628906,0.21737709266304184,0.3279040841334764,0,-0.028227502580609465,0,
SPY,2002-11-20,60.03590774536133,0.22933837995189105,0.3305982444880269,0,-0.04937357880291804,0,
SPY,2002-11-21,61.15381240844727,0.2218865155522655,0.3327415589247005,0,-0.06675123143414019,1,15.0
SPY,2002-11-22,60.718360900878906,0.2146610838130986,0.3327415589247005,0,-0.06005828753416009,1,23.0
SPY,2002-11-25,60.75737380981445,0.21247137611796948,0.3327415589247005,0,-0.06066183337779607,1,22.0
SPY,2002-11-26,59.60045623779297,0.2205096342466834,0.3327415589247005,0,-0.042428133509798016,0,
SPY,2002-11-27,61.27730178833008,0.23779621512602322,0.33315758846624716,0,-0.06863196554519302,1,7.0
SPY,2002-11-29,61.08234786987305,0.23402605792495595,0.3336437821144633,0,-0.06565935800513245,1,14.0
SPY,2002-12-02,61.17977142333984,0.22568110239140343,0.33441335543138573,0,-0.06714721556611791,1,9.0
SPY,2002-12-03,60.36089324951172,0.23037614563714925,0.33519694043375536,0,-0.05449179011689509,1,17.0
SPY,2002-12-04,60.0879020690918,0.2296373291146227,0.3366294723360481,0,-0.050196159991284794,1,16.0
SPY,2002-12-05,59.42493438720703,0.22802210951124469,0.33820563381481583,0,-0.039599778917427164,0,
SPY,2002-12-06,59.8149528503418,0.2108810119855682,0.33820563381481583,0,-0.04586198929077823,0,
SPY,2002-12-09,58.17056274414063,0.22998953998416666,0.33867881711937664,0,-0.018890011872204182,0,
SPY,2002-12-10,58.95048522949219,0.2269758595341605,0.33917365018988477,0,-0.04294990214524641,0,
SPY,2002-12-11,59.00244522094727,0.22565881500465915,0.33917365018988477,0,-0.056854930553728145,1,30.0
SPY,2002-12-12,58.996002197265625,0.2256939480488466,0.33917365018988477,0,-0.056751928557129294,1,29.0
SPY,2002-12-13,58.06656265258789,0.22301072720971626,0.33917365018988477,0,-0.04165387525431441,0,
SPY,2002-12-16,59.56793212890625,0.2404412580456059,0.3395216514964633,0,-0.07425104589220266,1,26.0
SPY,2002-12-17,59.047977447509766,0.23972502952531946,0.3396298303575761,0,-0.06609924250631805,1,26.0
SPY,2002-12-18,58.36555480957031,0.24335639657350325,0.34009573337579385,0,-0.05517987370083233,1,28.0
SPY,2002-12-19,57.94956207275391,0.22951521090384933,0.34073089558287933,0,-0.04839745298736842,0,
SPY,2002-12-20,58.77647018432617,0.22497184358139669,0.34073089558287933,0,-0.06178525702952753,1,23.0
SPY,2002-12-23,58.79606246948242,0.22426042688089495,0.34073089558287933,0,-0.06209789311449687,1,22.0
SPY,2002-12-24,58.35843276977539,0.2250282697442126,0.34073089558287933,0,-0.06636810215610045,1,24.0
SPY,2002-12-26,58.384559631347656,0.2157142974534616,0.34073089558287933,0,-0.06678589877062391,1,23.0
SPY,2002-12-27,57.071720123291016,0.20027816703431764,0.34073089558287933,0,-0.04531886853353273,0,
SPY,2002-12-30,57.54854965209961,0.20467566469471504,0.34073089558287933,0,-0.06821062723887106,1,27.0
SPY,2002-12-31,57.62691116333008,0.20460828685699387,0.34073089558287933,0,-0.06947768150091727,1,26.0
SPY,2003-01-02,59.48184585571289,0.23451987142605954,0.34129130492629645,0,-0.0984959156493227,1,15.0
SPY,2003-01-03,59.66469955444336,0.2344388986321275,0.34180888612747096,0,-0.10125874454941175,1,14.0
SPY,2003-01-06,60.71628952026367,0.2389650136662132,0.3423095352884649,0,-0.11682470376016296,1,11.0
SPY,2003-01-07,60.56608200073242,0.23837213511745042,0.34329673811894973,0,-0.11463437600282422,1,12.0
SPY,2003-01-08,59.69084548950195,0.22132973753169652,0.34329673811894973,0,-0.1016524134664255,1,11.0
SPY,2003-01-09,60.61832809448242,0.22296309389231192,0.34329673811894973,0,-0.11539746031821951,1,10.0
SPY,2003-01-10,60.78159332275391,0.2230002292022225,0.34329673811894973,0,-0.11777358815027184,1,7.0
SPY,2003-01-13,60.761993408203125,0.22302174431794972,0.34329673811894973,0,-0.11748900956229602,1,6.0
SPY,2003-01-14,60.95796585083008,0.21340718745344595,0.34329673811894973,0,-0.1203261750094573,1,5.0
SPY,2003-01-15,60.35051727294922,0.19920605159348953,0.34329673811894973,0,-0.11147195737992532,1,6.0
SPY,2003-01-16,60.10229110717773,0.19696241583442475,0.34329673811894973,0,-0.10780228181287044,1,5.0
SPY,2003-01-17,59.21407699584961,0.20002904553131845,0.34329673811894973,0,-0.09441927149517015,1,5.0
SPY,2003-01-21,58.29311752319336,0.20665659717787754,0.34329673811894973,0,-0.08011221114898703,1,7.0
SPY,2003-01-22,57.58770751953125,0.20434448329318813,0.34329673811894973,0,-0.06884421531355556,1,12.0
SPY,2003-01-23,57.94042205810547,0.20587388117811592,0.34329673811894973,0,-0.07451266181895078,1,11.0
SPY,2003-01-24,56.4185676574707,0.2245547931320542,0.34329673811894973,0,-0.05857838810276472,1,30.0
SPY,2003-01-27,55.64786529541016,0.2283876089515307,0.34329673811894973,0,-0.05492970336626202,1,30.0
SPY,2003-01-28,56.05937957763672,0.217570069352744,0.34329673811894973,0,-0.061867167314364924,1,28.0
SPY,2003-01-29,56.4838981628418,0.21715114107111072,0.34329673811894973,0,-0.06891793462716578,1,10.0
SPY,2003-01-30,55.14495086669922,0.2317530531163835,0.34414019314180533,0,-0.04631079119292181,0,
SPY,2003-01-31,56.20960998535156,0.21073459661918265,0.34414019314180533,0,-0.06437449796444006,1,25.0
SPY,2003-02-03,56.32060241699219,0.2103630770275086,0.34414019314180533,0,-0.06621835873863835,1,24.0
SPY,2003-02-04,55.76544952392578,0.19726634382205302,0.34414019314180533,0,-0.05692243116943385,1,24.0
SPY,2003-02-05,55.41926574707031,0.19726772167673734,0.34414019314180533,0,-0.051031372342789316,1,23.0
SPY,2003-02-06,55.15800476074219,0.19363439650156944,0.34414019314180533,0,-0.04653649475010613,0,
SPY,2003-02-07,54.485294342041016,0.18146466920511714,0.34414019314180533,0,-0.034764422274799145,0,
SPY,2003-02-10,54.87063980102539,0.184651454738661,0.34414019314180533,0,-0.04154307745497099,0,
SPY,2003-02-11,54.491790771484375,0.18386443857546922,0.34414019314180533,0,-0.03487949621048991,0,
SPY,2003-02-12,53.62312698364258,0.18455444777523025,0.34414019314180533,0,-0.019245099641238772,0,
SPY,2003-02-13,53.78644180297852,0.18697508109236158,0.34414019314180533,0,-0.022223021288326872,0,
SPY,2003-02-14,54.96207809448242,0.2107776128827226,0.34414019314180533,0,-0.04313762533940391,0,
SPY,2003-02-18,55.9287338256836,0.22058732043787002,0.34414019314180533,0,-0.059675752258552595,1,14.0
SPY,2003-02-19,55.63481903076172,0.21560162176683972,0.34414019314180533,0,-0.05470808608744149,1,14.0
SPY,2003-02-20,55.07963562011719,0.2144339835670663,0.34414019314180533,0,-0.04517987510870025,0,
SPY,2003-02-21,55.63481903076172,0.21689392290720896,0.34414019314180533,0,-0.05470808608744149,1,12.0
SPY,2003-02-24,54.73349380493164,0.20412882425865603,0.34329673811894973,0,-0.03914146702929877,0,
SPY,2003-02-25,55.17110061645508,0.2013978101712836,0.34258365986867945,0,-0.04676281650828651,0,
SPY,2003-02-26,54.36773300170898,0.2052348363018335,0.34230728884708156,0,-0.03267725803254573,0,
SPY,2003-02-27,55.08613967895508,0.20942371171669993,0.34230728884708156,0,-0.045292611385159054,0,
SPY,2003-02-28,55.451934814453125,0.19287751295424518,0.34230728884708156,0,-0.05159044967967297,1,7.0
SPY,2003-03-03,54.92290115356445,0.1823057953499082,0.34230728884708156,0,-0.042455087819874726,0,
SPY,2003-03-04,54.04767990112305,0.18930552069233966,0.34230728884708156,0,-0.026949081663081742,0,
SPY,2003-03-05,54.50487518310547,0.19040706547411793,0.34230728884708156,0,-0.03511118253016521,0,
SPY,2003-03-06,54.04767990112305,0.19134217246226434,0.34230728884708156,0,-0.026949081663081742,0,
SPY,2003-03-07,54.41998291015625,0.19296853592009056,0.34230728884708156,0,-0.033606007400038385,0,
SPY,2003-03-10,53.1136589050293,0.2067823792442804,0.34230728884708156,0,-0.009837664247458577,0,
SPY,2003-03-11,52.59114456176758,0.2064793539103876,0.34230728884708156,0,0.006706438559649808,0,
SPY,2003-03-12,52.943843841552734,0.2079249701794126,0.34230728884708156,0,0.034543056007780404,0,
SPY,2003-03-13,54.77268600463867,0.23527899937231866,0.34258365986867945,0,0.003219385317137391,0,
SPY,2003-03-14,54.94902038574219,0.23529914248336917,0.34329673811894973,0,0.011311629459457073,0,
SPY,2003-03-17,56.67984390258789,0.24818661831349387,0.34414019314180533,0,-0.019570635391806146,0,
SPY,2003-03-18,57.012962341308594,0.2416692356672964,0.344364405013854,0,-0.02529914143327472,0,
SPY,2003-03-19,57.450531005859375,0.24160217763961256,0.34467522333115597,0,-0.03272289445265142,0,
SPY,2003-03-20,57.574649810791016,0.237658794018285,0.34493938148331393,0,-0.03480813993434906,0,
SPY,2003-03-21,58.80361175537109,0.24562351635026555,0.34527426421598695,0,-0.05498009927204728,1,6.0
SPY,2003-03-24,56.84936141967773,0.27023001312711376,0.3457819047656916,0,-0.02249415022855883,0,
SPY,2003-03-25,57.3936767578125,0.2707528866687717,0.3462265194781784,0,-0.031764708540971465,0,
SPY,2003-03-26,57.10511779785156,0.26499910095983936,0.3468952386847285,0,-0.026872100321688408,0,
SPY,2003-03-27,57.151004791259766,0.2620109057460918,0.3473468505361108,0,-0.02765343240291729,0,
SPY,2003-03-28,56.86248397827149,0.26246534929922477,0.34747000811788864,0,-0.02271973618421763,0,
SPY,2003-03-31,55.57058334350586,0.2738642770217073,0.34760646216344526,0,0.01534086677222124,0,
SPY,2003-04-01,56.4230842590332,0.27114129953305116,0.348499289608698,0,0.011506748068568662,0,
SPY,2003-04-02,57.7871322631836,0.28125435742771543,0.3502040432151273,0,-0.01236956672420797,0,
SPY,2003-04-03,57.51169204711914,0.2795963537324386,0.3512445261785939,0,-0.007639517402924789,0,
SPY,2003-04-04,57.85270690917969,0.279446880385484,0.3515541567089725,0,-0.013489021966616721,0,
SPY,2003-04-07,57.74121856689453,0.26108114048505104,0.3517190775436403,0,-0.011584239277286579,0,
SPY,2003-04-08,57.83301544189453,0.2560112942199957,0.35211373951713165,0,-0.013153126483699928,0,
SPY,2003-04-09,57.07233047485352,0.26367006936208204,0.3524987672124432,0,0.0013785019071703708,0,
SPY,2003-04-10,57.387088775634766,0.23858809562920072,0.35258744364793826,0,-0.004113886754179341,0,
SPY,2003-04-11,57.151004791259766,0.2396469716216994,0.35267246310368683,0,0.012622320973197265,0,
SPY,2003-04-14,58.3314094543457,0.22515379292259963,0.35267246310368683,0,-0.007869282449435522,0,
SPY,2003-04-15,58.87568664550781,0.22637241803449287,0.35267246310368683,0,-0.01704105013454793,0,
SPY,2003-04-16,57.87238311767578,0.23460046032383594,0.35267246310368683,0,0.014843880698426792,0,
SPY,2003-04-17,58.7314338684082,0.24005893158767178,0.3528192002498438,0,0.0010051251314213694,0,
SPY,2003-04-21,58.79046630859375,0.228007601875756,0.3528192002498438,0,0.006469685628353927,0,
SPY,2003-04-22,59.89872741699219,0.19912826384292617,0.3528192002498438,0,-0.012152266080214025,0,
SPY,2003-04-23,60.44956588745117,0.19895987728525713,0.3528192002498438,0,-0.02115389457514605,0,
SPY,2003-04-24,59.911842346191406,0.2014072807265912,0.3528192002498438,0,-0.012368509690535712,0,
SPY,2003-04-25,59.17082214355469,0.20817644616048314,0.3528192002498438,0,0.017289228816507407,0,
SPY,2003-04-28,60.19384002685547,0.21341304722538498,0.3528192002498438,0,0.001198203689430466,0,
SPY,2003-04-29,60.4036865234375,0.19036299097612502,0.3528192002498438,0,-0.0022800266557807536,0,
SPY,2003-04-30,60.27252960205078,0.18694982944064492,0.3528192002498438,0,-0.00010892348533375618,0,
SPY,2003-05-01,60.26596450805664,0.17058947067893787,0.3528192002498438,0,0.005985051234112193,0,
SPY,2003-05-02,61.125030517578125,0.17367423067430812,0.3528192002498438,0,-0.008153306755802059,0,
SPY,2003-05-05,61.00699615478516,0.1741892886071533,0.3528192002498438,0,-0.006234313856555707,0,
SPY,2003-05-06,61.5841064453125,0.17488336091447146,0.3528192002498438,0,-0.015546982935478293,0,
SPY,2003-05-07,61.24309539794922,0.1775841072451652,0.3528192002498438,0,-0.010065395954158673,0,
SPY,2003-05-08,60.62665939331055,0.17413929464238892,0.3528192002498438,0,0.0001081614039968315,0,
SPY,2003-05-09,61.46606063842773,0.17811447917781842,0.3528192002498438,0,-0.0135496527980985,0,
SPY,2003-05-12,62.22022247314453,0.1783513095881743,0.3528192002498438,0,-0.025506267129137172,0,
SPY,2003-05-13,62.10870742797852,0.16878134866030045,0.35267246310368683,0,-0.023756581503154628,0,
SPY,2003-05-14,61.97755432128906,0.16812193100501557,0.35258744364793826,0,-0.021690714938668143,0,
SPY,2003-05-15,62.37101364135742,0.15135959136046795,0.3522252765077332,0,-0.02786225013817878,0,
SPY,2003-05-16,62.21365737915039,0.14707470728745933,0.3518402488124216,0,-0.025403433712448464,0,
SPY,2003-05-19,60.75782775878906,0.17474430979792463,0.3517190775436403,0,-0.0020509439766940307,0,
SPY,2003-05-20,60.63321685791016,0.16305095726218374,0.3515541567089725,0,0.002055158992651185,0,
SPY,2003-05-21,60.75782775878906,0.16003573552297148,0.3512445261785939,0,0.009929429344584406,0,
SPY,2003-05-22,61.36111831665039,0.159642143420341,0.3502040432151273,0,0.002030903831158115,0,
SPY,2003-05-23,61.48573684692383,0.1512878699072167,0.348499289608698,0,0.017490752796992304,0,
SPY,2003-05-27,62.5611686706543,0.15155361591355926,0.348499289608698,0,0.00021030442922831405,0,
SPY,2003-05-28,62.73825073242188,0.15148262157213943,0.348499289608698,0,-0.0026128425479630124,0,
SPY,2003-05-29,62.57432556152344,0.15164837465237002,0.348499289608698,0,0.016033971807452696,0,
SPY,2003-05-30,63.57764053344727,0.15933227721711604,0.348499289608698,0,0.004125701999646347,0,
SPY,2003-06-02,63.839942932128906,0.15362242297419387,0.348499289608698,0,0.004109407814328225,0,
SPY,2003-06-03,64.10228729248047,0.15297525665653952,0.3474931256290186,0,0.0013533658295064033,0,
SPY,2003-06-04,65.02691650390625,0.15686916314589874,0.3466781313295606,0,-0.012885054547536523,0,
SPY,2003-06-05,65.3482666015625,0.15392257376861598,0.3457819047656916,0,-0.017739192241091106,0,
SPY,2003-06-06,65.09247589111328,0.14825758987945722,0.3457819047656916,0,-0.013879250113780217,0,
SPY,2003-06-09,64.4301528930664,0.15079420999674428,0.3457819047656916,0,-0.0037422192024169076,0,
SPY,2003-06-10,65.08596801757812,0.14917459260554652,0.3457819047656916,0,-0.013780648997039902,0,
SPY,2003-06-11,65.77452087402344,0.1511389070047929,0.3457819047656916,0,-0.024104770589887803,0,
SPY,2003-06-12,65.97776794433594,0.14998860057346702,0.3457819047656916,0,-0.027111053652947747,0,
SPY,2003-06-13,65.28926086425781,0.1569476927960253,0.3457819047656916,0,-0.01685146549368899,0,
SPY,2003-06-16,66.66637420654297,0.16895063338167265,0.3457819047656916,0,-0.03716015905068548,0,
SPY,2003-06-17,66.66637420654297,0.1362542493032414,0.3457819047656916,0,-0.03716015905068548,0,
SPY,2003-06-18,66.60733032226562,0.13555508874699013,0.3457819047656916,0,-0.03630665232895425,0,
SPY,2003-06-19,65.59089660644531,0.15305780281690834,0.3457819047656916,0,-0.021372713917318875,0,
SPY,2003-06-20,65.44612121582031,0.15273206312142804,0.3457819047656916,0,-0.01920786220438575,0,
SPY,2003-06-23,64.7747802734375,0.16011372350991004,0.3457819047656916,0,-0.0203212895870043,0,
SPY,2003-06-24,64.84059143066406,0.1503792407348447,0.3457819047656916,0,-0.021315632609175017,0,
SPY,2003-06-25,64.18904113769531,0.15608802271579683,0.3457819047656916,0,-0.011381505614980747,0,
SPY,2003-06-26,65.02487182617188,0.16081223567654654,0.3457819047656916,0,-0.024089222733000626,0,
SPY,2003-06-27,64.27458190917969,0.15871628706696642,0.34527426421598695,0,-0.01269722306037624,0,
SPY,2003-06-30,64.25482940673828,0.1581716784768093,0.34493938148331393,0,-0.012393717461000153,0,
SPY,2003-07-01,64.84718322753906,0.1607837502665243,0.34493938148331393,0,-0.021415117093056768,0,
SPY,2003-07-02,65.6633071899414,0.15884399482735687,0.344720151824092,0,-0.033577869874832356,0,
SPY,2003-07-03,64.98536682128906,0.16241909218785275,0.344720151824092,0,-0.023495960558653772,0,
SPY,2003-07-07,66.27533721923828,0.17636787852471683,0.344364405013854,0,-0.042502447092101714,0,
SPY,2003-07-08,66.57154083251953,0.1717214716673254,0.34414019314180533,0,-0.0467627395734308,0,
SPY,2003-07-09,66.19638061523438,0.17050134653721738,0.34329673811894973,0,-0.04136037928692837,0,
SPY,2003-07-10,65.35391998291016,0.17303249156534697,0.34258365986867945,0,-0.029002801635149122,0,
SPY,2003-07-11,65.97261810302734,0.17612152550120957,0.34230728884708156,0,-0.038108915027969315,0,
SPY,2003-07-14,66.29509735107422,0.1723937250850343,0.3420222835402505,0,-0.04278784191968377,0,
SPY,2003-07-15,66.15030670166016,0.1553040996925855,0.3412375960574374,0,-0.04069268353106814,0,
SPY,2003-07-16,65.76200866699219,0.15651004181836006,0.34001120817649,0,-0.03502836224316841,0,
SPY,2003-07-17,64.82742309570312,0.16382767985927207,0.3391973038516937,0,-0.021116833351771058,0,
SPY,2003-07-18,65.49217224121094,0.1599016882940024,0.33868845136245895,0,-0.03105255125993256,0,
SPY,2003-07-21,64.68265533447266,0.16572777053462504,0.33853128783018754,0,-0.018925972079779863,0,
SPY,2003-07-22,65.26837158203125,0.16488328261285856,0.33850493804704695,0,-0.027730098554551996,0,
SPY,2003-07-23,65.31448364257812,0.16487111753952907,0.33810945594544406,0,-0.02841652162739894,0,
SPY,2003-07-24,64.82083892822266,0.16298660613675098,0.3376365470001092,0,-0.021017403433559734,0,
SPY,2003-07-25,65.9660415649414,0.16834264162327847,0.337500084994207,0,-0.038013018515085206,0,
SPY,2003-07-28,65.72248840332031,0.16291760754576412,0.33714497753508815,0,-0.034448105249154426,0,
SPY,2003-07-29,65.41978454589844,0.16412968468591912,0.33661141500971187,0,-0.029980400485054792,0,
SPY,2003-07-30,65.2618179321289,0.16151266619926266,0.3358799854754561,0,-0.027632462344796216,0,
SPY,2003-07-31,65.41317749023438,0.15524230663590452,0.33519694043375536,0,-0.02988242368993299,0,
SPY,2003-08-01,64.83401489257812,0.15403475821008275,0.3347785833574327,0,-0.02121635825408652,0,
SPY,2003-08-04,64.83401489257812,0.13522397497898467,0.3345243536457495,0,-0.02121635825408652,0,
SPY,2003-08-05,63.458473205566406,0.1513959743838295,0.3345082173089541,0,0.005808506246191003,0,
SPY,2003-08-06,63.82707214355469,0.15356450145442652,0.3344724923209008,0,0.010517165909111004,0,
SPY,2003-08-07,64.49835205078125,0.15370029269026317,0.33412340073164926,0,0.0028574882587124595,0,
SPY,2003-08-08,64.68265533447266,0.1497024633820151,0.33331596697661436,0,0.003764765274233417,0,
SPY,2003-08-11,64.9261703491211,0.14917314035134527,0.3324121898129715,0,0.003953347607515534,0,
SPY,2003-08-12,65.51848602294922,0.15333206778222291,0.3314377934771749,0,-0.005122828288427139,0,
SPY,2003-08-13,65.18284606933594,0.15300352389412022,0.33082271601341506,0,0.0027258854123872744,0,
SPY,2003-08-14,65.36052703857422,0.14421662638346833,0.329653797912538,0,0.0031216531933533354,0,
SPY,2003-08-15,65.56455993652344,0.13996617977177545,0.3274491242420835,0,0.0015061071638942103,0,
SPY,2003-08-18,66.13056945800781,0.13488739517626688,0.3262103715118394,0,-0.007065752977722495,0,
SPY,2003-08-19,66.38068389892578,0.1320661928807045,0.32589617530061443,0,-0.01080700991385819,0,
SPY,2003-08-20,66.11080932617188,0.1332177342177628,0.3255337979837397,0,-0.006768970774848948,0,
SPY,2003-08-21,66.32142639160156,0.1298761198326142,0.3244561652705029,0,-0.009923176226250385,0,
SPY,2003-08-22,65.6633071899414,0.12021793788821632,0.323486939415226,0,0.0016027195806578298,0,
SPY,2003-08-25,65.76854705810547,0.11966037466104153,0.3226970291849537,0,0.0018020014117650085,0,
SPY,2003-08-26,65.8870620727539,0.1185144357041098,0.3218213005351237,0,0.00029956175053835743,0,
SPY,2003-08-27,65.90679931640625,0.11806268351290665,0.32088527309433845,0,0.0019336609814439853,0,
SPY,2003-08-28,66.31486511230469,0.11963604598041333,0.3201151760091232,0,-0.004231696606382229,0,
SPY,2003-08-29,66.76241302490234,0.11583789157409445,0.3194089226785616,0,-0.010906920065553716,0,
SPY,2003-09-02,67.6574935913086,0.12302644257116946,0.3175142910776533,0,-0.023992211098710747,0,
SPY,2003-09-03,68.02603912353516,0.08619119388807951,0.31624396865121807,0,-0.029279940836505314,0,
SPY,2003-09-04,68.0589370727539,0.08635843282000881,0.31613415712642895,0,-0.0297491620818775,0,
SPY,2003-09-05,67.67720031738281,0.08731395930612461,0.3158232552350184,0,-0.024276411952942056,0,
SPY,2003-09-08,68.23661804199219,0.08973373078225783,0.3148400915581564,0,-0.03227559311307915,0,
SPY,2003-09-09,67.7890853881836,0.09540258262802169,0.3132001184078873,0,-0.025886832009585303,0,
SPY,2003-09-10,67.10464477539062,0.10113819463854248,0.3120760622549218,0,-0.015951266209920045,0,
SPY,2003-09-11,67.30204772949219,0.0984588492975203,0.31103051206776977,0,-0.018837569577847768,0,
SPY,2003-09-12,67.4271011352539,0.09837586615238922,0.31007923231661844,0,-0.02065727858897093,0,
SPY,2003-09-15,67.19014739990234,0.09979054638276194,0.3098519633161989,0,-0.017203514532664554,0,
SPY,2003-09-16,68.17082977294922,0.10746369469398642,0.30926492631637764,0,-0.03134169053551383,0,
SPY,2003-09-17,68.03919219970703,0.10778411333252114,0.30833153810996206,0,-0.02946759672228172,0,
SPY,2003-09-18,68.84209442138672,0.11198080101902809,0.3074328757474114,0,-0.040786872077764214,0,
SPY,2003-09-19,68.49195861816406,0.1146711297336558,0.30696296366378173,0,-0.03588330579374066,0,
SPY,2003-09-22,67.75200653076172,0.1158997320668922,0.3067145776126365,0,-0.025353725978957464,0,
SPY,2003-09-23,68.00969696044922,0.11617023828525373,0.3063549806638831,0,-0.02904668490056339,0,
SPY,2003-09-24,66.8006591796875,0.13542077348365142,0.3041520787389354,0,-0.011473216977839318,0,
SPY,2003-09-25,66.25228881835938,0.13909135545926618,0.3021038181734061,0,-0.0032911783063214184,0,
SPY,2003-09-26,66.03424072265625,0.1378093913608567,0.3012569829042009,0,0.0,0,
SPY,2003-09-29,66.68172454833984,0.14023236317500803,0.3002304094242271,0,-0.009710064190289636,0,
SPY,2003-09-30,66.03424072265625,0.13485300279880233,0.299426322843606,0,0.021310789764350746,0,
SPY,2003-10-01,67.44148254394531,0.15502637038703118,0.29875073657731177,0,0.003625127125498784,0,
SPY,2003-10-02,67.68596649169922,0.15566987915746028,0.29856610584613746,0,0.008784640208482353,0,
SPY,2003-10-03,68.30697631835938,0.1577432774188369,0.29717069922149586,0,-0.0003866803259462426,0,
SPY,2003-10-06,68.6175308227539,0.15586343671076403,0.29590054912409275,0,-0.004910807256124361,0,
SPY,2003-10-07,68.88177490234375,0.15416245083867514,0.2956715697423583,0,-0.008728165740559457,0,
SPY,2003-10-08,68.71001434326172,0.1492708743104332,0.29294760925199564,0,-0.006250195009770754,0,
SPY,2003-10-09,68.89495086669922,0.14923458874656442,0.289952199316245,0,-0.008917743673201417,0,
SPY,2003-10-10,69.08657836914062,0.14932661256239857,0.2893845366557518,0,-0.011666738079598726,0,
SPY,2003-10-13,69.30461883544922,0.1483950906260203,0.2881647640623821,0,-0.014776150538948318,0,
SPY,2003-10-14,69.549072265625,0.14061202077681345,0.2863119284522867,0,-0.018239048628687193,0,
SPY,2003-10-15,69.36408233642578,0.1408378986496941,0.28557754233768223,0,-0.015620749895866481,0,
SPY,2003-10-16,69.64155578613281,0.13557122880116612,0.28475138375134856,0,-0.019542820608720923,0,
SPY,2003-10-17,68.88177490234375,0.14034888331254256,0.28221045133852596,0,-0.008728165740559457,0,
SPY,2003-10-20,69.39708709716797,0.1360491101159409,0.28044368289975485,0,-0.01608891366164189,0,
SPY,2003-10-21,69.2781753540039,0.13606046449865358,0.27870096313447945,0,-0.014400090568408186,0,
SPY,2003-10-22,68.40608215332031,0.1273813219401778,0.27690442688541844,0,-0.001834906997696395,0,
SPY,2003-10-23,68.28056335449219,0.12304695828751554,0.2763141647630246,0,0.002225221712085501,0,
SPY,2003-10-24,68.43250274658203,0.12174150223414916,0.27462767544403305,0,0.0004831884641263162,0,
SPY,2003-10-27,68.46556854248047,0.11808090359570311,0.27282784841626906,0,0.001446748070714765,0,
SPY,2003-10-28,69.39708709716797,0.11801924232079518,0.26986198409496853,0,-0.011995692619240383,0,
SPY,2003-10-29,69.48957061767578,0.09537909445663553,0.2673493415744945,0,-0.013310625433060608,0,
SPY,2003-10-30,69.63491821289062,0.09508170332868542,0.26677393981723774,0,-0.015370122758510019,0,
SPY,2003-10-31,69.56884765625,0.0908755332881906,0.26546398932741155,0,-0.014435005299100911,0,
SPY,2003-11-03,70.02474975585938,0.09219671667615503,0.26436705301944485,0,-0.020851610170267154,0,
SPY,2003-11-04,69.8727798461914,0.09222193148647344,0.2632536648117608,0,-0.01872200987840078,0,
SPY,2003-11-05,69.92566680908203,0.091439315632415,0.26222075303429704,0,-0.019464181029812733,0,
SPY,2003-11-06,70.29560089111328,0.092573895838655,0.26170019880380846,0,-0.024624299351460932,0,
SPY,2003-11-07,69.773681640625,0.09699421220893284,0.26124643743715664,0,-0.01732831979789573,0,
SPY,2003-11-10,69.48957061767578,0.09776107774670319,0.2608601439875228,0,-0.013310625433060608,0,
SPY,2003-11-11,69.46977996826172,0.09694183931199116,0.2600300416797413,0,-0.013029535965070949,0,
SPY,2003-11-12,70.24937438964844,0.10416130200143575,0.25906966248778596,0,-0.023982468635578402,0,
SPY,2003-11-13,70.26919555664062,0.10340464284827676,0.25808639756426976,0,-0.02425777855371858,0,
SPY,2003-11-14,69.67457580566406,0.10010406581375418,0.25673320675969746,0,-0.015930557468771034,0,
SPY,2003-11-17,69.32439422607422,0.09852351248333392,0.2558181129121164,0,-0.010959681117686082,0,
SPY,2003-11-18,68.60430145263672,0.10512510896422349,0.25458898493916754,0,-0.0005783963995964481,0,
SPY,2003-11-19,69.1856689453125,0.09922413511856014,0.2532989865314798,0,-0.008976540707060554,0,
SPY,2003-11-20,68.56462097167969,0.10465570340082402,0.2528429927126842,0,0.00414369712721907,0,
SPY,2003-11-21,68.8487319946289,0.10536187199848324,0.25234842947122055,0,0.013243033325831322,0,
SPY,2003-11-24,69.760498046875,0.1148269459485927,0.25038727615473044,0,0.00378798483931142,0,
SPY,2003-11-25,70.02474975585938,0.10550675676869115,0.24795828986061272,0,0.0035853107182126642,0,
SPY,2003-11-26,70.27581024169922,0.10605587840266881,0.24731580011429075,0,0.0007519114520586623,0,
SPY,2003-11-28,70.32865142822266,0.10590662879802125,0.24675060166908613,0,0.0026302551811829833,0,
SPY,2003-12-01,71.08843231201172,0.11176405883123611,0.2459680234088934,0,-0.00808568377850205,0,
SPY,2003-12-02,70.91004180908203,0.11051702344673345,0.24515897784109186,0,-0.00559029540727074,0,
SPY,2003-12-03,70.79771423339844,0.11033915380923992,0.24452817254920106,0,-0.004012566061590173,0,
SPY,2003-12-04,71.08843231201172,0.11101432768494808,0.24442816026188632,0,-0.00808568377850205,0,
SPY,2003-12-05,70.5929183959961,0.11301506405617479,0.24400252480021267,0,-0.0011231249503526053,0,
SPY,2003-12-08,71.06861877441406,0.11145225338336097,0.24294881879033656,0,-0.007809143556713138,0,
SPY,2003-12-09,70.5202407836914,0.11435520592837796,0.2417436764068569,0,-9.369020285010521e-05,0,
SPY,2003-12-10,70.51363372802734,0.11433458193375673,0.2411969894573031,0,0.008151594997945821,0,
SPY,2003-12-11,71.30648040771484,0.11436066196743425,0.24067310533232578,0,-0.003057900129923352,0,
SPY,2003-12-12,71.44515991210938,0.11442309552389324,0.24011209427466113,0,-0.004993026826960678,0,
SPY,2003-12-15,71.08843231201172,0.11127520587288481,0.2399530678627304,0,0.005203643000855518,0,
SPY,2003-12-16,71.4583511352539,0.10982167931320712,0.23965787378575756,0,0.0031440749273796698,0,
SPY,2003-12-17,71.68302154541016,0.10038447753436332,0.2392308154780928,0,0.008429125135421822,0,
SPY,2003-12-18,72.48905944824219,0.10308341358227599,0.23863220403335467,0,-0.0027840441809666716,0,
SPY,2003-12-19,72.28724670410156,0.09612390059090713,0.23817021142074246,0,0.006611408706474364,0,
SPY,2003-12-22,72.79175567626953,0.0972191562435539,0.2376659741578318,0,-0.00036526718849394513,0,
SPY,2003-12-23,72.83821105957031,0.08934230834941033,0.23693621692173467,0,-0.0010028228615122092,0,
SPY,2003-12-24,72.76516723632812,0.08980296742700306,0.23601822766114666,0,0.0007299625183854186,0,
SPY,2003-12-26,72.81828308105469,0.08967406835903484,0.23536264195644302,0,0.013308798276022049,0,
SPY,2003-12-29,73.78740692138672,0.09829245936710548,0.23503440372319412,0,0.0001802209241765773,0,
SPY,2003-12-30,73.80070495605469,0.0934299224801012,0.23444854840061768,0,0.0004497991668945822,0,
SPY,2003-12-31,73.86709594726562,0.09208142695630032,0.23396359456992066,0,-0.00044939489199857796,0,
SPY,2004-01-02,73.83390045166016,0.09157472746391535,0.23364998690116823,0,0.010428458339227564,0,
SPY,2004-01-05,74.63711547851562,0.09649660209048609,0.2332304841375343,0,-0.00044537187375925935,0,
SPY,2004-01-06,74.7101058959961,0.090100547490302,0.23290980474636752,0,-0.001421918603635941,0,
SPY,2004-01-07,74.96235656738281,0.08896433782074253,0.23270150776720178,0,-0.0047821650392968484,0,
SPY,2004-01-08,75.26105499267578,0.0800506592466102,0.23189161591927976,0,-0.008732016661163855,0,
SPY,2004-01-09,74.60387420654297,0.09014989902086691,0.23114790678656844,0,0.0015126074310738424,0,
SPY,2004-01-12,75.15484619140625,0.08638974502725705,0.23096799898402404,0,-0.005829638839732754,0,
SPY,2004-01-13,74.71672058105469,0.09148401955954764,0.23071714984415936,0,0.0025761568914162147,0,
SPY,2004-01-14,75.34066772460938,0.08969663894429673,0.23049203674834276,0,-0.005726855919340967,0,
SPY,2004-01-15,75.52656555175781,0.08929646813498111,0.2303901933214653,0,-0.008174116902630035,0,
SPY,2004-01-16,75.82530975341797,0.08938705747702175,0.23017242692748707,0,-0.012081812533486946,0,
SPY,2004-01-20,75.80536651611328,0.08425287353885798,0.22979240294934844,0,-0.011821906305791607,0,
SPY,2004-01-21,76.40277862548828,0.08430042810311275,0.22954599503327144,0,-0.01954871375982159,0,
SPY,2004-01-22,76.20365142822266,0.08483565372183109,0.2294840854129948,0,-0.016986703763904543,0,
SPY,2004-01-23,75.95802307128906,0.08691909179516442,0.22928048983347565,0,-0.013807896166822542,0,
SPY,2004-01-26,76.91392517089844,0.09350647301868761,0.22828532833034856,0,-0.026064494703143315,0,
SPY,2004-01-27,76.12398529052734,0.10431587691806324,0.22740149292444695,0,-0.018311793181670755,0,
SPY,2004-01-28,75.2544174194336,0.10660297635858235,0.227277178114274,0,-0.0198466160983245,0,
SPY,2004-01-29,75.32744598388672,0.10656081637179622,0.2271589469669767,0,-0.020796856659852647,0,
SPY,2004-01-30,75.32744598388672,0.10662254817660596,0.22706667430822308,0,-0.020796856659852647,0,
SPY,2004-02-02,75.65267944335938,0.10711359340006082,0.2269855959507635,0,-0.025006484503549253,0,
SPY,2004-02-03,75.52656555175781,0.10127762158535043,0.2268200826840072,0,-0.023378445076266074,0,
SPY,2004-02-04,74.9092025756836,0.1059544606774593,0.2264498377511529,0,-0.015329634397273972,0,
SPY,2004-02-05,75.12826538085938,0.10578377798368997,0.22588008804869172,0,-0.01820078617176113,0,
SPY,2004-02-06,75.9712905883789,0.11214572975920488,0.2252758809812338,0,-0.038580761900151916,0,
SPY,2004-02-09,75.99122619628906,0.10672745962971222,0.22476829796661157,0,-0.040498891501700496,0,
SPY,2004-02-10,76.23681640625,0.10440488158086235,0.22427180695831023,0,-0.04358984007224609,0,
SPY,2004-02-11,77.04664611816406,0.10694872265285793,0.22394811515462382,0,-0.05364257310228748,1,27.0
SPY,2004-02-12,76.76789855957031,0.1052936919046431,0.22387909729274824,0,-0.05020630837113682,1,27.0
SPY,2004-02-13,76.42269897460938,0.1068498516871135,0.2238068860140832,0,-0.04591611196944034,0,
SPY,2004-02-17,77.11300659179688,0.11039409965314155,0.22376079971766882,0,-0.05445697173424979,1,24.0
SPY,2004-02-18,76.77452850341797,0.1119090471452784,0.2231761732330242,0,-0.05028832878813072,1,24.0
SPY,2004-02-19,76.48905944824219,0.10952883898058649,0.22248951037910816,0,-0.04674385725944474,0,
SPY,2004-02-20,76.25675201416016,0.10967896676491912,0.22149922287518742,0,-0.04383987193756955,0,
SPY,2004-02-23,76.06422424316406,0.10943040397037343,0.21846850025319572,0,-0.04141971476114581,0,
SPY,2004-02-24,75.9314956665039,0.0991603922652016,0.21379089377487182,0,-0.039744112354562766,0,
SPY,2004-02-25,76.2501220703125,0.09359272088879236,0.21108743956988066,0,-0.04375673386793377,0,
SPY,2004-02-26,76.29656219482422,0.08300758371335282,0.21072067806701703,0,-0.044338779179874166,0,
SPY,2004-02-27,76.34969329833984,0.0830009234275496,0.21043593486566292,0,-0.045003815711859296,0,
SPY,2004-03-01,77.10643768310547,0.08909814590315528,0.2101489072100876,0,-0.05437641833296314,1,15.0
SPY,2004-03-02,76.65501403808594,0.09162978483292468,0.2092931514232812,0,-0.048807613090288915,0,
SPY,2004-03-03,76.7944107055664,0.09129064173376929,0.20767556011509217,0,-0.05053421073782305,1,14.0
SPY,2004-03-04,76.99354553222656,0.08493363794559584,0.20554773049807357,0,-0.05298989327663195,1,12.0
SPY,2004-03-05,77.25243377685547,0.08505326082401142,0.20423603535142124,0,-0.056163512180129826,1,11.0
SPY,2004-03-08,76.30982971191406,0.08991095164707633,0.20408218096094588,0,-0.04450493407272604,0,
SPY,2004-03-09,76.00450134277344,0.09115559807776502,0.20371525418783026,0,-0.04066648049369703,0,
SPY,2004-03-10,74.73001861572266,0.10816605739669126,0.2033447381611172,0,-0.024305531804807212,0,
SPY,2004-03-11,73.76087188720703,0.10716171501932478,0.20323189667298114,0,-0.01148584736116165,0,
SPY,2004-03-12,74.73001861572266,0.11978708108070732,0.20298356134697706,0,-0.024305531804807212,0,
SPY,2004-03-15,73.81397247314453,0.1256075647408227,0.20258352761643866,0,-0.01219696856157837,0,
SPY,2004-03-16,74.20564270019531,0.12205220837939175,0.2023052984813019,0,-0.0174107639486496,0,
SPY,2004-03-17,75.03536224365234,0.1300431926842706,0.20105305276242386,0,-0.02827595427977636,0,
SPY,2004-03-18,75.0552749633789,0.1297644972128329,0.1989629453238505,0,-0.02853375985817741,0,
SPY,2004-03-19,73.97948455810547,0.1382331771683718,0.1989629453238505,0,-0.014406950697040455,0,
SPY,2004-03-22,73.0402603149414,0.1438996272364498,0.1989629453238505,0,-0.0017332159402385638,0,
SPY,2004-03-23,72.91366577148438,0.14389993878961785,0.1989629453238505,0,0.0008224389815150168,0,
SPY,2004-03-24,72.9736328125,0.14246072693346745,0.1989629453238505,0,0.01287104800936767,0,
SPY,2004-03-25,73.93950653076172,0.15234678881946553,0.1989629453238505,0,-0.00936913236159198,0,
SPY,2004-03-26,73.95951843261719,0.1522703438706931,0.1989629453238505,0,-0.019814582636598077,0,
SPY,2004-03-29,74.9986801147461,0.15696989434616476,0.1989629453238505,0,-0.033395770006125036,0,
SPY,2004-03-30,75.25174713134766,0.15689432046329332,0.1989629453238505,0,-0.03664640082924775,0,
SPY,2004-03-31,75.33837127685547,0.15675770422179378,0.1989629453238505,0,-0.03775406589999075,0,
SPY,2004-04-01,75.79135131835938,0.15823842101885266,0.1989629453238505,0,-0.04350509415827708,0,
SPY,2004-04-02,76.36420440673828,0.16036678737948143,0.1989629453238505,0,-0.05068032848549775,1,25.0
SPY,2004-04-05,76.78385925292969,0.1554996518571719,0.1989629453238505,0,-0.05586874444442458,1,24.0
SPY,2004-04-06,76.53740692138672,0.1552323749286035,0.1989629453238505,0,-0.05282861859520083,1,23.0
SPY,2004-04-07,76.35755920410156,0.141782043481183,0.1989629453238505,0,-0.050597711628044495,1,22.0
SPY,2004-04-08,76.18437194824219,0.13238335867497497,0.19833716366675963,0,-0.04843946876504035,0,
SPY,2004-04-12,76.48412322998047,0.12572194533810438,0.19658203917373132,0,-0.05216875893460371,1,20.0
SPY,2004-04-13,75.4116439819336,0.12839842509307692,0.19493948438766362,0,-0.0386890191621001,0,
SPY,2004-04-14,75.53156280517578,0.12745298407397193,0.19473046278408535,0,-0.04021525901879719,0,
SPY,2004-04-15,75.24510955810547,0.12246938043629262,0.19362219172943235,0,-0.03656142082044489,0,
SPY,2004-04-16,75.82462310791016,0.12535832719043793,0.19188855687528664,0,-0.04392480342828908,0,
SPY,2004-04-19,75.82462310791016,0.11232455163757085,0.19112572951061227,0,-0.04392480342828908,0,
SPY,2004-04-20,74.5523452758789,0.11988897427511984,0.1898274504587116,0,-0.027608840813674096,0,
SPY,2004-04-21,75.05195617675781,0.12103520792963231,0.18849713255919534,0,-0.03408191956865814,0,
SPY,2004-04-22,76.10443878173828,0.1288273557333622,0.18849713255919534,0,-0.04744003630618088,0,
SPY,2004-04-23,76.17768859863281,0.12204959392829619,0.18822441894844547,0,-0.04835598484971404,0,
SPY,2004-04-26,76.07112884521484,0.1224146232541979,0.18630396410846511,0,-0.04702293046843309,0,
SPY,2004-04-27,76.13771057128906,0.11308556111417567,0.18455505064401376,0,-0.04785630013140907,0,
SPY,2004-04-28,75.15184783935547,0.12263849252539943,0.18424870132242666,0,-0.035365815650543975,0,
SPY,2004-04-29,74.4924087524414,0.12637048471102386,0.18424870132242666,0,-0.026826455783050762,0,
SPY,2004-04-30,73.91287994384766,0.12636762076283412,0.18424870132242666,0,-0.019196092779153906,0,
SPY,2004-05-03,74.70555877685547,0.12970712822552213,0.18424870132242666,0,-0.0296031161561906,0,
SPY,2004-05-04,74.64558410644531,0.1273771796952176,0.18424870132242666,0,-0.028823441993649612,0,
SPY,2004-05-05,75.12520599365234,0.1301188425280136,0.18424870132242666,0,-0.03502372493998307,0,
SPY,2004-05-06,74.47909545898438,0.1329120612447185,0.18424870132242666,0,-0.026652498984852113,0,
SPY,2004-05-07,73.24675750732422,0.14378933569182034,0.18424870132242666,0,-0.010276442126163188,0,
SPY,2004-05-10,72.4940414428711,0.14494044374750825,0.18424870132242666,0,0.002480756822370589,0,
SPY,2004-05-11,73.10685729980469,0.1434135923461555,0.18424870132242666,0,-0.005922505562882763,0,
SPY,2004-05-12,73.57316589355469,0.14577865544086416,0.18424870132242666,0,-0.012222993966224727,0,
SPY,2004-05-13,73.26673126220703,0.14586927615857695,0.18424870132242666,0,-0.008091663449862674,0,
SPY,2004-05-14,73.3000259399414,0.14216281736293646,0.18424870132242666,0,-0.008542212654777503,0,
SPY,2004-05-17,72.67388153076172,0.14405659363439854,0.18424870132242666,0,0.00155823661323784,0,
SPY,2004-05-18,73.0402603149414,0.13492961065028886,0.18424870132242666,0,-0.003465700697955487,0,
SPY,2004-05-19,72.78712463378906,0.1320226406027438,0.18424870132242666,0,0.003203549889238877,0,
SPY,2004-05-20,73.02030181884766,0.12033791163045586,0.18383090472126906,0,0.0017326448447938514,0,
SPY,2004-05-21,73.14682006835938,0.12062542796416738,0.1836630027678679,0,0.004188996088657193,0,
SPY,2004-05-24,73.45323181152344,0.1226217758131683,0.1836630027678679,0,0.014299837281366967,0,
SPY,2004-05-25,74.50570678710938,0.1349532655165532,0.1836630027678679,0,-2.826243762299452e-05,0,
SPY,2004-05-26,74.7655029296875,0.12811698530099552,0.1836630027678679,0,-0.0035029772449340912,0,
SPY,2004-05-27,75.18515014648438,0.1255389137175514,0.1836630027678679,0,-0.009064942624145256,0,
SPY,2004-05-28,75.17852020263672,0.12172407315538163,0.18335012372519224,0,-0.00897755271849976,0,
SPY,2004-06-01,75.07860565185547,0.11621385615992717,0.18307635173076595,0,-0.013357988753445738,0,
SPY,2004-06-02,75.35835266113281,0.11677808671976002,0.18284332212183402,0,-0.01781911581726714,0,
SPY,2004-06-03,74.66558074951172,0.11941212890359891,0.1825991815421481,0,-0.012914743239381132,0,
SPY,2004-06-04,75.25843048095703,0.11854283901923782,0.18206946081376046,0,-0.020690526306398893,0,
SPY,2004-06-07,76.40416717529297,0.11081002555792147,0.18124547692034976,0,-0.041150549800702874,0,
SPY,2004-06-08,76.5107421875,0.10070786770504582,0.18072250469596743,0,-0.04248617129564625,0,
SPY,2004-06-09,75.7979965209961,0.10689234337251988,0.18041688713900414,0,-0.038951504253399216,0,
SPY,2004-06-10,76.17103576660156,0.10619572964609054,0.18008018412250212,0,-0.04550090195304635,0,
SPY,2004-06-14,75.41828918457031,0.11223948090784543,0.17975704151687036,0,-0.03597408900919408,0,
SPY,2004-06-15,75.95120239257812,0.11388990453006263,0.17958559180631165,0,-0.04273819707654669,0,
SPY,2004-06-16,75.93785858154297,0.10748191048337052,0.17947231548109113,0,-0.04256998689985769,0,
SPY,2004-06-17,75.82462310791016,0.10769526569407378,0.17928613116300918,0,-0.04114017377900148,0,
SPY,2004-06-18,75.96773529052734,0.10583336985675568,0.17846622594212752,0,-0.04294652646319874,0,
SPY,2004-06-21,75.68025970458984,0.10779505368898833,0.17779295604251072,0,-0.03931110674935978,0,
SPY,2004-06-22,76.06131744384766,0.10840302782368633,0.17744650447485968,0,-0.04412403860611391,0,
SPY,2004-06-23,76.71653747558594,0.1107003660050775,0.17710769033145735,0,-0.05533788346349566,1,21.0
SPY,2004-06-24,76.47584533691406,0.10248100226443804,0.17706144437527638,0,-0.06591504534887915,1,29.0
SPY,2004-06-25,76.10812377929688,0.10436199223124192,0.1760979967804164,0,-0.06140195059085907,1,29.0
SPY,2004-06-28,75.8473892211914,0.10388065315690205,0.1747439571597654,0,-0.05817540647161901,1,28.0
SPY,2004-06-29,76.1615982055664,0.10467488255583512,0.17428807083388567,0,-0.06206095714235482,1,27.0
SPY,2004-06-30,76.56939697265625,0.10567477663647971,0.17405247776410945,0,-0.06705629993471574,1,17.0
SPY,2004-07-01,75.50640869140625,0.11759954661848995,0.17405247776410945,0,-0.053922206585255594,1,25.0
SPY,2004-07-02,75.46631622314453,0.11237972726340437,0.17380321773073998,0,-0.053419590374422676,1,24.0
SPY,2004-07-06,74.80445861816406,0.11349004085770212,0.17299862814201536,0,-0.04504440185746328,0,
SPY,2004-07-07,75.02503967285156,0.09885017272498257,0.1721235567616864,0,-0.04785206599115166,0,
SPY,2004-07-08,74.50360107421875,0.10070815695395167,0.17182066894316178,0,-0.041188137305260164,0,
SPY,2004-07-09,74.69747924804688,0.0969366119239795,0.1715878181184956,0,-0.043676744616448104,0,
SPY,2004-07-12,74.73088836669922,0.09476244357279288,0.17153690092185916,0,-0.04410427756577329,0,
SPY,2004-07-13,74.78436279296875,0.08872921110882115,0.171517340896601,0,-0.04478778911045511,0,
SPY,2004-07-14,74.55707550048828,0.08460392123335024,0.17116836484786452,0,-0.04187582407293233,0,
SPY,2004-07-15,74.0757064819336,0.08679115093991537,0.17053495904082355,0,-0.035649608811225475,0,
SPY,2004-07-16,74.01553344726562,0.08679862167858726,0.16993170147890835,0,-0.03486561271177946,0,
SPY,2004-07-19,73.7012939453125,0.08663294240245231,0.16957546887776284,0,-0.030750578457369726,0,
SPY,2004-07-20,74.63728332519531,0.0995367364058648,0.16904609348968436,0,-0.04290545768935827,0,
SPY,2004-07-21,73.26009368896484,0.115617418726123,0.16904609348968436,0,-0.024913388362240996,0,
SPY,2004-07-22,73.46063995361328,0.11035041300424257,0.1685282091757314,0,-0.027575357789626054,0,
SPY,2004-07-23,72.84555053710938,0.11252850654262979,0.1685282091757314,0,-0.019364449898052083,0,
SPY,2004-07-26,72.70518493652344,0.1121821110007458,0.1684230244090622,0,-0.01747122181444072,0,
SPY,2004-07-27,73.38710021972656,0.1193775588172479,0.1684230244090622,0,-0.02660091065656134,0,
SPY,2004-07-28,73.60771179199219,0.11871580972221035,0.1684230244090622,0,-0.029518310183241803,0,
SPY,2004-07-29,73.92192840576172,0.1179247044158543,0.1684230244090622,0,-0.03364349301972991,0,
SPY,2004-07-30,74.10248565673828,0.10945570678893023,0.16831619393144343,0,-0.03599810599684272,0,
SPY,2004-08-02,74.2562255859375,0.10997317233839511,0.16824588056996298,0,-0.03799397343775435,0,
SPY,2004-08-03,73.68125915527344,0.10903115786849406,0.16809489808367473,0,-0.03048702828357086,0,
SPY,2004-08-04,73.67459106445312,0.10819384525609906,0.16791738612322987,0,-0.030399280249228666,0,
SPY,2004-08-05,72.47120666503906,0.11987255277695828,0.16791738612322987,0,-0.014299060127302532,0,
SPY,2004-08-06,71.4349365234375,0.12734058855681832,0.16791738612322987,0,0.001216581652269788,0,
SPY,2004-08-09,71.53520965576172,0.12765212280223043,0.16791738612322987,0,-0.00018685482691771504,0,
SPY,2004-08-10,72.45780944824219,0.13809619508667384,0.16791738612322987,0,-0.012917399778250238,0,
SPY,2004-08-11,72.31074523925781,0.1380006170828327,0.16791738612322987,0,-0.010909890087628993,0,
SPY,2004-08-12,71.52184295654297,0.1410251459405011,0.16791738612322987,0,0.0019628757169307676,0,
SPY,2004-08-13,71.6622314453125,0.14161319724400873,0.16791738612322987,0,0.010355468038026894,0,
SPY,2004-08-16,72.40432739257812,0.14732688196285976,0.16791738612322987,0,0.005632559129542303,0,
SPY,2004-08-17,72.81214904785156,0.14076193828735664,0.16791738612322987,0,0.007345839121659425,0,
SPY,2004-08-18,73.56092834472656,0.13037320997216092,0.16791738612322987,0,-0.0029079698785846597,0,
SPY,2004-08-19,73.34701538085938,0.13046105725361895,0.16791738612322987,0,0.004466107883092318,0,
SPY,2004-08-20,73.86176300048828,0.12886186823245413,0.16791738612322987,0,-0.0025340843276908664,0,
SPY,2004-08-23,73.67459106445312,0.12904403912337403,0.16791738612322987,0,0.0013608202242676448,0,
SPY,2004-08-24,73.77484893798828,0.12497568045695827,0.16791738612322987,0,0.0016309512372363333,0,
SPY,2004-08-25,74.27627563476562,0.12677610328982955,0.16791738612322987,0,-0.005130891558146722,0,
SPY,2004-08-26,74.27627563476562,0.1259784453093431,0.16791738612322987,0,-0.005130891558146722,0,
SPY,2004-08-27,74.51026153564453,0.12616669595334834,0.16791738612322987,0,-0.008255096732007305,0,
SPY,2004-08-30,73.89517211914062,0.12952466340321034,0.16791738612322987,0,0.005247797036173729,0,
SPY,2004-08-31,74.282958984375,0.1277125527072796,0.16791738612322987,0,0.0009087532825220457,0,
SPY,2004-09-01,74.42337799072266,0.12780354586439505,0.16791738612322987,0,-0.0019716404842282653,0,
SPY,2004-09-02,75.26575469970703,0.1163407780721713,0.16809489808367473,0,-0.013141605474498164,0,
SPY,2004-09-03,74.95817565917969,0.10207233714446089,0.16809489808367473,0,-0.009092187843196209,0,
SPY,2004-09-07,75.45294189453125,0.10304578670809686,0.16809489808367473,0,-0.015589850034904762,0,
SPY,2004-09-08,75.26575469970703,0.09720558136406866,0.16809489808367473,0,-0.014211727183737088,0,
SPY,2004-09-09,75.1988754272461,0.09667557111238777,0.16809489808367473,0,-0.013335001273782954,0,
SPY,2004-09-10,75.58661651611328,0.0842128391064123,0.16809489808367473,0,-0.02310379761809711,0,
SPY,2004-09-13,75.83399963378906,0.08417532707380387,0.16809489808367473,0,-0.027441433425549278,0,
SPY,2004-09-14,75.9877700805664,0.07942238733824272,0.16809489808367473,0,-0.029409523358188694,0,
SPY,2004-09-15,75.41282653808594,0.08593768922980612,0.16809489808367473,0,-0.022009791077149954,0,
SPY,2004-09-16,75.64010620117188,0.08011621924225475,0.16809489808367473,0,-0.024948407855320043,0,
SPY,2004-09-17,75.96170043945312,0.07903424712796367,0.16809489808367473,0,-0.029076422002536684,0,
SPY,2004-09-20,75.50521850585938,0.08106834331511871,0.16804108267836246,0,-0.023206508888893418,0,
SPY,2004-09-21,75.8341064453125,0.08065297122257434,0.1677548294823859,0,-0.02744280326383175,0,
SPY,2004-09-22,74.88753509521484,0.09475129318893778,0.1674122341609478,0,-0.015149772419763119,0,
SPY,2004-09-23,74.4847640991211,0.0943312103500248,0.1670455944421843,0,-0.009824265761276929,0,
SPY,2004-09-24,74.82711791992188,0.09563627490495959,0.16671715016837466,0,-0.014354581177722925,0,
SPY,2004-09-27,74.3504638671875,0.09792790766156886,0.16636826493215215,0,-0.008035698160665516,0,
SPY,2004-09-28,74.70629119873047,0.09436563490970475,0.1661327936722492,0,-0.012760440947995555,0,
SPY,2004-09-29,75.08229064941406,0.09422779220352835,0.1659130420888582,0,-0.017704370184650542,0,
SPY,2004-09-30,75.02851867675781,0.09418524109650504,0.16568334232490622,0,-0.017000371562815197,0,
SPY,2004-10-01,76.29737854003906,0.10412236160210062,0.16555838449303809,0,-0.033348099335529846,0,
SPY,2004-10-04,76.4249267578125,0.10261543881345621,0.16551717511011188,0,-0.034961378305724766,0,
SPY,2004-10-05,76.46520233154297,0.10045307151577244,0.16523424461072628,0,-0.03546968120659555,0,
SPY,2004-10-06,76.98885345458984,0.10200378166331117,0.1648461387387017,0,-0.042030077445602276,0,
SPY,2004-10-07,76.16312408447266,0.11031151025384603,0.1648461387387017,0,-0.031644160241566244,0,
SPY,2004-10-08,75.53205108642578,0.11332831308801068,0.1648461387387017,0,-0.023553512441292446,0,
SPY,2004-10-11,75.8408432006836,0.11367855736536747,0.1648461387387017,0,-0.02752919312505031,0,
SPY,2004-10-12,75.54548645019531,0.11422671149550997,0.1648461387387017,0,-0.02372716826612431,0,
SPY,2004-10-13,74.88085174560547,0.11535908683531165,0.1648461387387017,0,-0.015061871464707832,0,
SPY,2004-10-14,74.27664184570312,0.11777935377086655,0.1648461387387017,0,-0.0070498053122215465,0,
SPY,2004-10-15,74.69288635253906,0.11865373077255484,0.1648461387387017,0,-0.012583264846101394,0,
SPY,2004-10-18,74.97481536865234,0.11806904974755711,0.1648461387387017,0,-0.0162962640347879,0,
SPY,2004-10-19,74.34376525878906,0.12003757523078916,0.1648461387387017,0,-0.007946319039496164,0,
SPY,2004-10-20,74.19609832763672,0.112129861309548,0.1648461387387017,0,-0.005971908984146124,0,
SPY,2004-10-21,74.679443359375,0.11313323527152651,0.1648461387387017,0,-0.012405520666128322,0,
SPY,2004-10-22,73.84027862548828,0.11875004636056927,0.1648461387387017,0,-0.0011819110879254247,0,
SPY,2004-10-25,73.75300598144531,0.1168426257803741,0.1648461387387017,0,0.015292200624933194,0,
SPY,2004-10-26,74.88085174560547,0.12823516236744129,0.1648461387387017,0,0.012013510640021208,0,
SPY,2004-10-27,75.78043365478516,0.13397097293723245,0.1648461387387017,0,0.0028348807317410962,0,
SPY,2004-10-28,76.00867462158203,0.13418815302304762,0.1648461387387017,0,-0.00017645980084135537,0,
SPY,2004-10-29,75.9952621459961,0.11990823096739427,0.16521351194418088,0,0.002738621429032584,0,
SPY,2004-11-01,76.20338439941406,0.12018748952125086,0.16548799804731446,0,0.00035241832054655475,0,
SPY,2004-11-02,76.23023986816406,0.120176144423329,0.16551717511011188,0,0.012593815836223321,0,
SPY,2004-11-03,77.19026947021484,0.12610978070164724,0.16555838449303809,0,0.013654384198125147,0,
SPY,2004-11-04,78.24425506591797,0.12776350174799425,0.16568334232490622,0,0.0028312251094058105,0,
SPY,2004-11-05,78.73430633544922,0.1235352941176462,0.1659130420888582,0,-0.003410510391465449,0,
SPY,2004-11-08,78.62020874023438,0.12390463220334172,0.1661327936722492,0,-0.001964209675622497,0,
SPY,2004-11-09,78.46578216552734,0.12290967677076463,0.16636826493215215,0,0.0007697867125886493,0,
SPY,2004-11-10,78.52618408203125,0.11633795978255769,0.16671715016837466,0,0.0068220963754097586,0,
SPY,2004-11-11,79.12371826171875,0.1107896684335725,0.16671715016837466,0,-0.0007813205097646492,0,
SPY,2004-11-12,79.74806213378906,0.11173908740441513,0.1670455944421843,0,-0.008604157111753885,0,
SPY,2004-11-15,79.94398498535156,0.11175950507777783,0.16739350559083205,0,-0.011033822090319334,0,
SPY,2004-11-16,79.37162780761719,0.11008376395430662,0.16739350559083205,0,-0.003902282696480519,0,
SPY,2004-11-17,79.84294891357422,0.10864156698372832,0.16739350559083205,0,-0.009782349554594116,0,
SPY,2004-11-18,79.95069885253906,0.10840133143120483,0.16739350559083205,0,-0.011116870614806484,0,
SPY,2004-11-19,79.06189727783203,0.10818350343435243,0.16739350559083205,0,0.003321978295250494,0,
SPY,2004-11-22,79.43895721435547,0.10688132390456719,0.16739350559083205,0,-0.0014403264317331965,0,
SPY,2004-11-23,79.56019592285156,0.09808532890338992,0.16739350559083205,0,-0.0029619929356353714,0,
SPY,2004-11-24,79.74872589111328,0.09226360768836184,0.1670455944421843,0,-0.005319040546455156,0,
SPY,2004-11-26,79.68807983398438,0.09298368121826078,0.1670455944421843,0,-0.004562045542713999,0,
SPY,2004-11-29,79.32453918457031,0.09584184688724619,0.1670455944421843,0,0.0006788349123121318,0,
SPY,2004-11-30,79.37838745117188,0.0959515324246583,0.1670455944421843,0,0.0017810932496651333,0,
SPY,2004-12-01,80.2806625366211,0.10112883879045126,0.16671715016837466,0,-0.00947793343189629,0,
SPY,2004-12-02,80.34797668457031,0.0941824076419718,0.16671715016837466,0,-0.010307775721487333,0,
SPY,2004-12-03,80.29407501220703,0.08401998806649259,0.16671715016837466,0,-0.009643392128981465,0,
SPY,2004-12-06,80.26717376708984,0.08210215117397368,0.1665639235731047,0,-0.00931147779076058,0,
SPY,2004-12-07,79.51976776123047,0.08963454854739088,0.1661997704936205,0,-0.0003804154635768109,0,
SPY,2004-12-08,79.9843978881836,0.09096929352229634,0.1661175258289875,0,-0.012277327264237914,0,
SPY,2004-12-09,80.26717376708984,0.09141957283156697,0.1658208492436643,0,-0.017695172572297135,0,
SPY,2004-12-10,80.34797668457031,0.08815525040828207,0.16555838449303809,0,-0.018683039338661556,0,
SPY,2004-12-13,81.0482177734375,0.08907064634093916,0.16549644244356643,0,-0.027161430053904922,0,
SPY,2004-12-14,81.33103942871094,0.08939729839487259,0.16529645565611448,0,-0.030544392039865587,0,
SPY,2004-12-15,81.3916015625,0.08421325578850443,0.1650427022195263,0,-0.03126574779530866,0,
SPY,2004-12-16,81.34449768066406,0.08258343488422995,0.1650427022195263,0,-0.030704786143969764,0,
SPY,2004-12-17,80.80194854736328,0.0868660227251449,0.1650427022195263,0,-0.024196400051251676,0,
SPY,2004-12-20,80.8222427368164,0.07511196002228993,0.1650427022195263,0,-0.02444142100657065,0,
SPY,2004-12-21,81.44461822509766,0.07766160190159216,0.1650427022195263,0,-0.03189634878669623,0,
SPY,2004-12-22,81.64080047607422,0.07776634126124711,0.1650427022195263,0,-0.03422269483384599,0,
SPY,2004-12-23,81.70167541503906,0.07768170443810733,0.1650427022195263,0,-0.03494228392681087,0,
SPY,2004-12-27,81.53256225585938,0.07826014837248196,0.1650427022195263,0,-0.03294058111458087,0,
SPY,2004-12-28,81.97903442382812,0.07662653717817598,0.1650427022195263,0,-0.038207355947182164,0,
SPY,2004-12-29,82.10078430175781,0.07654499215959298,0.1650427022195263,0,-0.039633629009041216,0,
SPY,2004-12-30,81.94522857666016,0.06846367823880702,0.1650427022195263,0,-0.03781057610170635,0,
SPY,2004-12-31,81.76935577392578,0.06938704592835589,0.1650427022195263,0,-0.03574106058283355,0,
SPY,2005-01-03,81.38375854492188,0.07203016948487889,0.1650427022195263,0,-0.031172390104481695,0,
SPY,2005-01-04,80.3892822265625,0.08550282176566153,0.1650427022195263,0,-0.019187258655012807,0,
SPY,2005-01-05,79.83452606201172,0.08232349007422951,0.1650427022195263,0,-0.012371762385786522,0,
SPY,2005-01-06,80.24044036865234,0.08168045685388968,0.1650427022195263,0,-0.017367901856707224,0,
SPY,2005-01-07,80.12542724609375,0.08086096738862825,0.1650427022195263,0,-0.01595741844565901,0,
SPY,2005-01-10,80.5042953491211,0.08258195023369962,0.1650427022195263,0,-0.020588504831233978,0,
SPY,2005-01-11,79.94950866699219,0.07958848153681668,0.1650427022195263,0,-0.013792159701624396,0,
SPY,2005-01-12,80.21336364746094,0.07946023577965433,0.1650427022195263,0,-0.017036205813238836,0,
SPY,2005-01-13,79.57068634033203,0.08338069587644456,0.1650427022195263,0,-0.009096994109682677,0,
SPY,2005-01-14,79.99011993408203,0.08641205564931878,0.1650427022195263,0,-0.014292860913742378,0,
SPY,2005-01-18,80.8222427368164,0.09208962252562823,0.1650427022195263,0,-0.02444142100657065,0,
SPY,2005-01-19,79.97659301757812,0.09936636769639683,0.1650427022195263,0,-0.01412614240693133,0,
SPY,2005-01-20,79.48951721191406,0.0962808376626037,0.1650427022195263,0,-0.008085153351857444,0,
SPY,2005-01-21,79.00240325927734,0.09679992986034973,0.1650427022195263,0,-0.001969193055762486,0,
SPY,2005-01-24,78.84683227539062,0.09639054305373111,0.1650427022195263,0,0.0028314560817570555,0,
SPY,2005-01-25,79.07008361816406,0.09775189711686871,0.1650427022195263,0,0.0029944401099435414,0,
SPY,2005-01-26,79.30685424804688,0.09578044312793797,0.1650427022195263,0,0.0017057390022114927,0,
SPY,2005-01-27,79.44213104248047,0.0958793812048384,0.1650427022195263,0,0.0,0,
SPY,2005-01-28,79.44213104248047,0.09604982695746712,0.1650427022195263,0,0.00621705986349852,0,
SPY,2005-01-31,79.93602752685547,0.09985507747467762,0.1650427022195263,0,0.0037231653920948293,0,
SPY,2005-02-01,80.44339752197266,0.1022598698798434,0.1650427022195263,0,-0.002607484893839329,0,
SPY,2005-02-02,80.68695068359375,0.0930263222750784,0.1650427022195263,0,-0.0056181092683296185,0,
SPY,2005-02-03,80.47721099853516,0.08985638689829774,0.1650427022195263,0,-0.0030265514595751997,0,
SPY,2005-02-04,81.33638763427734,0.09565218890312181,0.1650427022195263,0,-0.013857899545846042,0,
SPY,2005-02-07,81.22815704345703,0.09562275338186575,0.16473910432748567,0,-0.02257762166943733,0,
SPY,2005-02-08,81.32283782958984,0.09445951016227198,0.16473910432748567,0,-0.02371559375248322,0,
SPY,2005-02-09,80.71400451660156,0.09510599102644622,0.16473910432748567,0,-0.016351388828761304,0,
SPY,2005-02-10,81.00486755371094,0.0952308101700414,0.16473910432748567,0,-0.01988336204387675,0,
SPY,2005-02-11,81.70167541503906,0.09372510471542612,0.16473910432748567,0,-0.03131760209965595,0,
SPY,2005-02-14,81.64080047607422,0.09279918834225845,0.16473910432748567,0,-0.030595310285947197,0,
SPY,2005-02-15,81.94522857666016,0.08674850803162613,0.1644058543091292,0,-0.03419666735718496,0,
SPY,2005-02-16,81.99933624267578,0.07600196834354367,0.1642384093271375,0,-0.03483395744456763,0,
SPY,2005-02-17,81.33638763427734,0.07886196951487663,0.16416458306947773,0,-0.02696717723221531,0,
SPY,2005-02-18,81.44461822509766,0.07400467754668806,0.16384617137915064,0,-0.02826022666372774,0,
SPY,2005-02-22,80.233642578125,0.09388626760795742,0.1632545436391668,0,-0.013593645876757599,0,
SPY,2005-02-23,80.8086929321289,0.09629615482361148,0.1632545436391668,0,-0.020613105077844973,0,
SPY,2005-02-24,81.3431167602539,0.09807222874432796,0.1632545436391668,0,-0.027047671571558518,0,
SPY,2005-02-25,82.1481704711914,0.10270447924311048,0.1632545436391668,0,-0.036582623817893456,0,
SPY,2005-02-28,81.60697174072266,0.10673499857899527,0.1632545436391668,0,-0.0301934606155404,0,
SPY,2005-03-01,82.01289367675781,0.1060776855169257,0.1632545436391668,0,-0.03499350766177778,0,
SPY,2005-03-02,81.97230529785156,0.10452745541500703,0.1632545436391668,0,-0.040812994903145605,0,
SPY,2005-03-03,82.006103515625,0.1042482996898593,0.1632545436391668,0,-0.05462472499010118,1,30.0
SPY,2005-03-04,83.02764892578125,0.11108328042164559,0.1638651484930682,0,-0.06625631742414495,1,28.0
SPY,2005-03-07,83.06822967529297,0.10582107137238768,0.1638651484930682,0,-0.06671247278749959,1,27.0
SPY,2005-03-08,82.75704193115234,0.1068887150665104,0.1638651484930682,0,-0.066075536471349,1,27.0
SPY,2005-03-09,81.83697509765625,0.1151921376263587,0.164571659345494,0,-0.05557572360732299,1,26.0
SPY,2005-03-10,82.0196533203125,0.11154258660880276,0.1650427022195263,0,-0.05767919199886884,1,25.0
SPY,2005-03-11,81.44461822509766,0.11435901150412625,0.16529645565611448,0,-0.051025989523854065,1,27.0
SPY,2005-03-14,81.95197296142578,0.11238186649228327,0.16529645565611448,0,-0.05690097265688965,1,23.0
SPY,2005-03-15,81.27547454833984,0.11630338291915708,0.16529645565611448,0,-0.04905106468740694,0,
SPY,2005-03-16,80.58546447753906,0.11888879581587923,0.16529645565611448,0,-0.04090859946198333,0,
SPY,2005-03-17,80.74781799316406,0.11921114575904475,0.16529645565611448,0,-0.04283697182612867,0,
SPY,2005-03-18,80.50809478759766,0.11636983609147832,0.16529645565611448,0,-0.0399868958186308,0,
SPY,2005-03-21,80.20923614501953,0.11668970671560912,0.16529645565611448,0,-0.03640989861778332,0,
SPY,2005-03-22,79.39421844482422,0.1100232431182607,0.1650802553044255,0,-0.026518208722186132,0,
SPY,2005-03-23,79.46215057373047,0.10641643591456607,0.16499731159249187,0,-0.02735043752615751,0,
SPY,2005-03-24,79.55721282958984,0.10309005387519404,0.164571659345494,0,-0.02851264844683732,0,
SPY,2005-03-28,79.67269897460938,0.0952629995013793,0.1638651484930682,0,-0.029920826287051616,0,
SPY,2005-03-29,79.14297485351562,0.09530643461650312,0.1632545436391668,0,-0.02342783889761413,0,
SPY,2005-03-30,80.26353454589844,0.10813655002651029,0.16278344610556097,0,-0.037061768759109714,0,
SPY,2005-03-31,80.11414337158203,0.10814775002426327,0.16260326944116837,0,-0.035266149819617176,0,
SPY,2005-04-01,79.75416564941406,0.10861471301958824,0.16260326944116837,0,-0.030911735337834867,0,
SPY,2005-04-04,79.8899917602539,0.09660647277073493,0.1624463825154779,0,-0.032559344595883166,0,
SPY,2005-04-05,80.27033233642578,0.09916902571635725,0.16228301151783864,0,-0.03714331635205248,0,
SPY,2005-04-06,80.54879760742188,0.10049935959403089,0.16224844009396178,0,-0.0404720084654866,0,
SPY,2005-04-07,80.98347473144531,0.09611820761906713,0.16221322503808017,0,-0.04562225509497897,0,
SPY,2005-04-08,80.14132690429688,0.1016811582680801,0.161948702786624,0,-0.035593382661778805,0,
SPY,2005-04-11,80.20244598388672,0.09944607231804886,0.16161773953729658,0,-0.03632831841191675,0,
SPY,2005-04-12,80.61672973632812,0.09852807541107295,0.16138288213308322,0,-0.04128055998355573,0,
SPY,2005-04-13,79.66590118408203,0.1028451568001574,0.1607806903919178,0,-0.02983805065883649,0,
SPY,2005-04-14,78.62677001953125,0.10845799081034295,0.1607806903919178,0,-0.017016393149933084,0,
SPY,2005-04-15,77.52654266357422,0.1168145757002176,0.1607806903919178,0,-0.0030662617812876602,0,
SPY,2005-04-18,77.76422882080078,0.11812859493145998,0.1607806903919178,0,-0.006113387083497734,0,
SPY,2005-04-19,78.38228607177734,0.12266811732803062,0.1607806903919178,0,-0.0139503469190283,0,
SPY,2005-04-20,77.28882598876953,0.12710113366942116,0.1607806903919178,0,0.0035144709473988733,0,
SPY,2005-04-21,78.78978729248047,0.14657008241138447,0.1607806903919178,0,-0.015602681673087426,0,
SPY,2005-04-22,78.49093627929688,0.1469098942047434,0.1607806903919178,0,-0.011854629351346846,0,
SPY,2005-04-25,79.00711822509766,0.14899173007095687,0.1607806903919178,0,-0.018310538788547825,0,
SPY,2005-04-26,78.23966217041016,0.1511003806963335,0.1607806903919178,0,-0.00868110660632948,0,
SPY,2005-04-27,78.54528045654297,0.1420847186067945,0.1607806903919178,0,-0.012538310749583781,0,
SPY,2005-04-28,77.56045532226562,0.14787899394028145,0.1607806903919178,0,0.013310441349422941,0,
SPY,2005-04-29,78.61319732666016,0.1567423827469763,0.1607806903919178,0,-0.00025921999722633426,0,
SPY,2005-05-02,79.05467987060547,0.15814600033974455,0.1607806903919178,0,-0.005842293681971089,0,
SPY,2005-05-03,79.19047546386719,0.15716758713382298,0.1607806903919178,0,-0.007547072378327857,0,
SPY,2005-05-04,79.80175018310547,0.15934513004733347,0.1607806903919178,0,-0.015149178639119909,0,
SPY,2005-05-05,79.77458190917969,0.15784740190383303,0.1607806903919178,0,-0.014813774851968442,0,
SPY,2005-05-06,79.52326965332031,0.1539765555360051,0.1607806903919178,0,-0.011700354418391012,0,
SPY,2005-05-09,80.01907348632812,0.1557231778559403,0.1607806903919178,0,-0.017823928849971304,0,
SPY,2005-05-10,79.19047546386719,0.15851446919757653,0.1607806903919178,0,-0.007547072378327857,0,
SPY,2005-05-11,79.62515258789062,0.15449392092048206,0.1607806903919178,0,-0.01296491548802925,0,
SPY,2005-05-12,78.74903869628906,0.15232916713998587,0.1607806903919178,0,-0.0019837636751905974,0,
SPY,2005-05-13,78.59281921386719,0.1431800508327745,0.1607806903919178,0,0.009332786348309918,0,
SPY,2005-05-16,79.32630920410156,0.1462265938604174,0.1607806903919178,0,0.00667826693793816,0,
SPY,2005-05-17,79.85607147216797,0.14550193132885597,0.1607806903919178,0,0.010291208615353487,0,
SPY,2005-05-18,80.67788696289062,0.13766736924446654,0.1607806903919178,0,0.0027776905668028817,0,
SPY,2005-05-19,81.01744079589844,0.12241500936203455,0.1607806903919178,0,-0.001425071272397549,0,
SPY,2005-05-20,80.90198516845703,0.12136446580345286,0.1607806903919178,0,0.0024342735301869922,0,
SPY,2005-05-23,81.35023498535156,0.12085115921737703,0.1607806903919178,0,-0.0030892628141102607,0,
SPY,2005-05-24,81.16006469726562,0.11441041429808675,0.1607806903919178,0,-0.0007533504070197372,0,
SPY,2005-05-25,81.09892272949219,0.11448780982573267,0.1607806903919178,0,0.000420610062392468,0,
SPY,2005-05-26,81.53358459472656,0.1019737925560867,0.1603357938292727,0,-0.004912709827197603,0,
SPY,2005-05-27,81.66944885253906,0.0933545306050826,0.1603275292283082,0,-0.006568124404343623,0,
SPY,2005-05-31,81.146484375,0.09674105835153257,0.16021224186267183,0,-0.0001657573049799188,0,
SPY,2005-06-01,81.83920288085938,0.10006301803033087,0.159863575870171,0,-0.008628739082979564,0,
SPY,2005-06-02,82.01582336425781,0.09752536866775642,0.15945912417049246,0,-0.010763649934911523,0,
SPY,2005-06-03,81.6015396118164,0.10003221980801864,0.15920506137226217,0,-0.005741385047435488,0,
SPY,2005-06-06,81.52681732177734,0.09907049380548084,0.15893329153026103,0,-0.004830110904264995,0,
SPY,2005-06-07,81.5879135131836,0.09731712892617611,0.1587408309218575,0,-0.005575332682930867,0,
SPY,2005-06-08,81.43855285644531,0.08836562542026509,0.1587408309218575,0,-0.0037515291380785243,0,
SPY,2005-06-09,81.82565307617188,0.08795523894225578,0.15862188600665056,0,-0.00846457434425496,0,
SPY,2005-06-10,81.63548278808594,0.07627478588172794,0.15776224439423614,0,-0.006154787336149159,0,
SPY,2005-06-13,81.89356231689453,0.07506423011681103,0.15690175347813162,0,-0.00928679303887392,0,
SPY,2005-06-14,82.0837173461914,0.07006816997915523,0.1566670857346867,0,-0.011581877922760886,0,
SPY,2005-06-15,82.23993682861328,0.06760464142971215,0.15645771894082589,0,-0.013459434903003942,0,
SPY,2005-06-16,82.45048522949219,0.059391012209239584,0.15627799596896993,0,-0.01597869889284209,0,
SPY,2005-06-17,82.75598907470703,0.059068160184587055,0.15600226106925202,0,-0.019611333758581706,0,
SPY,2005-06-20,82.78324127197266,0.05841264894841108,0.15522803027407206,0,-0.019934077165566944,0,
SPY,2005-06-21,82.83097839355469,0.056090712385544486,0.15460188043746817,0,-0.020498908428267515,0,
SPY,2005-06-22,82.89918518066406,0.05477391664762787,0.15441820763119068,0,-0.02130481046796351,0,
SPY,2005-06-23,81.73314666748047,0.07688921809118768,0.15441820763119068,0,-0.007342344440506299,0,
SPY,2005-06-24,81.1330337524414,0.07923035738701104,0.15416222703245092,0,0.0014287770978897996,0,
SPY,2005-06-27,81.24895477294922,0.07915890562378984,0.15398993854242501,0,0.00025174978306408136,0,
SPY,2005-06-28,81.93087768554688,0.08125021123019135,0.1536564815199747,0,-0.008073494689000094,0,
SPY,2005-06-29,81.71266174316406,0.07614040509335143,0.1532491552682282,0,-0.00542452728892584,0,
SPY,2005-06-30,81.2694091796875,0.07793766936606086,0.15305708910582905,0,0.002517239721881337,0,
SPY,2005-07-01,81.50804901123047,0.07682925830243192,0.1529831806645484,0,-0.00041793720982497007,0,
SPY,2005-07-05,82.16271209716797,0.08186111526303393,0.1527412131181251,0,-0.008382492677518005,0,
SPY,2005-07-06,81.47398376464844,0.08759201190817484,0.1527412131181251,0,0.003933529844391215,0,
SPY,2005-07-07,81.79446411132812,0.08843599643030536,0.1527412131181251,0,0.011421640815135747,0,
SPY,2005-07-08,82.72869110107422,0.09573962994478076,0.1527412131181251,0,0.005110474882682237,0,
SPY,2005-07-11,83.15147399902344,0.09640680549132451,0.1527412131181251,0,0.0020502200694936246,0,
SPY,2005-07-12,83.36966705322266,0.09626061201247935,0.1527412131181251,0,-0.000572321266054443,0,
SPY,2005-07-13,83.485595703125,0.09613441981130033,0.1527412131181251,0,-0.010454804990101096,0,
SPY,2005-07-14,83.81291198730469,0.09669068845369364,0.1527412131181251,0,-0.014319296135660742,0,
SPY,2005-07-15,83.76518249511719,0.09663728267021497,0.1527412131181251,0,-0.016932091113525782,0,
SPY,2005-07-18,83.43106079101562,0.09742381508203575,0.1527412131181251,0,-0.012995136197089141,0,
SPY,2005-07-19,83.88790130615234,0.09905911101672898,0.1527412131181251,0,-0.018370211784885515,0,
SPY,2005-07-20,84.17433166503906,0.09953536426246778,0.15210749779389854,0,-0.021710524288360178,0,
SPY,2005-07-21,83.68338012695312,0.1022985693806872,0.15210749779389854,0,-0.0159711203342503,0,
SPY,2005-07-22,84.2425308227539,0.08856698208017863,0.15122114878836163,0,-0.02250250569719514,0,
SPY,2005-07-25,84.00384521484375,0.08387602301378291,0.1507143233323525,0,-0.019725078270371954,0,
SPY,2005-07-26,84.10613250732422,0.0838897255153932,0.15038706715957748,0,-0.020917258491255253,0,
SPY,2005-07-27,84.41300201416016,0.08055016270936552,0.15007142837876214,0,-0.024476551856843276,0,
SPY,2005-07-28,84.94488525390625,0.08068432609606085,0.1499154729620222,0,-0.03058480158248289,0,
SPY,2005-07-29,84.37892150878906,0.08230034432461406,0.14954283130285906,0,-0.02408253956657469,0,
SPY,2005-08-01,84.31752014160156,0.08270270424250034,0.14923607743538747,0,-0.02337186085790144,0,
SPY,2005-08-02,84.82207489013672,0.08094258040195988,0.14910933001083426,0,-0.029181225528542076,0,
SPY,2005-08-03,85.04718017578125,0.07180658349890504,0.14890154505956554,0,-0.03175081616146824,0,
SPY,2005-08-04,84.36528015136719,0.0799873240860407,0.1486796396413786,0,-0.02392473959402519,0,
SPY,2005-08-05,83.79246520996094,0.07635276712271118,0.14859720361665735,0,-0.017252176712666323,0,
SPY,2005-08-08,83.63560485839844,0.07495055488279889,0.14819038982085145,0,-0.015409012317321391,0,
SPY,2005-08-09,84.14026641845703,0.0772833910664629,0.14746005323584715,0,-0.021314451472842944,0,
SPY,2005-08-10,84.09931182861328,0.07727107858847873,0.14711816823578838,0,-0.020837852267041934,0,
SPY,2005-08-11,84.43343353271484,0.07730301367807269,0.14700010230442262,0,-0.024712612675376056,0,
SPY,2005-08-12,83.91520690917969,0.08067301984218869,0.14675985358382818,0,-0.018689629376810513,0,
SPY,2005-08-15,84.43343353271484,0.081893406696586,0.14645794933846884,0,-0.024712612675376056,0,
SPY,2005-08-16,83.3355712890625,0.09299778676690232,0.14621188781234412,0,-0.01186418333492023,0,
SPY,2005-08-17,83.32875061035156,0.09195604773170617,0.14605570800615889,0,-0.011783301803889534,0,
SPY,2005-08-18,83.32195281982422,0.08976267644725473,0.14589203271768358,0,-0.01170267851215645,0,
SPY,2005-08-19,83.51290893554688,0.08660759315078068,0.1455041334183138,0,-0.013962465892285558,0,
SPY,2005-08-22,83.51290893554688,0.08614810886932757,0.14515574115891172,0,-0.013962465892285558,0,
SPY,2005-08-23,83.35601806640625,0.08612962826382733,0.14507381010391965,0,-0.01718498870546714,0,
SPY,2005-08-24,82.6127700805664,0.08972961423313794,0.14502469467456103,0,-0.01190758851338558,0,
SPY,2005-08-25,82.91278839111328,0.0873028908689826,0.14498464033695205,0,-0.015482981666972595,0,
SPY,2005-08-26,82.34686279296875,0.08744106573376231,0.14493281658071244,0,-0.013706379695383353,0,
SPY,2005-08-29,82.98097229003906,0.09297386515441558,0.14475995869654457,0,-0.022646201225727247,0,
SPY,2005-08-30,82.5445785522461,0.09065784091825102,0.14459801140879172,0,-0.025194830378316158,0,
SPY,2005-08-31,83.58789825439453,0.10252163904154958,0.14459801140879172,0,-0.037935628707945646,0,
SPY,2005-09-01,83.52649688720703,0.09894823069735167,0.14459801140879172,0,-0.037228403217578365,0,
SPY,2005-09-02,83.37650299072266,0.09626929356934077,0.14451502340800695,0,-0.035496382107962576,0,
SPY,2005-09-06,84.35164642333984,0.10479834171129265,0.14451502340800695,0,-0.046646483008218276,0,
SPY,2005-09-07,84.49482727050781,0.10284600416892947,0.14451502340800695,0,-0.04826198976316365,0,
SPY,2005-09-08,84.2152099609375,0.10358743699145725,0.14451502340800695,0,-0.04510196175917647,0,
SPY,2005-09-09,84.96536254882812,0.10742440299343965,0.14459801140879172,0,-0.05353268238543607,1,23.0
SPY,2005-09-12,84.79486846923828,0.10509438471598115,0.14475995869654457,0,-0.0516296536162234,1,22.0
SPY,2005-09-13,84.32433319091797,0.10499427147981186,0.14493281658071244,0,-0.04633768523651405,0,
SPY,2005-09-14,84.01748657226562,0.09426142217750105,0.14493281658071244,0,-0.04285474295199754,0,
SPY,2005-09-15,83.97657012939453,0.09430029438633537,0.14493281658071244,0,-0.04238838692949032,0,
SPY,2005-09-16,84.57372283935547,0.09721467373031407,0.14499597834293143,0,-0.04914982949861202,0,
SPY,2005-09-19,84.29293823242188,0.09807143813450292,0.14507381010391965,0,-0.045982493100385935,0,
SPY,2005-09-20,83.58077239990234,0.1031003393225524,0.14515574115891172,0,-0.037853605887085084,0,
SPY,2005-09-21,82.80010223388672,0.10826598201692986,0.14551095269299785,0,-0.028782131758927965,0,
SPY,2005-09-22,83.0945053100586,0.10407648192897233,0.14589885199236763,0,-0.032223147828237875,0,
SPY,2005-09-23,83.16300964355469,0.10335873445578739,0.14605570800615889,0,-0.033020340095751166,0,
SPY,2005-09-26,83.2589111328125,0.10002028909756629,0.14605570800615889,0,-0.03413415227759553,0,
SPY,2005-09-27,83.23838806152344,0.09642876067975714,0.14605570800615889,0,-0.033896010548639666,0,
SPY,2005-09-28,83.32054138183594,0.09429191014176633,0.14605570800615889,0,-0.03484858057740181,0,
SPY,2005-09-29,83.99849700927734,0.08781635201020974,0.14605570800615889,0,-0.042638360864284186,0,
SPY,2005-09-30,84.25871276855469,0.08829974098804826,0.14589885199236763,0,-0.04559497600407392,0,
SPY,2005-10-03,83.95738983154297,0.08912227217885497,0.14551095269299785,0,-0.04216961790866125,0,
SPY,2005-10-04,83.01237487792969,0.08781293937385531,0.14515574115891172,0,-0.031265652862094484,0,
SPY,2005-10-05,81.92354583740234,0.09757863758337529,0.14515574115891172,0,-0.018390403397019695,0,
SPY,2005-10-06,81.6290512084961,0.09765280712437942,0.14515574115891172,0,-0.014849032407124874,0,
SPY,2005-10-07,81.90982818603516,0.09167876122307671,0.14507381010391965,0,-0.018226010691979377,0,
SPY,2005-10-10,81.21818542480469,0.09467357297494601,0.14499597834293143,0,-0.009865360065305029,0,
SPY,2005-10-11,81.10176849365234,0.09383204301194827,0.14493281658071244,0,-0.00844407865122776,0,
SPY,2005-10-12,80.46488189697266,0.09602926027202625,0.14477642508786903,0,-0.0005958265780562355,0,
SPY,2005-10-13,80.41693878173828,0.09600487355085328,0.14462667462831125,0,0.0020438485831053566,0,
SPY,2005-10-14,81.26609802246094,0.10101010582349006,0.14462667462831125,0,-0.00842662821274709,0,
SPY,2005-10-17,81.56741333007812,0.102844896709985,0.14462667462831125,0,-0.012089564468136582,0,
SPY,2005-10-18,80.68402862548828,0.10529146430443746,0.14462667462831125,0,-0.0012732358449789594,0,
SPY,2005-10-19,82.02622985839844,0.1195621642654066,0.14462667462831125,0,-0.017615475351821175,0,
SPY,2005-10-20,80.581298828125,0.1332302864505011,0.14462667462831125,0,0.0036543434395459595,0,
SPY,2005-10-21,80.8963394165039,0.1343961739120536,0.14462667462831125,0,-0.00025426178495358,0,
SPY,2005-10-24,82.14954376220703,0.1468542174953912,0.14462667462831125,1,-0.01550554190594755,0,
SPY,2005-10-25,81.98513793945312,0.1469193031894637,0.14462667462831125,1,-0.013531322852987637,0,
SPY,2005-10-26,81.74549865722656,0.14695957723314113,0.14462667462831125,1,-0.01063946153201456,0,
SPY,2005-10-27,80.87577056884766,0.14674242507218843,0.14462667462831125,1,0.014394820494674443,0,
SPY,2005-10-28,82.03996276855469,0.15682864112993922,0.14462667462831125,1,0.002754078761351808,0,
SPY,2005-10-31,82.26590728759766,0.15723505304607602,0.14462667462831125,1,0.00299682168484372,0,
SPY,2005-11-01,82.51244354248047,0.15294651464631503,0.14462667462831125,1,0.010457074206909889,0,
SPY,2005-11-02,83.37528228759766,0.14945039228785975,0.14462667462831125,1,0.002957495608823635,0,
SPY,2005-11-03,83.7314224243164,0.148930089929161,0.14462667462831125,1,-0.001308446725215684,0,
SPY,2005-11-04,83.62186431884766,0.14896837409265024,0.14462667462831125,1,0.000982620750815233,0,
SPY,2005-11-07,83.70403289794922,0.14467786104714853,0.14462667462831125,1,0.0,0,
SPY,2005-11-08,83.70403289794922,0.14438030830511786,0.14462667462831125,0,0.0013087837262009128,0,
SPY,2005-11-09,83.81358337402344,0.1400104013370226,0.14462667462831125,0,0.006945447018255058,0,
SPY,2005-11-10,84.46415710449219,0.14104885846700693,0.14462667462831125,0,-0.0008104139090584495,0,
SPY,2005-11-11,84.75182342529297,0.13789084966412168,0.14462667462831125,0,-0.004201883029089859,0,
SPY,2005-11-14,84.70382690429688,0.13806560363359385,0.14462667462831125,0,-0.003637624636336656,0,
SPY,2005-11-15,84.39570617675781,0.13140857636516176,0.14462667462831125,0,0.0020280396322009953,0,
SPY,2005-11-16,84.56686401367188,0.12015349170687932,0.14462667462831125,0,0.009312681269119327,0,
SPY,2005-11-17,85.35440826416016,0.09903632543783682,0.14462667462831125,0,0.003931415687745687,0,
SPY,2005-11-18,85.68997192382812,0.09903933761176045,0.14462667462831125,0,0.00031972417713088674,0,
SPY,2005-11-21,86.12139129638672,0.08791014055606726,0.14459801140879172,0,-0.004691310842929064,0,
SPY,2005-11-22,86.49119567871094,0.08659365883557545,0.14451502340800695,0,-0.008946882894250052,0,
SPY,2005-11-23,86.9910888671875,0.08460815195060552,0.14451502340800695,0,-0.014641957057719868,0,
SPY,2005-11-25,87.05960083007812,0.06793022014138202,0.14451502340800695,0,-0.01541738921027258,0,
SPY,2005-11-28,86.44326782226562,0.06604595452160586,0.14451502340800695,0,-0.008397400525952947,0,
SPY,2005-11-29,86.34737396240234,0.06734893766546189,0.14451502340800695,0,-0.007296167259085551,0,
SPY,2005-11-30,85.88172149658203,0.07278455014783557,0.1444327443646614,0,-0.0019137065970287193,0,
SPY,2005-12-01,86.75826263427734,0.07240901774541754,0.1444327443646614,0,-0.011997630232353784,0,
SPY,2005-12-02,86.86783599853516,0.07194113913211743,0.1444327443646614,0,-0.013243876812641164,0,
SPY,2005-12-05,86.68292236328125,0.07247512992410231,0.1444327443646614,0,-0.011138910149393055,0,
SPY,2005-12-06,86.8472900390625,0.07241130638973522,0.1444327443646614,0,-0.013010434280268712,0,
SPY,2005-12-07,86.3405532836914,0.07720750570995524,0.1444327443646614,0,-0.007217746243227685,0,
SPY,2005-12-08,86.28575897216797,0.07759550140734914,0.1444327443646614,0,-0.006587296668056908,0,
SPY,2005-12-09,86.51179504394531,0.07415371362358664,0.1444327443646614,0,-0.009182863029855381,0,
SPY,2005-12-12,86.59390258789062,0.07369723019464232,0.1444327443646614,0,-0.010122346748503652,0,
SPY,2005-12-13,87.18285369873047,0.07609970421143841,0.1444327443646614,0,-0.01680932152329817,0,
SPY,2005-12-14,87.52526092529297,0.07410440283221136,0.1444327443646614,0,-0.020655657881971323,0,
SPY,2005-12-15,87.27186584472656,0.07596235286776234,0.1444327443646614,0,-0.017812117915554482,0,
SPY,2005-12-16,86.99101257324219,0.07201835565460749,0.1444327443646614,0,-0.014641092866691241,0,
SPY,2005-12-19,86.54351806640625,0.07422469842873707,0.1444327443646614,0,-0.00954605272901532,0,
SPY,2005-12-20,86.62610626220703,0.07231439070687469,0.1444327443646614,0,-0.010490338557600065,0,
SPY,2005-12-21,86.76380157470703,0.07096055792355599,0.1444327443646614,0,-0.012060703612855939,0,
SPY,2005-12-22,87.21817779541016,0.07041878513789718,0.1444327443646614,0,-0.017207522029877742,0,
SPY,2005-12-23,87.26634216308594,0.07039463045518257,0.1444327443646614,0,-0.017749948549479977,0,
SPY,2005-12-27,86.37825012207031,0.07534609135083468,0.1444327443646614,0,-0.007651012165059035,0,
SPY,2005-12-28,86.57103729248047,0.07564755405441871,0.1444327443646614,0,-0.009860898512819016,0,
SPY,2005-12-29,86.18549346923828,0.07480070216211354,0.1444327443646614,0,-0.005431591452400575,0,
SPY,2005-12-30,85.71736907958984,0.0673243770433891,0.1444327443646614,0,0.007790730285949898,0,
SPY,2006-01-03,87.22506713867188,0.09289351005680567,0.1444327443646614,0,-0.009629080071975604,0,
SPY,2006-01-04,87.63813018798828,0.09378983296994427,0.1444327443646614,0,-0.014296975556078895,0,
SPY,2006-01-05,87.69319152832031,0.09365633936787994,0.1444327443646614,0,-0.014915884832264692,0,
SPY,2006-01-06,88.42294311523438,0.09441322538284681,0.1444327443646614,0,-0.023045751029442174,0,
SPY,2006-01-09,88.65011596679688,0.09427549049627791,0.1444327443646614,0,-0.025549272656733346,0,
SPY,2006-01-10,88.73959350585938,0.09416211679931262,0.1444327443646614,0,-0.026531826774637612,0,
SPY,2006-01-11,89.02185821533203,0.0943924865750909,0.1444327443646614,0,-0.029618436250163138,0,
SPY,2006-01-12,88.6707763671875,0.09394065612151031,0.1444327443646614,0,-0.025776320879526304,0,
SPY,2006-01-13,88.5881576538086,0.09341241169380542,0.1444327443646614,0,-0.02486774450719964,0,
SPY,2006-01-17,88.34719848632812,0.09332711371425192,0.1444327443646614,0,-0.022208157553763264,0,
SPY,2006-01-18,87.99610137939453,0.09377841426787574,0.1444327443646614,0,-0.018306849635745248,0,
SPY,2006-01-19,88.33341979980469,0.0918986497254881,0.14441259842395837,0,-0.022055636714959803,0,
SPY,2006-01-20,86.72252655029297,0.1149048359397517,0.1444240862947142,0,-0.003890068483961562,0,
SPY,2006-01-23,87.03228759765625,0.11546759436649577,0.1444240862947142,0,-0.0074353740733286156,0,
SPY,2006-01-24,87.12178802490234,0.1139756299340129,0.1444240862947142,0,-0.008455038156260475,0,
SPY,2006-01-25,87.1974868774414,0.11400352595106579,0.1444240862947142,0,-0.009315829201281711,0,
SPY,2006-01-26,87.6794204711914,0.1089226980218342,0.14452722023620201,0,-0.01476116609035405,0,
SPY,2006-01-27,88.4917984008789,0.11293916098738051,0.14462667462831125,0,-0.023805917113645547,0,
SPY,2006-01-30,88.42294311523438,0.1112780183435068,0.14477642508786903,0,-0.023045751029442174,0,
SPY,2006-01-31,87.77581024169922,0.1129919029949655,0.14477642508786903,0,-0.01584309224785052,0,
SPY,2006-02-01,88.3885498046875,0.09815143171805295,0.14477642508786903,0,-0.022665603476968665,0,
SPY,2006-02-02,87.36272430419922,0.10608952673434657,0.14493281658071244,0,-0.011189604365875683,0,
SPY,2006-02-03,86.92902374267578,0.10739657937756453,0.14499597834293143,0,-0.0062562966469693615,0,
SPY,2006-02-06,87.15621185302734,0.10308355897705021,0.14507381010391965,0,-0.00884666570200876,0,
SPY,2006-02-07,86.38516998291016,0.10620754397813524,0.145466799061385,0,0.007411498181922882,0,
SPY,2006-02-08,87.16996765136719,0.11218001309559973,0.14589885199236763,0,-0.001658302074422413,0,
SPY,2006-02-09,87.0254135131836,0.11116277786654916,0.14605570800615889,0,0.0,0,
SPY,2006-02-10,87.18374633789062,0.11110971894077276,0.14621188781234412,0,-0.0018160819115686788,0,
SPY,2006-02-13,87.0254135131836,0.11116332078468565,0.14632800468834878,0,0.007673367906899431,0,
SPY,2006-02-14,87.94790649414062,0.11802554727352348,0.14642358353081603,0,-0.002896202717881491,0,
SPY,2006-02-15,88.25772094726562,0.11786221109450072,0.14679318394416174,0,-0.006396374310216113,0,
SPY,2006-02-16,88.91862487792969,0.12005200596436726,0.14710775015912317,0,-0.013781514854640298,0,
SPY,2006-02-17,88.67766571044922,0.09857335009899001,0.14716774534678567,0,-0.011101715118927657,0,
SPY,2006-02-21,88.45738220214844,0.098918249037264,0.14750963034684444,0,-0.008639083079372,0,
SPY,2006-02-22,88.99429321289062,0.10065556095145958,0.14782606913254723,0,-0.014620057507034101,0,
SPY,2006-02-23,88.86354064941406,0.10105714755192435,0.14811869935219052,0,-0.013170183323113704,0,
SPY,2006-02-24,89.0906982421875,0.09982253726909862,0.14839985980096176,0,-0.015686336973902204,0,
SPY,2006-02-27,89.1251220703125,0.0947298573013984,0.14811869935219052,0,-0.016066519840079563,0,
SPY,2006-02-28,88.27835845947266,0.10102646129653256,0.14811869935219052,0,-0.006628656687369006,0,
SPY,2006-03-01,89.06316375732422,0.10193578071535588,0.14811869935219052,0,-0.015382029687792675,0,
SPY,2006-03-02,89.05628204345703,0.09925806416727369,0.14811869935219052,0,-0.015305944553934636,0,
SPY,2006-03-03,88.64323425292969,0.09071109173053807,0.14782606913254723,0,-0.010717599968189107,0,
SPY,2006-03-06,88.23709106445312,0.09040019404581352,0.14750963034684444,0,-0.006164069209121159,0,
SPY,2006-03-07,88.099365234375,0.09047268195255886,0.1471671523894169,0,-0.004610404456083517,0,
SPY,2006-03-08,88.2852554321289,0.08342576192633037,0.14679318394416174,0,-0.006706260302591027,0,
SPY,2006-03-09,87.69319152832031,0.08225411892314427,0.14642358353081603,0,0.009499029155946026,0,
SPY,2006-03-10,88.52619171142578,0.08800321917629304,0.14632800468834878,0,0.0018663647986500997,0,
SPY,2006-03-13,88.69141387939453,0.0880101807940434,0.14621188781234412,0,0.0024960943954994708,0,
SPY,2006-03-14,89.62078857421875,0.09362391000105201,0.14605570800615889,0,-0.007899869717444163,0,
SPY,2006-03-15,90.02011108398438,0.08812460335949851,0.14589885199236763,0,-0.012300752022439632,0,
SPY,2006-03-16,90.20602416992188,0.08776035815534963,0.145466799061385,0,-0.014336383421333365,0,
SPY,2006-03-17,90.28131866455078,0.08447299260735885,0.14507381010391965,0,-0.01515842551134916,0,
SPY,2006-03-20,90.1361846923828,0.08395988548120903,0.14499597834293143,0,-0.013572669800149373,0,
SPY,2006-03-21,89.56942749023438,0.08699362908440984,0.14493281658071244,0,-0.007330977635177538,0,
SPY,2006-03-22,90.11542510986328,0.08701513001570821,0.14477642508786903,0,-0.013345429907136275,0,
SPY,2006-03-23,89.92884063720703,0.08723358623049891,0.14462667462831125,0,-0.011298317753235199,0,
SPY,2006-03-24,89.9979476928711,0.0869320200047947,0.14450707429549897,0,-0.012057515756542458,0,
SPY,2006-03-27,89.86658477783203,0.08721268873757945,0.14450707429549897,0,-0.010613386050912887,0,
SPY,2006-03-28,89.31368255615234,0.08281235975422656,0.14450707429549897,0,-0.004488523193436733,0,
SPY,2006-03-29,89.87356567382812,0.07982846952242885,0.14439742918636508,0,-0.010690236290470168,0,
SPY,2006-03-30,89.71456146240234,0.0802030978732887,0.14429627386783475,0,-0.008936848476158832,0,
SPY,2006-03-31,89.73530578613281,0.07799452677886703,0.1441894705727756,0,-0.009165954898346262,0,
SPY,2006-04-03,89.66617584228516,0.07575991414563367,0.14411060091832004,0,-0.008402051439134306,0,
SPY,2006-04-04,90.2398452758789,0.07768947272466159,0.14402560036715967,0,-0.028416076981263916,0,
SPY,2006-04-05,90.5509033203125,0.07803940780629913,0.14380837762172555,0,-0.03663884331612732,0,
SPY,2006-04-06,90.45410919189452,0.07275550293217058,0.14285211543463439,0,-0.03560795920985482,0,
SPY,2006-04-07,89.53485107421875,0.0777422812921869,0.14205257270725832,0,-0.02632352129161475,0,
SPY,2006-04-10,89.673095703125,0.07767938121892103,0.1418150987683446,0,-0.03522426089229269,0,
SPY,2006-04-11,88.91279602050781,0.07478687202425692,0.1416042839684533,0,-0.026974394494309162,0,
SPY,2006-04-12,89.07868194580078,0.0731124548124476,0.1415195857210697,0,-0.02878640214167505,0,
SPY,2006-04-13,88.96118927001953,0.07250739047938831,0.1414441533960763,0,-0.027503702513850148,0,
SPY,2006-04-17,88.9266128540039,0.07229494356474313,0.14142555047853317,0,-0.027125576827102815,0,
SPY,2006-04-18,90.3366241455078,0.09285965390860919,0.14140268450533422,0,-0.04231060211296678,0,
SPY,2006-04-19,90.5093994140625,0.08985901802160522,0.14131765423261028,0,-0.04413875525488464,0,
SPY,2006-04-20,90.6338348388672,0.08752300789247389,0.14107707969061722,0,-0.04545110180025236,0,
SPY,2006-04-21,90.64763641357422,0.08708270354855047,0.14082952435009394,0,-0.04559643684097969,0,
SPY,2006-04-24,90.48177337646484,0.0874243963416769,0.1407164069864194,0,-0.04384691019371856,0,
SPY,2006-04-25,90.1085205078125,0.08863199702866768,0.14067618542836502,0,-0.039886276042478075,0,
SPY,2006-04-26,90.1292495727539,0.08544690451186548,0.14057606522681676,0,-0.04010709514204225,0,
SPY,2006-04-27,90.564697265625,0.08430421278512615,0.14046018702669896,0,-0.044722394076877614,0,
SPY,2006-04-28,90.86881256103516,0.08452934094871174,0.14027724127114308,0,-0.056894936062789725,1,30.0
SPY,2006-05-01,90.1292495727539,0.09014381881300242,0.140075206724166,0,-0.06019915822859445,1,30.0
SPY,2006-05-02,90.80663299560548,0.09363978709732984,0.140075206724166,0,-0.06720972001243142,1,28.0
SPY,2006-05-03,90.4679718017578,0.09228132186613222,0.1400112332395009,0,-0.06371787794347983,1,27.0
SPY,2006-05-04,90.79278564453124,0.09235074987625728,0.13974367536086568,0,-0.06706745458468921,1,26.0
SPY,2006-05-05,91.59456634521484,0.09715639320049672,0.13974367536086568,0,-0.07523395768416818,1,12.0
SPY,2006-05-08,91.48397064208984,0.08872082596799334,0.13947873894098842,0,-0.07411600062613699,1,11.0
SPY,2006-05-09,91.6636734008789,0.08876254479084554,0.13940053140841596,0,-0.07593115708706644,1,10.0
SPY,2006-05-10,91.61528778076172,0.08152318538506508,0.13931487297406114,0,-0.07544312015482091,1,9.0
SPY,2006-05-11,90.5093994140625,0.09477487167718976,0.13931487297406114,0,-0.0641464293758337,1,21.0
SPY,2006-05-12,89.32752227783203,0.10680714043191597,0.13931487297406114,0,-0.05176431119124769,1,21.0
SPY,2006-05-15,89.50720977783203,0.10696931694839538,0.13931487297406114,0,-0.05366791315533248,1,20.0
SPY,2006-05-16,89.37589263916016,0.09022709341972857,0.13890780283864984,0,-0.05227749770650958,1,19.0
SPY,2006-05-17,87.67558288574219,0.1113123772041138,0.13890780283864984,0,-0.03389812957292904,0,
SPY,2006-05-18,87.23322296142578,0.11138197069203282,0.13890780283864984,0,-0.02899902421174072,0,
SPY,2006-05-19,87.84840393066406,0.11566329127300513,0.13890780283864984,0,-0.03579870746936942,0,
SPY,2006-05-22,87.177978515625,0.1176726680376605,0.13890780283864984,0,-0.02838370355745612,0,
SPY,2006-05-23,86.5144271850586,0.11921970538345196,0.13890780283864984,0,-0.02093156745389768,0,
SPY,2006-05-24,87.20558166503906,0.12421742433605755,0.13890780283864984,0,-0.028691248892190102,0,
SPY,2006-05-25,88.28382110595703,0.1319635519128153,0.13890780283864984,0,-0.04055416320234728,0,
SPY,2006-05-26,88.73310089111328,0.13290381193402534,0.13890780283864984,0,-0.04541209801017587,0,
SPY,2006-05-30,87.15721893310547,0.14375689878099657,0.13890780283864984,1,-0.028152278680317777,0,
SPY,2006-05-31,88.13177490234375,0.14736060114945532,0.13890780283864984,1,-0.038898913467285245,0,
SPY,2006-06-01,88.9749984741211,0.1521243104268131,0.13890780283864984,1,-0.04800734960017172,0,
SPY,2006-06-02,89.16161346435547,0.15164214680633067,0.13890780283864984,1,-0.04999986736936379,0,
SPY,2006-06-05,87.86222076416016,0.15459237890607513,0.13890780283864984,1,-0.03595033360173605,0,
SPY,2006-06-06,87.64794921875,0.15456210868924197,0.13890780283864984,1,-0.033593536737547613,0,
SPY,2006-06-07,86.99134063720703,0.15488706721307693,0.13890780283864984,1,-0.026299123611037922,0,
SPY,2006-06-08,86.91529846191406,0.1548299876995636,0.13931487297406114,1,-0.025447232930851937,0,
SPY,2006-06-09,86.63885498046875,0.15074254000808568,0.13940053140841596,1,-0.022337672447377277,0,
SPY,2006-06-12,85.69883728027344,0.14878360493647141,0.13947873894098842,1,-0.011613840924342589,0,
SPY,2006-06-13,84.70354461669922,0.15170886534883146,0.13974367536086568,1,0.007752023168609901,0,
SPY,2006-06-14,85.36016845703125,0.15618661523277838,0.140054644056043,1,0.003118607177051036,0,
SPY,2006-06-15,87.17102813720703,0.16347887097149655,0.14027724127114308,1,-0.017719819063738984,0,
SPY,2006-06-16,86.53581237792969,0.1645442406481259,0.1404477728237864,1,-0.010509395612330441,0,
SPY,2006-06-19,85.85548400878906,0.1641328903146049,0.14047209484890733,1,-0.0026685624153022225,0,
SPY,2006-06-20,86.14704132080078,0.1629999673823974,0.14057606522681676,1,-0.0060439455819063514,0,
SPY,2006-06-21,86.78573608398438,0.1631126295328223,0.14067618542836502,1,-0.013358909485388315,0,
SPY,2006-06-22,86.40391540527344,0.16116375459815546,0.1407164069864194,1,-0.00899892222025811,0,
SPY,2006-06-23,86.3900146484375,0.1539999471063806,0.14082952435009394,1,-0.008839463224187383,0,
SPY,2006-06-26,86.77185821533203,0.15366443403254562,0.14107707969061722,1,-0.013201110911717273,0,
SPY,2006-06-27,86.02207946777344,0.14342281696383075,0.14131765423261028,1,-0.004600053604912668,0,
SPY,2006-06-28,86.60520935058594,0.1394527408045847,0.14140268450533422,0,-0.01130227692895347,0,
SPY,2006-06-29,88.35469818115234,0.15401105931117615,0.14142555047853317,1,-0.030879228227828626,0,
SPY,2006-06-30,88.36164093017578,0.15375258172344033,0.1414441533960763,1,-0.030955373965062427,0,
SPY,2006-07-03,88.72264862060547,0.14488863905592927,0.1415195857210697,1,-0.034898364484474476,0,
SPY,2006-07-05,88.2158203125,0.1462335938799941,0.1416042839684533,1,-0.029353544662526376,0,
SPY,2006-07-06,88.47272491455078,0.14347485139348037,0.1418150987683446,1,-0.032172080449474505,0,
SPY,2006-07-07,87.89649963378906,0.14576249734005559,0.14205257270725832,1,-0.02582726675387148,0,
SPY,2006-07-10,88.06311798095703,0.14514452677959871,0.14205257270725832,1,-0.027670433954749774,0,
SPY,2006-07-11,88.451904296875,0.13877736051554493,0.14205257270725832,0,-0.031944264267911304,0,
SPY,2006-07-12,87.50772857666016,0.13760927772053355,0.14205257270725832,0,-0.021499304304263722,0,
SPY,2006-07-13,86.08456420898438,0.14955760327094136,0.14205257270725832,1,-0.005322567665631883,0,
SPY,2006-07-14,85.75133514404297,0.12880485601820774,0.14205257270725832,0,-0.0014572583950726026,0,
SPY,2006-07-17,85.62637329101562,0.12654736877377704,0.14205257270725832,0,0.00494546128472928,0,
SPY,2006-07-18,86.06373596191406,0.12490946816233085,0.14205257270725832,0,-0.0001615170045846659,0,
SPY,2006-07-19,87.25785064697266,0.13365357365230152,0.14205257270725832,0,-0.013844203506477748,0,
SPY,2006-07-20,86.66077423095703,0.13368756875925278,0.14205257270725832,0,-0.007049775764184973,0,
SPY,2006-07-21,86.04983520507812,0.13516119367568238,0.14205257270725832,0,0.018233268231406363,0,
SPY,2006-07-24,87.61880493164062,0.1499246252971873,0.14212854673394112,1,0.003565453992608436,0,
SPY,2006-07-25,87.93120574951172,0.14967595537633607,0.14308480892103226,1,0.00039486976455926914,0,
SPY,2006-07-26,88.04925537109375,0.14555033125145628,0.14402560036715967,1,-0.0009463821893679336,0,
SPY,2006-07-27,87.96592712402344,0.14418749393491995,0.14422391538102525,0,0.0021307265389809427,0,
SPY,2006-07-28,88.84757995605469,0.13017233090493352,0.14452354068682344,0,-0.007813623026371674,0,
SPY,2006-07-31,88.75738525390625,0.13025250752517412,0.1451888654101904,0,-0.006805369409043194,0,
SPY,2006-08-01,88.3199462890625,0.13064648495632933,0.1457783001981081,0,-0.0018861858118054409,0,
SPY,2006-08-02,88.91704559326172,0.13117734102806328,0.14609498348526703,0,-0.008588759654503564,0,
SPY,2006-08-03,89.15303039550781,0.13111510123683132,0.14642358353081603,0,-0.01121298885299049,0,
SPY,2006-08-04,89.00032806396484,0.12883891819676965,0.14679318394416174,0,-0.009516477331223627,0,
SPY,2006-08-07,88.79206085205078,0.1291623786751994,0.1471671523894169,0,-0.007193237621124227,0,
SPY,2006-08-08,88.451904296875,0.1290968949597293,0.1475435863627822,0,-0.0033752335777906817,0,
SPY,2006-08-09,88.15335845947266,0.12350803381530132,0.14811869935219052,0,0.00023635941759869716,0,
SPY,2006-08-10,88.42411041259766,0.10663969223679112,0.14839985980096176,0,-0.002826334078952164,0,
SPY,2006-08-11,88.1741943359375,0.10602243722018516,0.14848841710139138,0,0.0007873901287926977,0,
SPY,2006-08-14,88.24362182617188,0.10551988052718107,0.14855674728719798,0,0.011958567793864061,0,
SPY,2006-08-15,89.29888916015625,0.11118727204605174,0.1487230513342756,0,0.007929201071990244,0,
SPY,2006-08-16,90.04169464111328,0.10489700577517895,0.14931045107727922,0,-0.0003857838686759374,0,
SPY,2006-08-17,90.27076721191406,0.10006599681987517,0.14988211977499866,0,-0.0029224212028935437,0,
SPY,2006-08-18,90.72895050048828,0.09452309747463805,0.14988211977499866,0,-0.007957685928174585,0,
SPY,2006-08-21,90.34020233154295,0.07802394462034447,0.14988211977499866,0,-0.00368877105795562,0,
SPY,2006-08-22,90.33325958251952,0.07783664045719113,0.14988211977499866,0,-0.0036121975030574127,0,
SPY,2006-08-23,90.08332061767578,0.07919765730043896,0.14988211977499866,0,-0.0008476886657783345,0,
SPY,2006-08-24,90.0069580078125,0.07916387201279233,0.14988211977499866,0,0.0012337472553256568,0,
SPY,2006-08-25,90.11800384521484,0.07199450898812834,0.14988211977499866,0,0.000770829737045009,0,
SPY,2006-08-28,90.54846954345705,0.07307316894049937,0.14988211977499866,0,-0.003986815711577663,0,
SPY,2006-08-29,90.65259552001952,0.06962387916087767,0.14988211977499866,0,-0.00513086288295983,0,
SPY,2006-08-30,90.7081298828125,0.06661253369888363,0.14988211977499866,0,-0.005739952979554097,0,
SPY,2006-08-31,90.69425964355467,0.06643272194517048,0.14931045107727922,0,-0.005587896776759416,0,
SPY,2006-09-01,91.23574829101562,0.06805171008607377,0.14931045107727922,0,-0.011489781453318582,0,
SPY,2006-09-05,91.40930938720705,0.06674271402194178,0.14931045107727922,0,-0.013366690033828954,0,
SPY,2006-09-06,90.6039810180664,0.0739879481400742,0.1487230513342756,0,-0.004597055570455311,0,
SPY,2006-09-07,90.18746948242188,0.07511528187051762,0.14855674728719798,0,0.0028481390657955075,0,
SPY,2006-09-08,90.4443359375,0.07504370838596712,0.14846593085632562,0,0.000997746045457104,0,
SPY,2006-09-11,90.53457641601562,0.07358060052362303,0.14811869935219052,0,0.009814732978790541,0,
SPY,2006-09-12,91.42314910888672,0.07939129897847727,0.1475435863627822,0,0.0027206007836926283,0,
SPY,2006-09-13,91.79112243652344,0.07050620024519838,0.1471671523894169,0,-0.001299117315031184,0,
SPY,2006-09-14,91.79808044433594,0.06569668298602539,0.1471671523894169,0,-0.001374815722998357,0,
SPY,2006-09-15,92.01358032226562,0.06563800815744278,0.1471671523894169,0,-0.003713640106915106,0,
SPY,2006-09-18,92.1390609741211,0.0638575024632917,0.1471671523894169,0,-0.005070444273925334,0,
SPY,2006-09-19,91.90895080566406,0.06226838346581505,0.14685317913182427,0,-0.0025794637365118556,0,
SPY,2006-09-20,92.39705657958984,0.06408997610743757,0.14642358353081603,0,-0.00784853551005904,0,
SPY,2006-09-21,91.9507827758789,0.06614999176038491,0.146051273087904,0,-0.003033228945518829,0,
SPY,2006-09-22,91.671875,0.06741731327411156,0.1451888654101904,0,0.007682086378259845,0,
SPY,2006-09-25,92.37610626220705,0.07154219632951578,0.14434351571383752,0,0.004529514191577322,0,
SPY,2006-09-26,93.14313507080078,0.07483883055077943,0.14402560036715967,0,-0.0037427334183181005,0,
SPY,2006-09-27,93.25469207763672,0.07483679643137572,0.14308480892103226,0,-0.004934517726670973,0,
SPY,2006-09-28,93.21983337402344,0.07505864610109347,0.14308480892103226,0,-0.004562422095656493,0,
SPY,2006-09-29,93.14313507080078,0.07527586944769768,0.14308480892103226,0,-0.0037427334183181005,0,
SPY,2006-10-02,92.79452514648438,0.07525555097160505,0.14308480892103226,0,0.0021037158987875504,0,
SPY,2006-10-03,92.98973846435548,0.07529623636632499,0.14308480892103226,0,0.01169748065181242,0,
SPY,2006-10-04,94.07748413085938,0.07537249064674495,0.14308480892103226,0,0.0006675087771199628,0,
SPY,2006-10-05,94.25878143310548,0.07137448043320876,0.14212854673394112,0,-0.0012571747062473104,0,
SPY,2006-10-06,94.1402816772461,0.07236770686020226,0.14205257270725832,0,0.0005920988916987557,0,
SPY,2006-10-09,94.1960220336914,0.07245663559751338,0.14205257270725832,0,0.00014830160642786971,0,
SPY,2006-10-10,94.32157135009766,0.06636753028488113,0.14193971608202735,0,-0.0011829732416710481,0,
SPY,2006-10-11,94.20999145507812,0.06638202563008759,0.14193971608202735,0,0.008659740148678097,0,
SPY,2006-10-12,95.02582550048828,0.07105831676821957,0.14170224214311364,0,0.0009538165709570556,0,
SPY,2006-10-13,95.26981353759766,0.0710878600994506,0.1416042839684533,0,-0.0016096476353196776,0,
SPY,2006-10-16,95.4163055419922,0.07107834696570217,0.1415009828035266,0,-0.003142469547206761,0,
SPY,2006-10-17,95.11646270751952,0.07162609098218861,0.1413282054716929,0,0.0009530680939962011,0,
SPY,2006-10-18,95.24193572998048,0.07036874086291878,0.14107707969061722,0,-0.00036560110180205996,0,
SPY,2006-10-19,95.39535522460938,0.06624301626798194,0.1407978668185909,0,-0.001973262228819439,0,
SPY,2006-10-20,95.4163055419922,0.06403478243185132,0.14067618542836502,0,-0.002192396440672262,0,
SPY,2006-10-23,95.8556137084961,0.061317184629614135,0.14057606522681676,0,-0.0067653683500309425,0,
SPY,2006-10-24,96.1414566040039,0.056669374741570015,0.14047209484890733,0,-0.009718403107959017,0,
SPY,2006-10-25,96.46920013427734,0.05700953635696687,0.1404477728237864,0,-0.013082776255849304,0,
SPY,2006-10-26,96.76905059814452,0.05667149089092052,0.14027724127114308,0,-0.016140857176443424,0,
SPY,2006-10-27,96.1623764038086,0.063074042328573,0.140054644056043,0,-0.009933835520634204,0,
SPY,2006-10-30,96.09264373779295,0.060537580379019545,0.1396654678282932,0,-0.009215362695915053,0,
SPY,2006-10-31,96.07870483398438,0.06088695658653642,0.13931487297406114,0,-0.009071621668407803,0,
SPY,2006-11-01,95.43022918701172,0.05563026918291936,0.13890780283864984,0,-0.002337980486609159,0,
SPY,2006-11-02,95.37445831298828,0.05561875140181952,0.13847405380679212,0,-0.0017545907217556556,0,
SPY,2006-11-03,95.20711517333984,0.05586564674643846,0.13813497869371522,0,0.011278960383563241,0,
SPY,2006-11-06,96.28095245361328,0.06746204839129172,0.13695730609201962,0,0.0007237868744807141,0,
SPY,2006-11-07,96.6504898071289,0.06815815625496363,0.1358878302623227,0,-0.0031024205305689723,0,
SPY,2006-11-08,96.85967254638672,0.06762609403854787,0.13565465699877927,0,-0.005255367788707166,0,
SPY,2006-11-09,96.35063934326172,0.06586756121021084,0.13547046559915654,0,0.0004341639090303939,0,
SPY,2006-11-10,96.39247131347656,0.06549755169194785,0.13527818417454823,0,0.0013021639254366946,0,
SPY,2006-11-13,96.62958526611328,0.06575571593607021,0.13500212762595573,0,-0.0011548756367035784,0,
SPY,2006-11-14,97.35469818115234,0.06841667193078622,0.13396617210933806,0,-0.008594429282609117,0,
SPY,2006-11-15,97.63365936279295,0.0686818675984592,0.13311252806912915,0,-0.01142709653381535,0,
SPY,2006-11-16,97.88471221923828,0.06883436103628725,0.13301461724749578,0,-0.013962569597921304,0,
SPY,2006-11-17,97.91256713867188,0.06882137738182036,0.13256745029112466,0,-0.014243085102569997,0,
SPY,2006-11-20,97.96831512451172,0.0677341966020269,0.13210108811515642,0,-0.014804021181376581,0,
SPY,2006-11-21,98.0659637451172,0.06736602620165981,0.13210108811515642,0,-0.01578502442331431,0,
SPY,2006-11-22,98.26115417480467,0.06687956097645899,0.13210108811515642,0,-0.01774011385413754,0,
SPY,2006-11-24,97.86376190185548,0.06858330042378095,0.13210108811515642,0,-0.013751482299448559,0,
SPY,2006-11-27,96.51799011230467,0.08244394561121439,0.13210108811515642,0,0.004334269294778759,0,
SPY,2006-11-28,96.9363250732422,0.08364490323669468,0.13210108811515642,0,0.008632309530619331,0,
SPY,2006-11-29,97.94742584228516,0.09071310517506745,0.13256745029112466,0,-0.0017796935932822278,0,
SPY,2006-11-30,97.98925018310548,0.0860504422718715,0.13256745029112466,0,-0.0022057597814703067,0,
SPY,2006-12-01,97.77310943603516,0.08671825294687428,0.13256745029112466,0,0.00670385289727915,0,
SPY,2006-12-04,98.51919555664062,0.08876506530370697,0.13301461724749578,0,-0.0009199179624300724,0,
SPY,2006-12-05,98.94457244873048,0.0820892593792504,0.13301461724749578,0,-0.005215106366687761,0,
SPY,2006-12-06,98.86083984375,0.0819042421939745,0.13301461724749578,0,-0.004372548983291091,0,
SPY,2006-12-07,98.4285659790039,0.0840765507881227,0.13301461724749578,0,0.001154773704117762,0,
SPY,2006-12-08,98.60985565185548,0.08099693370889989,0.13301461724749578,0,-0.000685803185472289,0,
SPY,2006-12-11,98.89574432373048,0.08117571727108493,0.13301461724749578,0,-0.003574629296916765,0,
SPY,2006-12-12,98.8190460205078,0.08136594875041424,0.13301461724749578,0,-0.002801254747185733,0,
SPY,2006-12-13,98.92362213134766,0.07782914736231336,0.13301461724749578,0,-0.0038554333575733235,0,
SPY,2006-12-14,99.79527282714844,0.0825894593222717,0.13301461724749578,0,-0.012556147129216266,0,
SPY,2006-12-15,99.80431365966795,0.08247147061020192,0.13301461724749578,0,-0.012645595312054114,0,
SPY,2006-12-18,99.53089904785156,0.08349966111239256,0.13301461724749578,0,-0.009933300699371261,0,
SPY,2006-12-19,99.72021484375,0.0835803455490262,0.13301461724749578,0,-0.01181291222512193,0,
SPY,2006-12-20,99.66411590576172,0.08373617377271539,0.13301461724749578,0,-0.011256681472918917,0,
SPY,2006-12-21,99.29949951171876,0.08507346385031828,0.13301461724749578,0,-0.007626129202181087,0,
SPY,2006-12-22,98.68948364257812,0.08688942422199994,0.13301461724749578,0,-0.0014921037015549476,0,
SPY,2006-12-26,99.27146911621094,0.07062137136097407,0.13301461724749578,0,-0.007345921481496154,0,
SPY,2006-12-27,99.92355346679688,0.07226097481074659,0.13301461724749578,0,-0.013823815508376525,0,
SPY,2006-12-28,99.7131805419922,0.06520487578837421,0.13301461724749578,0,-0.011743200215828975,0,
SPY,2006-12-29,99.29949951171876,0.06762536389857171,0.13301461724749578,0,-0.007626129202181087,0,
SPY,2007-01-03,99.12419128417967,0.0673945643374835,0.13301461724749578,0,-0.005871044978119966,0,
SPY,2007-01-04,99.33454132080078,0.06257024643115634,0.13256745029112466,0,-0.007976204566259804,0,
SPY,2007-01-05,98.54222869873048,0.06747931082962422,0.13210108811515642,0,0.003771718875170471,0,
SPY,2007-01-08,98.99803161621094,0.06954237714436083,0.13201004997775234,0,-0.0008498081438855776,0,
SPY,2007-01-09,98.91390228271484,0.06764810117239686,0.131822682998732,0,0.0033307769326631487,0,
SPY,2007-01-10,99.2433624267578,0.0683144020256586,0.13146252453586765,0,0.0036037750847057737,0,
SPY,2007-01-11,99.67813110351562,0.069247000173563,0.1312105531756131,0,-0.0007736694003800393,0,
SPY,2007-01-12,100.43543243408205,0.07357693867781281,0.13099348692913185,0,-0.0261102910886154,0,
SPY,2007-01-16,100.23907470703124,0.07421838643766569,0.13083470622605875,0,-0.02420254433218405,0,
SPY,2007-01-17,100.28111267089844,0.06774978973881327,0.13072154421459745,0,-0.024611599807243367,0,
SPY,2007-01-18,99.94454193115234,0.06895045944741054,0.130573375173194,0,-0.027150066668290118,0,
SPY,2007-01-19,100.14092254638672,0.06842519982272222,0.13050656932508853,0,-0.03830021337575806,0,
SPY,2007-01-22,99.83244323730467,0.06916848883591502,0.13044423681690342,0,-0.035328589361538376,0,
SPY,2007-01-23,100.12686920166016,0.06986922893899858,0.13036608317009596,0,-0.03816523363722579,0,
SPY,2007-01-24,100.9332275390625,0.07344726360382739,0.13020575787665567,0,-0.0458493581021836,0,
SPY,2007-01-25,99.7482452392578,0.08271494121943887,0.12957652141405934,0,-0.034514305347278396,0,
SPY,2007-01-26,99.65709686279295,0.08037322808809966,0.12862301008780275,0,-0.03363125279670298,0,
SPY,2007-01-29,99.60101318359376,0.0768020545186319,0.12789027627163782,0,-0.03308710657696157,0,
SPY,2007-01-30,100.11990356445312,0.07870002410535297,0.1272021035992725,0,-0.03809831595355784,0,
SPY,2007-01-31,100.79296112060548,0.08014395936640735,0.12675175016705292,0,-0.04452153429663708,0,
SPY,2007-02-01,101.39600372314452,0.08161401685741478,0.12658290404436376,0,-0.050204147017755885,1,21.0
SPY,2007-02-02,101.53622436523438,0.0815376753120042,0.12628557267993665,0,-0.05151580682382073,1,20.0
SPY,2007-02-05,101.56426239013672,0.0742458011330262,0.1260273272019988,0,-0.0517776471877629,1,19.0
SPY,2007-02-06,101.59233856201172,0.07343245213637996,0.12577204444044332,0,-0.052039698973656456,1,18.0
SPY,2007-02-07,101.81666564941406,0.07304948441737519,0.12553580775705755,0,-0.05412828802679348,1,17.0
SPY,2007-02-08,101.68350219726562,0.07331998244140361,0.12541893658929065,0,-0.05288958617512485,1,16.0
SPY,2007-02-09,100.92623138427734,0.078435305381206,0.12531000499606407,0,-0.045783216867268606,0,
SPY,2007-02-12,100.58259582519533,0.0751521734102001,0.1251940672790422,0,-0.04252318151953183,0,
SPY,2007-02-13,101.43104553222656,0.08025988821871781,0.12467859126041769,0,-0.05053227697808993,1,13.0
SPY,2007-02-14,102.09715270996094,0.08298577493907874,0.12434860101997897,0,-0.056726840181323124,1,12.0
SPY,2007-02-15,102.23038482666016,0.08144802327433022,0.12414547573024906,0,-0.057956164319359904,1,11.0
SPY,2007-02-16,102.18134307861328,0.08157840892962415,0.12397830040628294,0,-0.05750403210963728,1,10.0
SPY,2007-02-20,102.3987045288086,0.0801953395764231,0.12379569744935522,0,-0.05950466572435498,1,8.0
SPY,2007-02-21,102.35659790039062,0.08015000729470168,0.12368656216606223,0,-0.059117772369344124,1,7.0
SPY,2007-02-22,102.27947998046876,0.07604930090156145,0.12352354840076898,0,-0.05840835460245508,1,7.0
SPY,2007-02-23,101.87982177734376,0.06290412441729087,0.12325753372679601,0,-0.05471464157359318,1,6.0
SPY,2007-02-26,101.78865051269533,0.06289629900374832,0.12299512617991867,0,-0.05386795718248183,1,5.0
SPY,2007-02-27,97.8130340576172,0.15837800591136364,0.12299512617991867,1,-0.015412365304140807,0,
SPY,2007-02-28,98.8157196044922,0.16189092239485586,0.12299512617991867,1,-0.025403000345738946,0,
SPY,2007-03-01,98.52120208740234,0.15968978605142575,0.12299512617991867,1,-0.022489557529168813,0,
SPY,2007-03-02,97.23104095458984,0.16282333376112412,0.12299512617991867,1,-0.009518946833113273,0,
SPY,2007-03-05,96.30550384521484,0.16435025322128058,0.12299512617991867,1,0.006552744583182113,0,
SPY,2007-03-06,97.9532470703125,0.17836255425988645,0.12299512617991867,1,-0.010379215460979196,0,
SPY,2007-03-07,97.85507202148438,0.17822182944077003,0.12299512617991867,1,-0.009386358710313125,0,
SPY,2007-03-08,98.68253326416016,0.18144484529189903,0.12299512617991867,1,-0.017692736419921862,0,
SPY,2007-03-09,98.71052551269533,0.1815624758370026,0.12299512617991867,1,-0.017971298294830462,0,
SPY,2007-03-12,98.85775756835938,0.18042399376092183,0.12299512617991867,1,-0.019433865401647266,0,
SPY,2007-03-13,96.9365692138672,0.19206021400691484,0.12299512617991867,1,0.005999526195785032,0,
SPY,2007-03-14,97.65876770019533,0.19139885252944708,0.12299512617991867,1,-0.001439962875957157,0,
SPY,2007-03-15,97.79200744628906,0.18923955399515388,0.12299512617991867,1,-0.0028004818925938535,0,
SPY,2007-03-16,97.51814270019533,0.18880521043986598,0.12299512617991867,1,0.012054938945686766,0,
SPY,2007-03-19,98.69371795654295,0.19551426631247734,0.12299512617991867,1,0.005492972586621514,0,
SPY,2007-03-20,99.23583984375,0.19675091215414142,0.12299512617991867,1,0.006029196496666334,0,
SPY,2007-03-21,100.8689193725586,0.20676797394292326,0.12299512617991867,1,-0.01025853312710745,0,
SPY,2007-03-22,100.7914810180664,0.20676800004222465,0.12299512617991867,1,-0.009498112208661147,0,
SPY,2007-03-23,100.93932342529295,0.20655165383508492,0.12299512617991867,1,-0.010948866765797538,0,
SPY,2007-03-26,100.80557250976562,0.2065692441198655,0.12299512617991867,1,-0.009636573295507489,0,
SPY,2007-03-27,100.56625366210938,0.1457559843613465,0.12299512617991867,1,-0.007279792313726552,0,
SPY,2007-03-28,99.83415222167967,0.14496390314207763,0.12299512617991867,1,0.0010578151539470948,0,
SPY,2007-03-29,99.93975830078124,0.1443792911818787,0.12299512617991867,1,0.00021077455718288007,0,
SPY,2007-03-30,99.96082305908205,0.13479058411158767,0.12339990374284861,1,0.0011269979197936486,0,
SPY,2007-04-02,100.07347869873048,0.12846636024116279,0.12368656216606223,1,0.0107625843467829,0,
SPY,2007-04-03,101.15052795410156,0.12041177104553731,0.12379569744935522,0,0.001113289921060412,0,
SPY,2007-04-04,101.2631378173828,0.12003745937288962,0.12397830040628294,0,0.0011822708792641468,0,
SPY,2007-04-05,101.53768920898438,0.1174886094592113,0.12427553711888821,0,-0.0015248616924745662,0,
SPY,2007-04-09,101.67848205566406,0.11741157375372445,0.12486407703860349,0,-0.0029074369848973713,0,
SPY,2007-04-10,101.79817962646484,0.11741653376502849,0.12531000499606407,0,-0.004079850461192969,0,
SPY,2007-04-11,101.3828582763672,0.0901995430125037,0.12541893658929065,0,0.004443481536678284,0,
SPY,2007-04-12,101.8333511352539,0.08853136803742223,0.12553580775705755,0,0.004562651840221088,0,
SPY,2007-04-13,102.29798126220705,0.08890569761589706,0.12585954342062858,0,0.009496285202090782,0,
SPY,2007-04-16,103.2694320678711,0.09029317030671916,0.12628557267993665,0,0.00265800199486832,0,
SPY,2007-04-17,103.5439224243164,0.08362498042513153,0.12628557267993665,0,0.0009524224252082103,0,
SPY,2007-04-18,103.670654296875,0.0829078116062929,0.12628557267993665,0,-0.0002711887856630124,0,
SPY,2007-04-19,103.64253997802734,0.06419207006789457,0.12585954342062858,0,0.0056368831404007835,0,
SPY,2007-04-20,104.62101745605467,0.06963955752052452,0.12553580775705755,0,-0.0037684262816740643,0,
SPY,2007-04-23,104.2267608642578,0.07246549610059584,0.12545241274636965,0,0.0004055277680381497,0,
SPY,2007-04-24,104.26902770996094,0.0717950223095568,0.12540399448061829,0,0.0011476027585197723,0,
SPY,2007-04-25,105.2263641357422,0.07472310411535144,0.12531000499606407,0,-0.007960714112221323,0,
SPY,2007-04-26,105.34609985351562,0.0658642367622943,0.12486407703860349,0,-0.009088259755774986,0,
SPY,2007-04-27,105.26164245605467,0.06679847734022683,0.12442018990902873,0,-0.008293194955893424,0,
SPY,2007-04-30,104.38868713378906,0.07694459050549397,0.12421706461929882,0,0.002562848101441695,0,
SPY,2007-05-01,104.65621948242188,0.07685559954313767,0.12397830040628294,0,0.0028919263714233256,0,
SPY,2007-05-02,105.26864624023438,0.07149742537978274,0.12379569744935522,0,-0.002942649001592468,0,
SPY,2007-05-03,105.83885192871094,0.07241050247145342,0.12368656216606223,0,-0.0083142848698613,0,
SPY,2007-05-04,106.24009704589844,0.07260916968234658,0.12339990374284861,0,-0.012059660317030318,0,
SPY,2007-05-07,106.2611846923828,0.07292117014173294,0.12299512617991867,0,-0.012255718140883776,0,
SPY,2007-05-08,106.1204605102539,0.07392262972543244,0.12263869428854196,0,-0.010945890558636484,0,
SPY,2007-05-09,106.40904235839844,0.07024779986896446,0.12239431934027918,0,-0.013628210185724132,0,
SPY,2007-05-10,105.29680633544922,0.08336185085101033,0.12239431934027918,0,-0.0032092974491182424,0,
SPY,2007-05-11,106.19784545898438,0.08631804524944721,0.12263869428854196,0,-0.01166660105158468,0,
SPY,2007-05-14,105.9655303955078,0.08256764546572756,0.12263869428854196,0,-0.010634587634603565,0,
SPY,2007-05-15,105.99373626708984,0.08247882319170609,0.12263869428854196,0,-0.01089786652967506,0,
SPY,2007-05-16,106.71873474121094,0.08488221608965861,0.12263869428854196,0,-0.017617375894688037,0,
SPY,2007-05-17,106.5076141357422,0.08555566461835927,0.12263869428854196,0,-0.015670085871472006,0,
SPY,2007-05-18,107.4368133544922,0.0847041507032276,0.12263869428854196,0,-0.024183355752090963,0,
SPY,2007-05-21,107.3804702758789,0.08287252801382294,0.12263869428854196,0,-0.02367133979837266,0,
SPY,2007-05-22,107.2960433959961,0.08318693593336664,0.12263869428854196,0,-0.02290310660065098,0,
SPY,2007-05-23,107.31011962890624,0.07810579892035423,0.12239431934027918,0,-0.02303127571922836,0,
SPY,2007-05-24,106.33865356445312,0.08588910728330508,0.12239431934027918,0,-0.014106092543991311,0,
SPY,2007-05-25,106.78211975097656,0.08671816111812229,0.12239431934027918,0,-0.01820051034048953,0,
SPY,2007-05-29,107.16932678222656,0.0803247690139009,0.12233706318122126,0,-0.0217477908645739,0,
SPY,2007-05-30,108.0422134399414,0.08380870633152211,0.12233706318122126,0,-0.029651213740198856,0,
SPY,2007-05-31,107.9295425415039,0.082739981813886,0.12233706318122126,0,-0.028638237432033864,0,
SPY,2007-06-01,108.46456146240234,0.0824509659784904,0.12233706318122126,0,-0.033429635792974643,0,
SPY,2007-06-04,108.47867584228516,0.08196577004645421,0.12233706318122126,0,-0.03355539821769049,0,
SPY,2007-06-05,108.04922485351562,0.08384656596668817,0.12233706318122126,0,-0.02971418056537445,0,
SPY,2007-06-06,106.8877410888672,0.09330827898344375,0.12233706318122126,0,-0.019170677495130573,0,
SPY,2007-06-07,104.95887756347656,0.11365092387048269,0.12233706318122126,0,-0.001145657137332834,0,
SPY,2007-06-08,106.32455444335938,0.11717965965037166,0.12233706318122126,0,-0.013975358513083957,0,
SPY,2007-06-11,106.5076141357422,0.11342097437858521,0.12233706318122126,0,-0.015670085871472006,0,
SPY,2007-06-12,105.34609985351562,0.11990950759814413,0.12233706318122126,0,-0.0048171615081312735,0,
SPY,2007-06-13,106.92295837402344,0.13144343491047605,0.12233706318122126,1,-0.021278800131805498,0,
SPY,2007-06-14,107.60576629638672,0.13116250155307982,0.12233706318122126,1,-0.04660891940451639,0,
SPY,2007-06-15,108.218017578125,0.1321198584152626,0.12233706318122126,1,-0.05200279857691059,1,29.0
SPY,2007-06-18,108.09073638916016,0.12890759103612337,0.12233706318122126,1,-0.050886493748548034,1,28.0
SPY,2007-06-19,108.35941314697266,0.12909322782862595,0.12233706318122126,1,-0.05323981712166215,1,27.0
SPY,2007-06-20,106.85355377197266,0.13891592431562777,0.12233706318122126,1,-0.03989737181276298,0,
SPY,2007-06-21,107.44737243652344,0.14041010849064878,0.12233706318122126,1,-0.05382287812083231,1,30.0
SPY,2007-06-22,106.43640899658205,0.1407264087452533,0.12233706318122126,1,-0.04483581733076436,0,
SPY,2007-06-25,105.92742156982422,0.14084284589487048,0.12233706318122126,1,-0.040246197832213726,0,
SPY,2007-06-26,104.83863067626952,0.1442253793276505,0.12233706318122126,1,-0.030278772722651337,0,
SPY,2007-06-27,106.33031463623048,0.15075481433023272,0.12233706318122126,1,-0.04388277272314045,0,
SPY,2007-06-28,106.3162078857422,0.15076985899989598,0.12233706318122126,1,-0.04375590865009871,0,
SPY,2007-06-29,106.35153198242188,0.14934007205157648,0.12233706318122126,1,-0.0440735200479091,0,
SPY,2007-07-02,107.31305694580078,0.1534793667041418,0.12233706318122126,1,-0.05784318304828251,1,23.0
SPY,2007-07-03,107.70191955566406,0.15359450696718618,0.12233706318122126,1,-0.07417644031121706,1,22.0
SPY,2007-07-05,107.58877563476562,0.1484426369059054,0.12233706318122126,1,-0.07320281358310055,1,21.0
SPY,2007-07-06,108.15435791015624,0.13203532514909566,0.12233706318122126,1,-0.0780494057283262,1,15.0
SPY,2007-07-09,108.23921966552734,0.1249405506311853,0.12233706318122126,1,-0.07877223379413356,1,14.0
SPY,2007-07-10,106.69795989990234,0.13604431344908371,0.12233706318122126,1,-0.06546503192858977,1,25.0
SPY,2007-07-11,107.45443725585938,0.13159414087598384,0.12233706318122126,1,-0.07204414173317353,1,17.0
SPY,2007-07-12,109.15123748779295,0.1327525958022815,0.12233706318122126,1,-0.08646959170305923,1,11.0
SPY,2007-07-13,109.47645568847656,0.1314850904225557,0.12233706318122126,1,-0.08918338722911745,1,10.0
SPY,2007-07-16,109.46234130859376,0.13027632672249273,0.12233706318122126,1,-0.08906594399226964,1,9.0
SPY,2007-07-17,109.4057159423828,0.13017993747228765,0.12233706318122126,1,-0.08859446977292773,1,8.0
SPY,2007-07-18,109.20780181884766,0.13025047328885467,0.12233706318122126,1,-0.08694275603365498,1,7.0
SPY,2007-07-19,109.63195037841795,0.11903929926488661,0.12233706318122126,0,-0.0904752291265517,1,6.0
SPY,2007-07-20,108.52196502685548,0.1245302626968928,0.12233706318122126,1,-0.08117241957732446,1,5.0
SPY,2007-07-23,108.8542709350586,0.11906947900007753,0.12233706318122126,0,-0.08397737918958048,1,4.0
SPY,2007-07-24,106.96663665771484,0.1349176974175119,0.12233706318122126,1,-0.067812379037271,1,15.0
SPY,2007-07-25,107.1858139038086,0.1287658709219491,0.12233706318122126,1,-0.06971854840954117,1,7.0
SPY,2007-07-26,104.64776611328124,0.1473303372533718,0.12233706318122126,1,-0.047156205509437,0,
SPY,2007-07-27,102.5903778076172,0.16204904218809224,0.12233706318122126,1,-0.02804749646865723,0,
SPY,2007-07-30,104.19525146484376,0.1732622914588982,0.12233706318122126,1,-0.04301805363957756,0,
SPY,2007-07-31,103.02165985107422,0.17268729780944822,0.12233706318122126,1,-0.03211640452616793,0,
SPY,2007-08-01,103.52361297607422,0.17328296821690728,0.12233706318122126,1,-0.0368093647254667,0,
SPY,2007-08-02,104.35079193115234,0.17683714546984292,0.12233706318122126,1,-0.04444448668748391,0,
SPY,2007-08-03,101.66424560546876,0.19495976605918805,0.12233706318122126,1,-0.019193287133622894,0,
SPY,2007-08-06,103.36812591552734,0.2068784749631327,0.12233706318122126,1,-0.03536052661121569,0,
SPY,2007-08-07,104.47100067138672,0.20658078089210927,0.12233706318122126,1,-0.04554398916894875,0,
SPY,2007-08-08,105.92742156982422,0.21145922674780676,0.12233706318122126,1,-0.0586670281348064,1,5.0
SPY,2007-08-09,102.78838348388672,0.2262849206683329,0.12233706318122126,1,-0.029919810306472838,0,
SPY,2007-08-10,102.30767822265624,0.22523221979849223,0.12233706318122126,1,-0.025361768729317058,0,
SPY,2007-08-13,102.67522430419922,0.22632819031595225,0.12233706318122126,1,-0.028850677229426025,0,
SPY,2007-08-14,101.10572814941406,0.23012443105515656,0.12233706318122126,1,-0.013775219530747118,0,
SPY,2007-08-15,99.71297454833984,0.2326095160183896,0.12233706318122126,1,0.0075159268710949245,0,
SPY,2007-08-16,100.46240997314452,0.23468820987261632,0.12233706318122126,1,0.011400226112028289,0,
SPY,2007-08-17,102.30767822265624,0.24668261016083476,0.12233706318122126,1,-0.006841852656798597,0,
SPY,2007-08-20,102.25813293457033,0.24585791603188287,0.12233706318122126,1,-0.006360655659426562,0,
SPY,2007-08-21,102.46311950683594,0.24042665081023798,0.12233706318122126,1,-0.008348519431727985,0,
SPY,2007-08-22,103.67914581298828,0.2451301887956601,0.12239431934027918,1,-0.01997934718836314,0,
SPY,2007-08-23,103.58723449707033,0.23053766549816196,0.12263869428854196,1,-0.019109790352870748,0,
SPY,2007-08-24,104.86690521240234,0.22286144393760385,0.12290250918032153,1,-0.03107940530144715,0,
SPY,2007-08-27,103.89127349853516,0.21896138336793747,0.12304127206927845,1,-0.021980376782749667,0,
SPY,2007-08-28,101.60770416259766,0.22950597419027882,0.12339990374284861,1,0.014403144634017817,0,
SPY,2007-08-29,103.60135650634766,0.23977836231260394,0.12367118369227859,1,-0.0051175187530785315,0,
SPY,2007-08-30,103.32567596435548,0.23808299242184525,0.12369182744151924,1,-0.0024630987448002184,0,
SPY,2007-08-31,104.34375762939452,0.22034400316367564,0.12371272035143101,1,-0.012196062675185582,0,
SPY,2007-09-04,105.39714050292967,0.21546198739531178,0.12378485149307525,1,-0.022068586208778385,0,
SPY,2007-09-05,104.4851303100586,0.2149007319639394,0.12386782859099946,1,-0.01353260204854656,0,
SPY,2007-09-06,104.72553253173828,0.2088631967470689,0.12397830040628294,1,-0.015797082814115737,0,
SPY,2007-09-07,103.26911163330078,0.18518913534337308,0.12409119227499366,1,-0.0019167107045676701,0,
SPY,2007-09-10,103.07117462158205,0.1844726869266397,0.12420938237078172,1,0.011660471755758461,0,
SPY,2007-09-11,104.27303314208984,0.18846928888606335,0.12433525471508688,1,0.002576299957379735,0,
SPY,2007-09-12,104.54167175292967,0.17854642836518259,0.12442018990902873,1,0.001555484165428389,0,
SPY,2007-09-13,105.27693176269533,0.169599093943231,0.12462953315433405,1,-0.005439435640253731,0,
SPY,2007-09-14,105.26985931396484,0.16889794956765544,0.12491159008828272,1,-0.005372617097447296,0,
SPY,2007-09-17,104.70428466796876,0.16003441283160055,0.12514613397255214,1,0.01539515294597682,0,
SPY,2007-09-18,107.78675842285156,0.18785778969294056,0.12531000499606407,1,-0.013643004946408688,0,
SPY,2007-09-19,108.42302703857422,0.18819040952735452,0.12540399448061829,1,-0.019431332546115287,0,
SPY,2007-09-20,107.65945434570312,0.18817701969334605,0.12545241274636965,1,-0.012476667370602379,0,
SPY,2007-09-21,107.95001220703124,0.18790693205706088,0.12553580775705755,1,-0.015134681591018717,0,
SPY,2007-09-24,107.7511215209961,0.18437786352234478,0.12565866007817814,1,-0.01331678367900102,0,
SPY,2007-09-25,107.53803253173828,0.18051946157048496,0.1257414542236577,1,-0.011361649069099755,0,
SPY,2007-09-26,108.10625457763672,0.15698563526086973,0.12594233756610815,1,-0.028122960657679275,0,
SPY,2007-09-27,108.7455596923828,0.14522152920259593,0.12658552611851273,1,-0.03873526344199851,0,
SPY,2007-09-28,108.38329315185548,0.14555317424149883,0.12718977509466464,1,-0.0487614577346287,0,
SPY,2007-10-01,109.60506439208984,0.1465841257917374,0.1274667599549827,1,-0.06869701739957557,1,29.0
SPY,2007-10-02,109.45592498779295,0.14433026443858551,0.12797184635150816,1,-0.06742806853216221,1,28.0
SPY,2007-10-03,109.23567962646484,0.13971082768080983,0.12858357892624828,1,-0.06554777957609093,1,27.0
SPY,2007-10-04,109.40619659423828,0.13973015286304533,0.12895466216638246,1,-0.0670041866546296,1,26.0
SPY,2007-10-05,110.70613861083984,0.12974788645025306,0.12927636564098904,1,-0.07795968085124716,1,23.0
SPY,2007-10-08,110.1165542602539,0.13218051073747197,0.12977715477567714,1,-0.07302290684454738,1,23.0
SPY,2007-10-09,111.15364074707033,0.1305600932487527,0.13007731054874744,1,-0.08167179509002953,1,21.0
SPY,2007-10-10,110.96893310546876,0.13168878971052847,0.13020575787665567,1,-0.0930738704647397,1,20.0
SPY,2007-10-11,110.43618774414062,0.13356793040385656,0.13156559419456662,1,-0.08869884902976788,1,20.0
SPY,2007-10-12,111.047119140625,0.1336749040068471,0.1329723250058469,1,-0.09838189432097244,1,18.0
SPY,2007-10-15,110.1094207763672,0.13656740304905435,0.13325307218970303,1,-0.09070366100615423,1,18.0
SPY,2007-10-16,109.23567962646484,0.0994419858502054,0.13432893047130057,0,-0.08343049136459324,1,18.0
SPY,2007-10-17,109.56957244873048,0.09796763284251112,0.13536953498941712,0,-0.08622356587607871,1,17.0
SPY,2007-10-18,109.17178344726562,0.09515757283923709,0.13575470661133995,0,-0.08289404057371108,1,16.0
SPY,2007-10-19,106.31622314453124,0.1350955866273734,0.1380160381188834,0,-0.05826138063075337,1,23.0
SPY,2007-10-22,106.93426513671876,0.1369932939087317,0.14134938886701062,0,-0.06370429466481675,1,22.0
SPY,2007-10-23,107.80081176757812,0.14004854023934019,0.14484390426131116,0,-0.07123061914830553,1,14.0
SPY,2007-10-24,107.60192108154295,0.13885214030704576,0.14805721401953736,0,-0.06951388790903645,1,13.0
SPY,2007-10-25,107.85765075683594,0.13734436687635684,0.15964722017159297,0,-0.07172006345281978,1,12.0
SPY,2007-10-26,109.1220245361328,0.14328729387468683,0.17030392368680092,0,-0.08247584640870664,1,10.0
SPY,2007-10-29,109.48436737060548,0.13798625127064462,0.17312293764064074,0,-0.08551242880392695,1,9.0
SPY,2007-10-30,108.72431182861328,0.14010800841991755,0.1759434250530721,0,-0.0791195500183044,1,8.0
SPY,2007-10-31,109.85370635986328,0.14491924335595638,0.1761210806390647,0,-0.08858702616096059,1,7.0
SPY,2007-11-01,107.28231048583984,0.16785829124299717,0.17617885741817985,0,-0.06674182586794053,1,14.0
SPY,2007-11-02,107.40299987792967,0.16121135003697248,0.17739593154307343,0,-0.06779053364916521,1,13.0
SPY,2007-11-05,106.58615112304688,0.1621366171893497,0.1785815836987231,0,-0.06064632087991373,1,12.0
SPY,2007-11-06,108.02105712890624,0.16630344331170654,0.17923423994866622,0,-0.07312429759687011,1,4.0
SPY,2007-11-07,105.06598663330078,0.19074846280459196,0.17996022522827532,1,-0.04705512783953825,0,
SPY,2007-11-08,104.53327178955078,0.19079002828480113,0.1803369228138202,1,-0.0421987996104044,0,
SPY,2007-11-09,103.0983657836914,0.19202616798727232,0.18370652530682258,1,-0.028868280892562992,0,
SPY,2007-11-12,102.07552337646484,0.19258895759953878,0.18710310999605856,1,-0.01913710663600321,0,
SPY,2007-11-13,105.1868133544922,0.22597740925622942,0.19005518315426106,1,-0.048149763190751815,0,
SPY,2007-11-14,104.89554595947266,0.2252330673653052,0.19292417337233392,1,-0.045506724953157995,0,
SPY,2007-11-15,103.38255310058594,0.229446577843998,0.19325509646855438,1,-0.031537815638293276,0,
SPY,2007-11-16,103.56017303466795,0.2118459520698626,0.193500614148562,1,-0.033198861427485515,0,
SPY,2007-11-19,102.1181182861328,0.21468625878231684,0.19413083570915926,1,-0.01954623840459324,0,
SPY,2007-11-20,102.74324035644533,0.2135354138456384,0.19494586794190555,1,-0.025511626328586057,0,
SPY,2007-11-21,100.640625,0.22313098520471908,0.19532280807085672,1,-0.005152311000815146,0,
SPY,2007-11-23,102.3809585571289,0.23404465746671296,0.19539510000851057,1,-0.03110175011664207,0,
SPY,2007-11-26,100.1220932006836,0.2376229014518061,0.19562731497843405,1,-0.00924233207396108,0,
SPY,2007-11-27,101.27281188964844,0.2427621300232133,0.1962919461013744,1,-0.020499878333859578,0,
SPY,2007-11-28,104.5119857788086,0.2728224836558907,0.19695445234766693,1,-0.05085784345036859,1,27.0
SPY,2007-11-29,104.54750061035156,0.269123009949987,0.19719639399977384,1,-0.051180267454800976,1,26.0
SPY,2007-11-30,105.59881591796876,0.2603338265029215,0.19730942347390468,1,-0.06563086841401056,1,25.0
SPY,2007-12-03,104.9026336669922,0.2610271333095653,0.19746219793988423,1,-0.06753102845583636,1,24.0
SPY,2007-12-04,103.96501922607422,0.261511062300266,0.19779308614471808,1,-0.08350532765955687,1,28.0
SPY,2007-12-05,105.70533752441406,0.26414224851617396,0.19811638767326872,1,-0.10784957932184802,1,22.0
SPY,2007-12-06,107.2183837890625,0.24956873008239572,0.19822527686455094,1,-0.1293645177853957,1,19.0
SPY,2007-12-07,107.19705200195312,0.2485863715217286,0.19869982990481508,1,-0.12919126478627285,1,18.0
SPY,2007-12-10,108.02812957763672,0.24295169063765337,0.19974039465460353,1,-0.13589053483172353,1,17.0
SPY,2007-12-11,105.06598663330078,0.2623992922622991,0.20043212580802772,1,-0.11152855206830425,1,18.0
SPY,2007-12-12,106.10313415527344,0.24223849421112195,0.20134911608882605,1,-0.12021327159051276,1,17.0
SPY,2007-12-13,105.88294219970705,0.2421289466238179,0.20228121114682465,1,-0.11838368548169032,1,16.0
SPY,2007-12-14,104.5404052734375,0.2407537055926607,0.20250996303366398,1,-0.10706172385406265,1,15.0
SPY,2007-12-17,103.04869079589844,0.246432237456803,0.20335492505734282,1,-0.09413570855209352,1,20.0
SPY,2007-12-18,103.62403106689452,0.2416736010088086,0.20445878737360357,1,-0.09916523887977269,1,19.0
SPY,2007-12-19,103.62403106689452,0.24084420889973876,0.20517052271833955,1,-0.09916523887977269,1,18.0
SPY,2007-12-20,104.277587890625,0.2281933921240877,0.2057532455888164,1,-0.10481119518824877,1,16.0
SPY,2007-12-21,105.7808074951172,0.2258730478179927,0.20649796361025108,1,-0.11753245713529037,1,10.0
SPY,2007-12-24,106.56625366210938,0.2080149536332002,0.2076287936832678,1,-0.12403668080102792,1,7.0
SPY,2007-12-26,106.7948226928711,0.20569408310068843,0.20832604846700517,0,-0.12591147287243698,1,6.0
SPY,2007-12-27,105.45228576660156,0.18193948668837476,0.2089700639973282,0,-0.11478325392520039,1,7.0
SPY,2007-12-28,105.18806457519533,0.18224263915218195,0.20958073540789135,0,-0.1125596839389551,1,6.0
SPY,2007-12-31,104.40972900390624,0.18043243532728953,0.20983401982678912,0,-0.10594414751360437,1,10.0
SPY,2008-01-02,103.49562072753906,0.181563466337261,0.21011741149444332,0,-0.0980475442704214,1,10.0
SPY,2008-01-03,103.44564056396484,0.17889542147394016,0.21038858768292473,0,-0.09761176243343173,1,9.0
SPY,2008-01-04,100.91053771972656,0.18735306754752112,0.21085238792692654,0,-0.0749417119178355,1,9.0
SPY,2008-01-07,100.8249053955078,0.17707049137760664,0.21117694098009282,0,-0.07415604402223408,1,8.0
SPY,2008-01-08,99.1967315673828,0.18271828544808277,0.213097604827168,0,-0.05895962702106772,1,9.0
SPY,2008-01-09,100.23931884765624,0.18525914576994074,0.21563450490175298,0,-0.06874737033746736,1,7.0
SPY,2008-01-10,100.89624786376952,0.16510693423087397,0.216416732824677,0,-0.0748106966425558,1,5.0
SPY,2008-01-11,100.08218383789062,0.16023478443949382,0.21653216671534814,0,-0.06728524805511094,1,5.0
SPY,2008-01-14,100.8891372680664,0.1648900668374543,0.2169739009033763,0,-0.07474548994872177,1,3.0
SPY,2008-01-15,98.66827392578124,0.175874747584369,0.21741235987352553,0,-0.05391950666251788,1,4.0
SPY,2008-01-16,97.81845092773438,0.17205170285999466,0.21763907425850515,0,-0.04570018859300884,0,
SPY,2008-01-17,95.28338623046876,0.1883210762876844,0.21808102758307105,0,-0.020310539272049843,0,
SPY,2008-01-18,94.30506134033205,0.18883397738865604,0.218481868952134,0,-0.010147197343074676,0,
SPY,2008-01-22,93.34812927246094,0.18512931568676233,0.21925508261481294,0,0.017365454749632248,0,
SPY,2008-01-23,95.59044647216795,0.2008831919440252,0.22043584728383192,0,-0.02091756469331585,0,
SPY,2008-01-24,96.39740753173828,0.20174319384138006,0.22182973061945788,0,-0.03911420347335148,0,
SPY,2008-01-25,95.0048599243164,0.2025893763210039,0.22333703171811142,0,-0.03788306535318231,0,
SPY,2008-01-28,96.5759048461914,0.21548872629340604,0.22507116478635691,0,-0.053534266621595106,1,29.0
SPY,2008-01-29,97.0543441772461,0.21796307903174597,0.2261435049975965,0,-0.05819996640229497,1,28.0
SPY,2008-01-30,96.34030151367188,0.2179543019739173,0.22818691927802834,0,-0.051219653968365586,1,27.0
SPY,2008-01-31,98.09697723388672,0.23064360077019566,0.230305405253496,1,-0.06820997767341719,1,25.0
SPY,2008-02-01,99.6751480102539,0.23991822702519977,0.23293510667104195,1,-0.08296314144895589,1,23.0
SPY,2008-02-04,98.41830444335938,0.22810255843357977,0.23652273087917502,0,-0.07125219110497427,1,23.0
SPY,2008-02-05,95.78324127197266,0.2458852956263652,0.23855084397209203,1,-0.04570169694518322,0,
SPY,2008-02-06,95.01202392578124,0.2415038210824048,0.2397931491622697,1,-0.03795560993064062,0,
SPY,2008-02-07,95.64041137695312,0.23920660213427172,0.24020189795332078,0,-0.0442765428238211,0,
SPY,2008-02-08,95.02629089355467,0.23724345649167167,0.24108460085734973,0,-0.038100048445294465,0,
SPY,2008-02-11,95.51190948486328,0.23810161748310774,0.24232670432387124,0,-0.04299071079277739,0,
SPY,2008-02-12,96.39740753173828,0.23883020307515854,0.24295497343721106,0,-0.05178171335324788,1,18.0
SPY,2008-02-13,97.38289642333984,0.23043910877605517,0.24313924453308144,0,-0.06137742905512622,1,17.0
SPY,2008-02-14,96.52596282958984,0.23052672433594731,0.24371996321285536,0,-0.053044570316232775,1,16.0
SPY,2008-02-15,96.50448608398438,0.20978196894083098,0.24538019023680355,0,-0.0528338286016421,1,15.0
SPY,2008-02-19,96.77587127685548,0.20582590225405326,0.24693024004405117,0,-0.05548993358643284,1,14.0
SPY,2008-02-20,97.06148529052734,0.20133133669097364,0.24749775080124622,0,-0.05826925753984635,1,13.0
SPY,2008-02-21,96.25456237792967,0.18698369091753017,0.24855778315693539,0,-0.05037452408705623,1,12.0
SPY,2008-02-22,96.8472671508789,0.18585707684762226,0.2506213009160278,0,-0.05618622707719767,1,11.0
SPY,2008-02-25,98.0684051513672,0.18210789337240718,0.25256718060798944,0,-0.0679385020501756,1,9.0
SPY,2008-02-26,98.80393981933594,0.17509714726370587,0.2538727826331648,0,-0.07487712763205545,1,7.0
SPY,2008-02-27,98.70394897460938,0.17465771237386465,0.2562380976024192,0,-0.07393994306705154,1,6.0
SPY,2008-02-28,97.7398910522461,0.1763810037932173,0.25855425050208214,0,-0.06480574489208968,1,6.0
SPY,2008-02-29,95.5619125366211,0.18220479692353939,0.2594621919512598,0,-0.0434914687176734,0,
SPY,2008-03-03,95.33338928222656,0.17039811723554524,0.2594621919512598,0,-0.0411986262616304,0,
SPY,2008-03-04,94.96916198730467,0.16602870658140145,0.2594621919512598,0,-0.03752141543427989,0,
SPY,2008-03-05,95.56903839111328,0.1384317430032412,0.25855425050208214,0,-0.043562788265606556,0,
SPY,2008-03-06,93.59092712402344,0.15476205656954528,0.25683736507165494,0,-0.02334780287189775,0,
SPY,2008-03-07,92.62689971923828,0.1557807839234659,0.2549979083840822,0,-0.013183158628929714,0,
SPY,2008-03-10,91.4057846069336,0.16041259173095473,0.2538727826331648,0,0.002343928867826861,0,
SPY,2008-03-11,94.69065856933594,0.20705564508442445,0.2538727826331648,0,-0.03242796440081108,0,
SPY,2008-03-12,93.80516815185548,0.20608245921658977,0.2538727826331648,0,-0.023294397640841513,0,
SPY,2008-03-13,94.01226043701172,0.20206991209362404,0.2538727826331648,0,-0.025445906328934176,0,
SPY,2008-03-14,92.55550384521484,0.2066001452410899,0.2538727826331648,0,-0.010107130772245787,0,
SPY,2008-03-17,91.62003326416016,0.2084050515426502,0.2538727826331648,0,0.01574425999021889,0,
SPY,2008-03-18,95.42619323730467,0.25876623907571134,0.2538727826331648,1,-0.02476961795220245,0,
SPY,2008-03-19,93.0625228881836,0.2722964295793326,0.2538727826331648,1,0.014127114269179897,0,
SPY,2008-03-20,94.78628540039062,0.28054540769075,0.2538727826331648,1,-0.004315578097185524,0,
SPY,2008-03-24,96.68085479736328,0.2890595578648449,0.2538727826331648,1,-0.023827127087243993,0,
SPY,2008-03-25,96.77413940429688,0.28525483906467347,0.2538727826331648,1,-0.024768100608780208,0,
SPY,2008-03-26,95.59001922607422,0.2864121679309804,0.2538727826331648,1,-0.012687427544112007,0,
SPY,2008-03-27,95.28864288330078,0.28644972373409405,0.2549979083840822,1,-0.0095647820403304,0,
SPY,2008-03-28,94.37722778320312,0.2863744190150375,0.25683736507165494,1,0.003497999872597246,0,
SPY,2008-03-31,94.70735931396484,0.2760357032716449,0.25855425050208214,1,0.007274267826362868,0,
SPY,2008-04-01,98.0372085571289,0.3024759363087303,0.2594621919512598,1,-0.026937961466413696,0,
SPY,2008-04-02,98.10179138183594,0.3018664277362129,0.2599089447568541,1,-0.02757855216489624,0,
SPY,2008-04-03,98.34575653076172,0.30138643398782133,0.26095551044307896,1,-0.02999082648875595,0,
SPY,2008-04-04,98.2381362915039,0.2898865236529985,0.2623161447281779,1,-0.028928177875128136,0,
SPY,2008-04-07,98.2883529663086,0.2860755132455047,0.26322892113605617,1,-0.029424309882959743,0,
SPY,2008-04-08,98.1878890991211,0.28009641009554925,0.2641918135331897,1,-0.028431236418177352,0,
SPY,2008-04-09,97.4774398803711,0.2558505587756382,0.2649136119472952,0,-0.02135010800635495,0,
SPY,2008-04-10,97.6137924194336,0.2526304842960692,0.26543072763558717,0,-0.022717142257551726,0,
SPY,2008-04-11,95.7192153930664,0.2639855832314065,0.2667126898070919,0,-0.0033737153088657656,0,
SPY,2008-04-14,95.3962860107422,0.257320551661344,0.26808138737934206,0,0.0023320944015177147,0,
SPY,2008-04-15,95.61875915527344,0.25360005762168575,0.26949589260092227,0,0.027093957667720714,0,
SPY,2008-04-16,98.2094497680664,0.22908567161065513,0.2707139226733309,0,0.001461175905955736,0,
SPY,2008-04-17,98.35295104980467,0.20660508450388146,0.2715621959308095,0,0.004305223096660926,0,
SPY,2008-04-18,99.3791961669922,0.20047378211028752,0.2726272147692268,0,-0.006065793887990334,0,
SPY,2008-04-21,99.42940521240234,0.18963654718707404,0.2730355350455865,0,-0.006567702630004502,0,
SPY,2008-04-22,98.9916763305664,0.19075797679297138,0.27323451772195995,0,-0.0021748685572149373,0,
SPY,2008-04-23,98.8337631225586,0.18442885115769947,0.273335577056791,0,-0.0005805776736272916,0,
SPY,2008-04-24,99.26436614990234,0.18374678609131442,0.27372069345019856,0,-0.014675908337233423,0,
SPY,2008-04-25,100.18292999267578,0.18002153083543349,0.27372069345019856,0,-0.02371021272502849,0,
SPY,2008-04-28,100.20448303222656,0.180274715360252,0.27372069345019856,0,-0.02642690323939334,0,
SPY,2008-04-29,99.80980682373048,0.13699078293722766,0.27372069345019856,0,-0.036957191912627585,0,
SPY,2008-04-30,99.22128295898438,0.13911200965391116,0.27372069345019856,0,-0.03124497313829644,0,
SPY,2008-05-01,101.27378845214844,0.15602953358086058,0.27372069345019856,0,-0.05087863200061349,1,28.0
SPY,2008-05-02,101.55365753173828,0.15578986976714673,0.27372069345019856,0,-0.05349429085660329,1,27.0
SPY,2008-05-05,101.0656509399414,0.15745001188226507,0.27372069345019856,0,-0.04892398412093657,0,
SPY,2008-05-06,101.94120025634766,0.15920165326143,0.27372069345019856,0,-0.057092555350815144,1,25.0
SPY,2008-05-07,100.1255111694336,0.17142423884587885,0.27372069345019856,0,-0.03999374869081784,0,
SPY,2008-05-08,99.86721801757812,0.17198795493827007,0.27372069345019856,0,-0.04974027097137346,0,
SPY,2008-05-09,99.68060302734376,0.15422742920899254,0.27372069345019856,0,-0.048902378017679715,0,
SPY,2008-05-12,100.80013275146484,0.15609682784907683,0.27372069345019856,0,-0.06132579477485545,1,28.0
SPY,2008-05-13,100.81449127197266,0.15636870845927078,0.27372069345019856,0,-0.06145948560298764,1,27.0
SPY,2008-05-14,101.02262878417967,0.1278925191996859,0.27372069345019856,0,-0.08452578225691576,1,26.0
SPY,2008-05-15,102.28563690185548,0.13373580322637538,0.27372069345019856,0,-0.10076556023917171,1,18.0
SPY,2008-05-16,102.3789291381836,0.13000040558899284,0.27372069345019856,0,-0.10158498267867888,1,17.0
SPY,2008-05-19,102.65880584716795,0.13001743414624756,0.27372069345019856,0,-0.10403431409525854,1,16.0
SPY,2008-05-20,101.82635498046876,0.13294536601048007,0.27372069345019856,0,-0.10627153734618544,1,15.0
SPY,2008-05-21,100.1040496826172,0.14805655049521968,0.27372069345019856,0,-0.09089480412760231,1,21.0
SPY,2008-05-22,100.11834716796876,0.14741043793121217,0.27372069345019856,0,-0.09938098161416642,1,20.0
SPY,2008-05-23,98.77638244628906,0.15144576245580676,0.27372069345019856,0,-0.08714527384257664,1,23.0
SPY,2008-05-27,99.5083465576172,0.15413795640591346,0.27372069345019856,0,-0.09552695833197256,1,22.0
SPY,2008-05-28,99.9676513671875,0.15447908226476062,0.27372069345019856,0,-0.09968259080390995,1,17.0
SPY,2008-05-29,100.47003173828124,0.1537241823917154,0.27372069345019856,0,-0.11100442803934862,1,16.0
SPY,2008-05-30,100.7211456298828,0.13504571834771797,0.27372069345019856,0,-0.12124054725588063,1,15.0
SPY,2008-06-02,99.68060302734376,0.13912828701893118,0.27372069345019856,0,-0.12458454952861542,1,16.0
SPY,2008-06-03,99.09929656982422,0.13955807001182238,0.27372069345019856,0,-0.11944945097609594,1,17.0
SPY,2008-06-04,99.04906463623048,0.13490626744943351,0.27372069345019856,0,-0.11900288687307348,1,16.0
SPY,2008-06-05,101.02977752685548,0.14004049535054938,0.27372069345019856,0,-0.13627504545137048,1,11.0
SPY,2008-06-06,97.8075714111328,0.1822718530223422,0.2737426038528187,0,-0.10782019486367755,1,14.0
SPY,2008-06-09,98.04436492919922,0.18264861728001283,0.27402517704607166,0,-0.10997495811762492,1,13.0
SPY,2008-06-10,97.55638885498048,0.1775062318021947,0.27402517704607166,0,-0.10552306182470506,1,12.0
SPY,2008-06-11,96.1211166381836,0.18336887293446147,0.2745653687869082,0,-0.09216680939204702,1,15.0
SPY,2008-06-12,96.4870834350586,0.1840302426522669,0.27533674426933197,0,-0.09561013872728619,1,14.0
SPY,2008-06-13,97.70709228515624,0.18417968823163477,0.275832771557686,0,-0.1069027031551697,1,9.0
SPY,2008-06-16,97.76448822021484,0.1841084859730334,0.27610404646897524,0,-0.1074270259986061,1,8.0
SPY,2008-06-17,97.29085540771484,0.18332395368798934,0.27610404646897524,0,-0.10308178875851648,1,8.0
SPY,2008-06-18,96.34357452392578,0.18406351469542964,0.27612900050134725,0,-0.09426300162061207,1,10.0
SPY,2008-06-19,96.46556854248048,0.17653183786065152,0.27612900050134725,0,-0.09540843099873586,1,9.0
SPY,2008-06-20,94.89979553222656,0.18364035280777838,0.27612900050134725,0,-0.08048337182340348,1,12.0
SPY,2008-06-23,94.80598449707033,0.1791806577699729,0.27612900050134725,0,-0.07957350513945716,1,11.0
SPY,2008-06-24,94.61848449707033,0.17569047993124393,0.27612900050134725,0,-0.07774954897799802,1,12.0
SPY,2008-06-25,95.0656280517578,0.17574979362670942,0.27612900050134725,0,-0.08208737699673885,1,7.0
SPY,2008-06-26,92.48361206054688,0.19426305078670733,0.27621613065350115,0,-0.05646051167083488,1,12.0
SPY,2008-06-27,91.97876739501952,0.19270493881218165,0.2764181638154847,0,-0.051281698224122096,1,11.0
SPY,2008-06-30,92.30335998535156,0.19343225705228578,0.27660503601003317,0,-0.05461794655915264,1,10.0
SPY,2008-07-01,92.59183502197266,0.19481482074223191,0.27667615356325437,0,-0.057563337180502216,1,9.0
SPY,2008-07-02,91.00511169433594,0.20053435110594617,0.27720150196005156,0,-0.04113144440135341,0,
SPY,2008-07-03,91.0988998413086,0.18079326235925472,0.27720150196005156,0,-0.04211861883679224,0,
SPY,2008-07-07,90.16848754882812,0.15120670234163167,0.27720150196005156,0,-0.032234626812529865,0,
SPY,2008-07-08,91.76961517333984,0.16846261480940083,0.27720150196005156,0,-0.04911947339415201,0,
SPY,2008-07-09,90.00261688232422,0.1779233724376117,0.27720150196005156,0,-0.030451079922111268,0,
SPY,2008-07-10,90.37043762207033,0.17534839094980895,0.27720150196005156,0,-0.03439728412767762,0,
SPY,2008-07-11,89.31741333007812,0.1759199991717949,0.27720150196005156,0,-0.023013130933836945,0,
SPY,2008-07-14,88.50965881347656,0.1655915772534524,0.27720150196005156,0,-0.014096979106704932,0,
SPY,2008-07-15,87.2619400024414,0.16734936847114348,0.27720150196005156,0,0.021902590203169314,0,
SPY,2008-07-16,89.40397644042969,0.19828915648275972,0.27773883827260154,0,-0.002581249011166964,0,
SPY,2008-07-17,90.29833221435548,0.20326774749125887,0.2778362108349854,0,-0.012460138212034177,0,
SPY,2008-07-18,90.86087036132812,0.20546748946408763,0.27833716696317223,0,-0.01857419855178921,0,
SPY,2008-07-21,90.911376953125,0.19955585138635296,0.2796305758238643,0,-0.01911943803659233,0,
SPY,2008-07-22,91.94274139404295,0.2051738288176045,0.2807525688487885,0,-0.030122430954336976,0,
SPY,2008-07-23,92.44033813476562,0.2066268842565107,0.2814081429303462,0,-0.035343181191680006,0,
SPY,2008-07-24,90.52188873291016,0.2167999459607004,0.2818235413125011,0,-0.014899006606469478,0,
SPY,2008-07-25,90.500244140625,0.1955132361370089,0.2820629638128052,0,-0.014663403823690468,0,
SPY,2008-07-28,89.17320251464844,0.20099135139014157,0.28227557191552544,0,-0.0033970419511794026,0,
SPY,2008-07-29,91.07723999023438,0.21603451187277986,0.2823836143612792,0,-0.024231768394451292,0,
SPY,2008-07-30,92.69998931884766,0.22537991303849858,0.2825927738803108,0,-0.04131297039193771,0,
SPY,2008-07-31,91.4739227294922,0.2217384288425656,0.28297744970603955,0,-0.028463252116196824,0,
SPY,2008-08-01,90.99070739746094,0.22258146307846807,0.28385289343179754,0,-0.048113695289768055,0,
SPY,2008-08-04,90.1468505859375,0.22202947292587663,0.28385289343179754,0,-0.03920317055368916,0,
SPY,2008-08-05,92.57740783691406,0.23350654442254373,0.28385289343179754,0,-0.09153939252891763,1,28.0
SPY,2008-08-06,92.9884796142578,0.22162263260811232,0.28385289343179754,0,-0.0955554009431755,1,27.0
SPY,2008-08-07,91.603759765625,0.2290546213236608,0.28385289343179754,0,-0.08188344695889493,1,26.0
SPY,2008-08-08,93.30584716796876,0.2323697163930136,0.28385289343179754,0,-0.09863175016010106,1,25.0
SPY,2008-08-11,94.27227783203124,0.23007948612883516,0.28385289343179754,0,-0.10787211155043153,1,17.0
SPY,2008-08-12,93.29144287109376,0.22669801456645336,0.28385289343179754,0,-0.09849257795453947,1,23.0
SPY,2008-08-13,92.72885131835938,0.21483344892423362,0.28385289343179754,0,-0.09302307786735664,1,22.0
SPY,2008-08-14,93.42842864990234,0.21378184660977703,0.28385289343179754,0,-0.09981437794727377,1,21.0
SPY,2008-08-15,93.88282775878906,0.21345613125030902,0.28385289343179754,0,-0.13939689941253486,1,16.0
SPY,2008-08-18,92.59904479980467,0.2203618144545795,0.28385289343179754,0,-0.12746559280595038,1,19.0
SPY,2008-08-19,91.58932495117188,0.22063635916549557,0.28385289343179754,0,-0.11784640072184482,1,18.0
SPY,2008-08-20,92.01483154296876,0.22039663897996833,0.28385289343179754,0,-0.12192576668030908,1,17.0
SPY,2008-08-21,92.17349243164062,0.2063444474899743,0.28385289343179754,0,-0.1316219757967726,1,16.0
SPY,2008-08-22,93.50780487060548,0.21171910566398122,0.28385289343179754,0,-0.18761146859297573,1,15.0
SPY,2008-08-25,91.61095428466795,0.218466971722803,0.28385289343179754,0,-0.2079277752622477,1,14.0
SPY,2008-08-26,91.87779998779295,0.20579454317378376,0.28385289343179754,0,-0.23012450709385424,1,13.0
SPY,2008-08-27,92.77214813232422,0.19877053951009876,0.28385289343179754,0,-0.29079548885177764,1,12.0
SPY,2008-08-28,93.89724731445312,0.1965524108238797,0.28385289343179754,0,-0.3162896004810153,1,7.0
SPY,2008-08-29,92.88752746582033,0.1999555688475876,0.28385289343179754,0,-0.3088574297693446,1,10.0
SPY,2008-09-02,92.31058502197266,0.1981284848994862,0.28385289343179754,0,-0.3045377790660031,1,9.0
SPY,2008-09-03,92.2312240600586,0.17389763057970722,0.28297744970603955,0,-0.3039393640347521,1,8.0
SPY,2008-09-04,89.45446014404297,0.20343985162967132,0.28297744970603955,0,-0.2823328834389839,1,9.0
SPY,2008-09-05,89.7357406616211,0.19810864847341042,0.28297744970603955,0,-0.28458244171427893,1,8.0
SPY,2008-09-08,91.58932495117188,0.20086989322308163,0.28385289343179754,0,-0.2990610585969141,1,5.0
SPY,2008-09-09,88.87027740478516,0.2211469404429039,0.2852887574937495,0,-0.27761534733725346,1,6.0
SPY,2008-09-10,89.23087310791016,0.22060946775535611,0.2861298296981725,0,-0.2805346149929516,1,5.0
SPY,2008-09-11,90.52188873291016,0.22770271858365898,0.28616100380832943,0,-0.2907955702899775,1,4.0
SPY,2008-09-12,90.9402084350586,0.22645706134492657,0.2871121472040551,0,-0.3057036179136834,1,3.0
SPY,2008-09-15,86.61280822753906,0.280485810212466,0.2884613441901083,0,-0.2968945909249705,1,10.0
SPY,2008-09-16,88.0625,0.28713598741767604,0.28897042230879033,0,-0.30846916723962026,1,9.0
SPY,2008-09-17,84.1029281616211,0.3252310973684437,0.28960289689835056,1,-0.2759118464587461,1,13.0
SPY,2008-09-18,86.59838104248047,0.3452696464950607,0.2907714808792448,1,-0.29677745441814074,1,7.0
SPY,2008-09-19,90.03752899169922,0.3759853201242797,0.29180840364670446,1,-0.3236383245749085,1,6.0
SPY,2008-09-22,87.99913787841797,0.378814000858807,0.2927460426594306,1,-0.3079712434899169,1,5.0
SPY,2008-09-23,85.99702453613281,0.38045658876232935,0.2940492352206665,1,-0.2918599883142021,1,4.0
SPY,2008-09-24,86.27266693115234,0.38051968986029067,0.2959957944729676,1,-0.2941225056997606,1,3.0
SPY,2008-09-25,87.62191772460938,0.383678180987919,0.29717785002967245,1,-0.3049919981053185,1,2.0
SPY,2008-09-26,87.66544342041016,0.3798957250724895,0.2973132310366844,1,-0.30533706801758154,1,1.0
SPY,2008-09-29,80.79585266113281,0.4704439883220472,0.2977947719946439,1,-0.24627401092759127,1,5.0
SPY,2008-09-30,84.13996887207031,0.4998204323400895,0.2987447931723388,1,-0.27623060982405956,1,4.0
SPY,2008-10-01,84.19074249267578,0.49999393313792295,0.2996335651754555,1,-0.2766670995298707,1,3.0
SPY,2008-10-02,81.13678741455078,0.5048840851408373,0.30032201321840635,1,-0.24944114870094403,1,2.0
SPY,2008-10-03,80.04143524169922,0.504852583371201,0.3007560999121753,1,-0.2391698902441105,1,1.0
SPY,2008-10-06,75.96466827392578,0.5206182491256988,0.30105318324677083,1,-0.19833871003865589,1,2.0
SPY,2008-10-07,72.56249237060547,0.5317793561882517,0.3013148138753301,1,-0.1607518985300146,1,2.0
SPY,2008-10-08,70.73446655273438,0.5316741478856276,0.30140590750062507,1,-0.16418837557764243,1,1.0
SPY,2008-10-09,65.79442596435547,0.5636804252195324,0.3017420160608364,1,-0.1681368796866627,1,12.0
SPY,2008-10-10,64.19852447509766,0.5590568636469591,0.30230589789926526,1,-0.14745771916979333,1,11.0
SPY,2008-10-13,73.52002716064453,0.7664288540571979,0.30285982945125306,1,-0.25555037728234453,1,2.0
SPY,2008-10-14,72.43191528320312,0.7610518363708811,0.303494466310971,1,-0.24436684757077143,1,1.0
SPY,2008-10-15,65.30117797851562,0.8224624300266851,0.3043928428591971,1,-0.1618534584484731,1,8.0
SPY,2008-10-16,68.02140045166016,0.831259026669918,0.30503069934069765,1,-0.19537151369252947,1,6.0
SPY,2008-10-17,67.6152114868164,0.8097043095769549,0.30646026033545687,1,-0.19053782013822107,1,5.0
SPY,2008-10-20,71.67745971679688,0.848702512081747,0.3079809887112691,1,-0.23641327834184211,1,2.0
SPY,2008-10-21,69.53753662109375,0.8505499441427213,0.30837117942358205,1,-0.2129149357106932,1,1.0
SPY,2008-10-22,65.75089263916016,0.8636436142471066,0.30861646970585416,1,-0.16758610742668245,1,3.0
SPY,2008-10-23,66.51258850097656,0.8619709705152019,0.3087153340708778,1,-0.17711883245785864,1,1.0
SPY,2008-10-24,63.13945770263672,0.8705615944181015,0.30893127110298224,1,-0.13315764066741453,1,18.0
SPY,2008-10-27,60.89793395996094,0.8398237906495348,0.30932018002992306,1,-0.10125101258905322,1,18.0
SPY,2008-10-28,68.01419830322266,0.9319196818834519,0.30970844454829816,1,-0.1952863101035731,1,11.0
SPY,2008-10-29,67.52091217041016,0.9310782244040818,0.30990392230872854,1,-0.18940732992764708,1,10.0
SPY,2008-10-30,69.85673522949219,0.9389180017140651,0.30992397657029414,1,-0.21651138859940866,1,5.0
SPY,2008-10-31,70.24118041992188,0.9397142821334589,0.3102618970057014,1,-0.2207995914258516,1,4.0
SPY,2008-11-03,70.44429016113281,0.9243733221736427,0.3113029490382185,1,-0.22304623473753715,1,3.0
SPY,2008-11-04,72.83811950683594,0.9193457226134728,0.3123150038818878,1,-0.24858086874693486,1,2.0
SPY,2008-11-05,69.77693939208984,0.9278462851685741,0.3136402653626109,1,-0.21561540304334115,1,1.0
SPY,2008-11-06,65.9104995727539,0.9135658282655426,0.3161258059536092,1,-0.16960185650665727,1,4.0
SPY,2008-11-07,68.08672332763672,0.915592980203698,0.3176737933003828,1,-0.1961434798593451,1,3.0
SPY,2008-11-10,67.1944580078125,0.7705516587431274,0.31897656249012873,1,-0.185469187420634,1,2.0
SPY,2008-11-11,65.11980438232422,0.775695729342026,0.32024365882196054,1,-0.15951902802721318,1,6.0
SPY,2008-11-12,62.25444412231445,0.7014998520977742,0.32024365882196054,1,-0.12083454838342211,1,5.0
SPY,2008-11-13,66.13534545898438,0.7207660952878476,0.32024365882196054,1,-0.17242503078966898,1,2.0
SPY,2008-11-14,62.83479309082031,0.7421238806112834,0.32024365882196054,1,-0.12895461591120405,1,3.0
SPY,2008-11-17,62.00056838989258,0.7053979280639593,0.32048794534156155,1,-0.11723460117736462,1,3.0
SPY,2008-11-18,63.16847610473633,0.7055852387889527,0.32048794534156155,1,-0.13355585163736694,1,1.0
SPY,2008-11-19,59.12068939208984,0.7162834581967434,0.321461471650508,1,-0.07423345287890759,1,1.0
SPY,2008-11-20,54.7319564819336,0.7566388926407476,0.321461471650508,1,0.053942895472667285,0,
SPY,2008-11-21,57.684356689453125,0.77004773026821,0.321461471650508,1,0.03257127152085948,0,
SPY,2008-11-24,61.68136978149414,0.8003008496683138,0.321461471650508,1,-0.03434035682583414,0,
SPY,2008-11-25,62.13840103149414,0.6884053381262591,0.321461471650508,1,-0.041442834946742946,0,
SPY,2008-11-26,64.53950500488281,0.7045034908000658,0.321461471650508,1,-0.077104642665216,1,2.0
SPY,2008-11-28,65.35193634033203,0.693877488190015,0.321461471650508,1,-0.08857773970911564,1,1.0
SPY,2008-12-01,59.563209533691406,0.7616271788900503,0.321461471650508,1,0.035865252375763435,0,
SPY,2008-12-02,61.85543441772461,0.7782665086531037,0.321461471650508,1,-0.0025216109670096465,0,
SPY,2008-12-03,63.34254455566406,0.7724284357178874,0.321461471650508,1,-0.025939682266670316,0,
SPY,2008-12-04,61.87725067138672,0.7634303438374641,0.321461471650508,1,-0.04778416534377261,0,
SPY,2008-12-05,63.78506088256836,0.7488766865562879,0.321461471650508,1,-0.07626492662971918,1,29.0
SPY,2008-12-08,66.01203918457031,0.7500122782243978,0.321461471650508,1,-0.1074279991632312,1,25.0
SPY,2008-12-09,64.92394256591797,0.7508167501180875,0.321461471650508,1,-0.09246888642869311,1,27.0
SPY,2008-12-10,65.366455078125,0.743011788621489,0.321461471650508,1,-0.09861261676396216,1,23.0
SPY,2008-12-11,63.79232406616211,0.7298668877281919,0.321461471650508,1,-0.07637010005815426,1,25.0
SPY,2008-12-12,64.55400085449219,0.6971921287304966,0.321461471650508,1,-0.0872680683712116,1,24.0
SPY,2008-12-15,63.65447998046875,0.6739469989568445,0.321461471650508,1,-0.07436997502193377,1,23.0
SPY,2008-12-16,66.65042114257812,0.6903138009561793,0.321461471650508,1,-0.11597711035846592,1,5.0
SPY,2008-12-17,66.00480651855469,0.6894632684311142,0.321461471650508,1,-0.10733019302580793,1,18.0
SPY,2008-12-18,64.77159881591797,0.646268261996421,0.321461471650508,1,-0.0903343599447003,1,20.0
SPY,2008-12-19,64.49297332763672,0.5715469606689308,0.321461471650508,1,-0.08640438090891489,1,19.0
SPY,2008-12-22,63.66663360595703,0.5510577330012671,0.321461471650508,1,-0.07454667292517014,1,18.0
SPY,2008-12-23,63.00844955444336,0.5017193463375722,0.32274163141322976,1,-0.06487941996769808,1,17.0
SPY,2008-12-24,63.37409210205078,0.5014847269121696,0.32364242862463943,1,-0.0702746826036117,1,16.0
SPY,2008-12-26,63.73976516723633,0.48271653266732434,0.32462584337511025,1,-0.07560848804988118,1,15.0
SPY,2008-12-29,63.55694580078125,0.48024769989604044,0.3260656859509633,1,-0.0729495076907416,1,14.0
SPY,2008-12-30,65.06339263916016,0.34519939697968294,0.3269380357542474,1,-0.09441399373287185,1,10.0
SPY,2008-12-31,65.99213409423828,0.32451286612625946,0.3273225380659117,0,-0.10715877425410603,1,9.0
SPY,2009-01-02,67.98128509521484,0.33013066977195693,0.3291215896330369,1,-0.14780578249588705,1,6.0
SPY,2009-01-05,67.90081787109375,0.3151655437179514,0.33056884007591086,0,-0.14884179545468845,1,5.0
SPY,2009-01-06,68.35420989990234,0.30039163421058573,0.3307545800514934,0,-0.16358144471407043,1,4.0
SPY,2009-01-07,66.30659484863281,0.3000734752094245,0.33093437019063876,0,-0.1461344563728334,1,5.0
SPY,2009-01-08,66.5771713256836,0.29358812921750965,0.3313374747062996,0,-0.18003093599963238,1,4.0
SPY,2009-01-09,65.15115356445312,0.3036640160521336,0.3320771797882622,0,-0.1620835876419815,1,3.0
SPY,2009-01-12,63.5861701965332,0.303598182794676,0.33252079608800844,0,-0.14146078169228582,1,5.0
SPY,2009-01-13,63.70318603515625,0.3003970897985638,0.3328259263263317,0,-0.14303782505343898,1,4.0
SPY,2009-01-14,61.69945907592773,0.317246354963761,0.33345820200325854,0,-0.12374102294013345,1,22.0
SPY,2009-01-15,61.72136688232422,0.2632924864571664,0.33597103208772494,0,-0.16350696166833312,1,21.0
SPY,2009-01-16,62.20399856567383,0.2654297880559323,0.3388777307875689,0,-0.17622817537035296,1,1.0
SPY,2009-01-20,58.92049789428711,0.31800800809152013,0.3398663069335349,0,-0.1303213104267834,1,23.0
SPY,2009-01-21,61.465431213378906,0.3591793745112401,0.34080054986258423,1,-0.18143942012788095,1,18.0
SPY,2009-01-22,60.514739990234375,0.36034764822513693,0.34185395776292904,1,-0.16857977041242156,1,19.0
SPY,2009-01-23,60.77799606323242,0.35988366407145095,0.3428678848179304,1,-0.18048380969142053,1,18.0
SPY,2009-01-26,61.1948356628418,0.36019605695349327,0.34360521970073693,1,-0.18606609121798168,1,15.0
SPY,2009-01-27,61.816436767578125,0.3617268724924453,0.3443738683046177,1,-0.19425068164954495,1,14.0
SPY,2009-01-28,63.907962799072266,0.38213133596085946,0.3453889461786678,1,-0.22062056734731128,1,2.0
SPY,2009-01-29,61.83104705810547,0.38925740767289885,0.34572437483400187,1,-0.19444107518472553,1,12.0
SPY,2009-01-30,60.5732421875,0.38898928444234576,0.34572437483400187,1,-0.17771362420800618,1,13.0
SPY,2009-02-02,60.390419006347656,0.3678433302554836,0.34572437483400187,1,-0.17522427219631176,1,12.0
SPY,2009-02-03,61.238731384277344,0.37429350271963463,0.3471723305467207,1,-0.18664951636933957,1,9.0
SPY,2009-02-04,60.93890380859375,0.37169243947586134,0.3471723305467207,1,-0.18264772295910647,1,9.0
SPY,2009-02-05,61.84567260742188,0.3664807679591247,0.3471723305467207,1,-0.19463157746702675,1,7.0
SPY,2009-02-06,63.60812377929688,0.38261839304329265,0.3471723305467207,1,-0.21694669125672716,1,6.0
SPY,2009-02-09,63.69588470458984,0.3758271954751801,0.3471723305467207,1,-0.2180255911455934,1,5.0
SPY,2009-02-10,60.77799606323242,0.4019387334274937,0.3471723305467207,1,-0.18048380969142053,1,6.0
SPY,2009-02-11,61.1363410949707,0.402739956032565,0.3471723305467207,1,-0.18528732835096817,1,3.0
SPY,2009-02-12,61.18023300170898,0.3869543157419418,0.349407195611668,1,-0.1858718193025065,1,2.0
SPY,2009-02-13,60.52204895019531,0.3886845878041037,0.3646027715389597,1,-0.17701808428002108,1,3.0
SPY,2009-02-17,57.93325805664063,0.4153535481096295,0.3796729064383162,1,-0.14024252287636108,1,4.0
SPY,2009-02-18,57.79433822631836,0.3697258172542651,0.382087962297993,0,-0.13817593008361007,1,3.0
SPY,2009-02-19,57.1727294921875,0.33362166227288326,0.3848783328277367,0,-0.12880577452338915,1,6.0
SPY,2009-02-20,56.61691665649414,0.3314856766559553,0.38706509305279146,0,-0.12025319056973272,1,6.0
SPY,2009-02-23,54.59122085571289,0.3500518049043903,0.39154404414965827,0,-0.08760875819252378,1,5.0
SPY,2009-02-24,56.66080474853516,0.3794645183411668,0.3954585522664296,0,-0.12093462121859877,1,4.0
SPY,2009-02-25,56.2147331237793,0.3760494626383744,0.39706152846550413,0,-0.11395911675580561,1,3.0
SPY,2009-02-26,55.30060195922852,0.3498563658673073,0.40329466322644864,0,-0.09931266525719862,1,2.0
SPY,2009-02-27,54.06470489501953,0.3415084696274433,0.4112490996382331,0,-0.0787233207867104,1,2.0
SPY,2009-03-02,51.629493713378906,0.3663606361058753,0.4170990850253956,0,-0.0352694127732065,0,
SPY,2009-03-03,51.24190139770508,0.36589936239402504,0.4204366652310115,0,-0.027972217468089422,0,
SPY,2009-03-04,52.455848693847656,0.3749340298078732,0.420773413427412,0,-0.050467144683297605,1,3.0
SPY,2009-03-05,50.31317901611328,0.39353693781184984,0.42435018506656763,0,-0.010029722582657552,0,
SPY,2009-03-06,50.40091323852539,0.3854798047925058,0.42849776423263364,0,-0.011752990414914177,0,
SPY,2009-03-09,49.80855178833008,0.35788901636081727,0.4293374491954066,0,0.059609345567780414,0,
SPY,2009-03-10,52.77760696411133,0.43443973573681915,0.42958994020951347,1,0.006513178974441702,0,
SPY,2009-03-11,53.12135696411133,0.41419381436902114,0.4296464187488059,0,0.039371811816426794,0,
SPY,2009-03-12,55.21284103393555,0.44273291444440843,0.4301892833638276,1,0.004768575310485357,0,
SPY,2009-03-13,55.6442985534668,0.4446698342243525,0.4321466589618907,1,-0.003022249059236315,0,
SPY,2009-03-16,55.47612762451172,0.44411788794648627,0.4342095611383825,1,0.018442268145728358,0,
SPY,2009-03-17,57.1727294921875,0.4345565317091078,0.4376059896528811,0,-0.011780026112447883,0,
SPY,2009-03-18,58.452484130859375,0.4419200927924711,0.4452462033202006,0,-0.03341604576867874,0,
SPY,2009-03-19,57.72847366333008,0.44252198774841156,0.45034883206500764,0,-0.02129348551027599,0,
SPY,2009-03-20,56.49923324584961,0.4480662633600984,0.4505915430068621,0,0.027115101106040873,0,
SPY,2009-03-23,60.55747604370117,0.48973740366361185,0.45133764283978883,1,-0.041716738229867656,0,
SPY,2009-03-24,59.36433792114258,0.48210419472365673,0.4524396462930257,1,-0.022456617897243958,0,
SPY,2009-03-25,59.9903678894043,0.48134598240340365,0.4532567730337074,1,-0.03265777975043427,0,
SPY,2009-03-26,61.213035583496094,0.4790489991644328,0.4545555893275547,1,-0.05197944989072467,1,2.0
SPY,2009-03-27,60.10822296142578,0.4759286739789967,0.45544664913510724,1,-0.03455446179192623,0,
SPY,2009-03-30,58.03121566772461,0.4616518234474837,0.46412216982756377,0,0.009264793803268168,0,
SPY,2009-03-31,58.56886291503906,0.45903497028843454,0.4743089240112843,0,0.019366233418412815,0,
SPY,2009-04-01,59.703121185302734,0.45723085613957526,0.47644077229146087,0,0.0072784708016802036,0,
SPY,2009-04-02,61.448707580566406,0.4261499016563022,0.48189065566333467,0,-0.021335501145054003,0,
SPY,2009-04-03,62.06000900268555,0.4250364989823875,0.4873079726210273,0,-0.030975509413529445,0,
SPY,2009-04-06,61.57391357421875,0.42251534115454265,0.49152132535530046,0,-0.023325542932534526,0,
SPY,2009-04-07,60.13766860961914,0.3999507773965974,0.4962122598209342,0,0.010777667031256932,0,
SPY,2009-04-08,60.78581237792969,0.40022729060357515,0.4988305041966289,0,0.010905426393172712,0,
SPY,2009-04-09,63.201656341552734,0.4006068823663358,0.506347598925245,0,-0.02773580413008625,0,
SPY,2009-04-13,63.21635818481445,0.40124631004812134,0.5150308999553447,0,-0.02796191769035916,0,
SPY,2009-04-14,62.12633514404297,0.40888092065589526,0.5178517826060577,0,-0.01090725152071903,0,
SPY,2009-04-15,62.78921890258789,0.3991479077585181,0.5213445092717759,0,-0.02134938681274523,0,
SPY,2009-04-16,63.70985412597656,0.39564329551434546,0.5249311280787732,0,-0.035491315690961756,0,
SPY,2009-04-17,64.13704681396484,0.3906858452165185,0.5309556159489057,0,-0.04191554439973211,0,
SPY,2009-04-20,61.448707580566406,0.4165114065463289,0.537801293154043,0,0.013304851316796817,0,
SPY,2009-04-21,62.649227142333984,0.344298582402865,0.537801293154043,0,-0.006112663495892456,0,
SPY,2009-04-22,62.26627349853516,0.3362177588159353,0.537801293154043,0,0.009817352857028006,0,
SPY,2009-04-23,62.8775634765625,0.3359969713187509,0.537801293154043,0,0.0023430841615008635,0,
SPY,2009-04-24,63.82770156860352,0.33284119241217375,0.537801293154043,0,-0.012577778131058648,0,
SPY,2009-04-27,63.22373962402344,0.32718355013731043,0.537801293154043,0,-0.0031451591688144154,0,
SPY,2009-04-28,63.0248908996582,0.29656992386453335,0.537801293154043,0,0.02126882770473104,0,
SPY,2009-04-29,64.3653564453125,0.3021805452661752,0.537801293154043,0,0.00034327047627358276,0,
SPY,2009-04-30,64.387451171875,0.2975861165803322,0.537801293154043,0,0.005376216675324397,0,
SPY,2009-05-01,64.73361206054688,0.2826813338320017,0.537801293154043,0,0.008988700216057799,0,
SPY,2009-05-04,66.93585205078125,0.302420243162319,0.537801293154043,0,-0.024207788619620918,0,
SPY,2009-05-05,66.70751953125,0.3005554755222518,0.537801293154043,0,-0.020867758953863724,0,
SPY,2009-05-06,67.86392211914062,0.2853552874307985,0.537801293154043,0,-0.03755219189077985,0,
SPY,2009-05-07,66.921142578125,0.29335210652687344,0.537801293154043,0,-0.023993306494861533,0,
SPY,2009-05-08,68.48258972167969,0.2735431449598728,0.537801293154043,0,-0.046246887585434715,0,
SPY,2009-05-11,67.20099639892578,0.28522190930776814,0.537801293154043,0,-0.028057817691735987,0,
SPY,2009-05-12,67.00215148925781,0.2759487402210064,0.537801293154043,0,-0.0251733468031472,0,
SPY,2009-05-13,65.31548309326172,0.29330681651576623,0.537801293154043,0,0.00033816020523702583,0,
SPY,2009-05-14,65.87525939941406,0.29064703082254145,0.537801293154043,0,-0.008162232891171795,0,
SPY,2009-05-15,65.33757019042969,0.29203938592204054,0.537801293154043,0,0.003494775643787751,0,
SPY,2009-05-18,67.19365692138672,0.25750092113023615,0.537801293154043,0,-0.02422470597091675,0,
SPY,2009-05-19,67.11263275146484,0.2520261565583173,0.537801293154043,0,-0.023046665712508685,0,
SPY,2009-05-20,66.663330078125,0.25232967895051367,0.537801293154043,0,-0.016462119991356938,0,
SPY,2009-05-21,65.70584869384766,0.2588131045283869,0.537801293154043,0,-0.002129770138792675,0,
SPY,2009-05-22,65.56591033935547,0.25468839936868864,0.537801293154043,0,-0.005196387418684667,0,
SPY,2009-05-26,67.24518585205078,0.2647770602410841,0.537801293154043,0,-0.030699704707111808,0,
SPY,2009-05-27,66.0446548461914,0.2744969558900583,0.537801293154043,0,-0.01308018559238866,0,
SPY,2009-05-28,66.96530151367188,0.2691253204712245,0.537801293154043,0,-0.027090751162433535,0,
SPY,2009-05-29,68.15111541748047,0.27461435763766867,0.537801293154043,0,-0.04401915075425655,0,
SPY,2009-06-01,69.80094909667969,0.2845941524769655,0.537801293154043,0,-0.0666149667448177,1,15.0
SPY,2009-06-02,69.85986328125,0.2621334252522121,0.537801293154043,0,-0.06740210853899753,1,14.0
SPY,2009-06-03,68.97606658935547,0.266795166154095,0.537801293154043,0,-0.055452645890626595,1,23.0
SPY,2009-06-04,69.62419891357422,0.26216179047205473,0.537801293154043,0,-0.06424544611678795,1,12.0
SPY,2009-06-05,69.63895416259766,0.25596404994078853,0.537801293154043,0,-0.06444371577252017,1,11.0
SPY,2009-06-08,69.35167694091797,0.24420083331854028,0.537801293154043,0,-0.06056833709513343,1,20.0
SPY,2009-06-09,69.70521545410156,0.2333693695665744,0.537801293154043,0,-0.0653330490492866,1,9.0
SPY,2009-06-10,69.52845001220703,0.23325864952843564,0.537801293154043,0,-0.0629568013898032,1,18.0
SPY,2009-06-11,69.83777618408203,0.2097280369995097,0.537801293154043,0,-0.06710716243142034,1,7.0
SPY,2009-06-12,70.0292739868164,0.20883417819638095,0.537801293154043,0,-0.06965819456998934,1,6.0
SPY,2009-06-15,68.42364501953125,0.22566294358122527,0.537801293154043,0,-0.04782679766255471,0,
SPY,2009-06-16,67.49562072753906,0.21068758542093738,0.537801293154043,0,-0.03473498737281544,0,
SPY,2009-06-17,67.4293212890625,0.21066892515208524,0.537801293154043,0,-0.033785896871905474,0,
SPY,2009-06-18,67.92282104492188,0.21040575777709963,0.537801293154043,0,-0.04080601789553373,0,
SPY,2009-06-19,68.17316436767578,0.20249772155899823,0.537801293154043,0,-0.04432833948457593,0,
SPY,2009-06-22,66.12887573242188,0.23257626775235973,0.537801293154043,0,-0.01478498655459315,0,
SPY,2009-06-23,66.18069458007812,0.2133000090879907,0.537801293154043,0,-0.0155564004391755,0,
SPY,2009-06-24,66.75105285644531,0.20558027699563894,0.537801293154043,0,-0.023968036369978796,0,
SPY,2009-06-25,68.20280456542969,0.21380827538622882,0.537801293154043,0,-0.0447436640036476,0,
SPY,2009-06-26,68.02503204345703,0.2047875853621027,0.537801293154043,0,-0.04224725462493617,0,
SPY,2009-06-29,68.66204071044922,0.18794739633597946,0.537801293154043,0,-0.051132758075267404,1,5.0
SPY,2009-06-30,68.10649871826172,0.18958143531423735,0.537801293154043,0,-0.04339288584837553,0,
SPY,2009-07-01,68.38796997070312,0.18546338332679937,0.537801293154043,0,-0.04733009004715438,0,
SPY,2009-07-02,66.52141571044922,0.20509452595500882,0.537801293154043,0,-0.0205986974565594,0,
SPY,2009-07-06,66.51399993896484,0.20504563127270545,0.537801293154043,0,-0.020489502155452533,0,
SPY,2009-07-07,65.22520446777344,0.21400266589749117,0.537801293154043,0,-0.0011351942018420491,0,
SPY,2009-07-08,65.18077850341797,0.21205937636205388,0.537801293154043,0,-0.00045438717134627105,0,
SPY,2009-07-09,65.30668640136719,0.21287930396949054,0.537801293154043,0,-0.0023814591750022096,0,
SPY,2009-07-10,65.15116119384766,0.21103049243854774,0.537801293154043,0,0.02432896191846523,0,
SPY,2009-07-13,66.73622131347656,0.23186106240513638,0.537801293154043,0,0.0056604075566606404,0,
SPY,2009-07-14,67.11397552490234,0.2198573838091783,0.537801293154043,0,0.02759117188902316,0,
SPY,2009-07-15,69.07681274414062,0.23828039399484313,0.537801293154043,0,-0.0016081226096296142,0,
SPY,2009-07-16,68.96572875976562,0.23836542701758145,0.537801293154043,0,0.010954174777387582,0,
SPY,2009-07-17,69.72119140625,0.23993914297402796,0.537801293154043,0,0.010623848825889848,0,
SPY,2009-07-20,70.46189880371094,0.24207902933159386,0.537801293154043,0,0.004414773210827505,0,
SPY,2009-07-21,70.78781127929688,0.2103331259937678,0.537801293154043,0,-0.0002096289190908207,0,
SPY,2009-07-22,70.7729721069336,0.21052666317748026,0.537801293154043,0,0.021977813483852193,0,
SPY,2009-07-23,72.3358383178711,0.21994540290518996,0.537801293154043,0,-0.0001027295797800809,0,
SPY,2009-07-24,72.63212585449219,0.21003248578525646,0.537801293154043,0,-0.004181600955794451,0,
SPY,2009-07-27,72.8469009399414,0.20893585321993127,0.537801293154043,0,-0.007117580098173537,0,
SPY,2009-07-28,72.50617980957031,0.2096085866197429,0.537801293154043,0,-0.0024518257952571565,0,
SPY,2009-07-29,72.32840728759766,0.20666263642112379,0.537801293154043,0,0.006759541357070686,0,
SPY,2009-07-30,73.08393859863281,0.20830287276633583,0.537801293154043,0,-0.0036481948810649367,0,
SPY,2009-07-31,73.18762969970703,0.1735980386180648,0.537801293154043,0,-0.00505981069857353,0,
SPY,2009-08-03,74.39496612548828,0.17725749669653923,0.537801293154043,0,-0.021206434517059947,0,
SPY,2009-08-04,74.58753204345703,0.15104911563120846,0.537801293154043,0,-0.023733428992883554,0,
SPY,2009-08-05,74.37274932861328,0.15267140333249782,0.537801293154043,0,-0.020914047076455722,0,
SPY,2009-08-06,73.98760223388672,0.1575728783923403,0.537801293154043,0,-0.015817353862043415,0,
SPY,2009-08-07,74.9578857421875,0.15587301275692486,0.537801293154043,0,-0.02855699000903833,0,
SPY,2009-08-10,74.80235290527344,0.1452389073339609,0.537801293154043,0,-0.02653711655083879,0,
SPY,2009-08-11,73.86907958984375,0.1590502541515586,0.537801293154043,0,-0.014238236725493736,0,
SPY,2009-08-12,74.66162109375,0.13370371707139897,0.537801293154043,0,-0.024702208695481565,0,
SPY,2009-08-13,75.23194122314453,0.1326776324464579,0.537801293154043,0,-0.03209576990753593,0,
SPY,2009-08-14,74.65422821044922,0.1368705928602035,0.537801293154043,0,-0.024605626587174245,0,
SPY,2009-08-17,72.81731414794922,0.16693334396625087,0.537801293154043,0,0.007934150511231142,0,
SPY,2009-08-18,73.39505767822266,0.16811327826598704,0.537801293154043,0,0.007366707633245095,0,
SPY,2009-08-19,74.0394058227539,0.1696830184177377,0.537801293154043,0,-0.0014001761864324003,0,
SPY,2009-08-20,74.80235290527344,0.1564066518268576,0.537801293154043,0,-0.01158540155157417,0,
SPY,2009-08-21,76.2689208984375,0.16853484066619334,0.537801293154043,0,-0.030591534023159617,0,
SPY,2009-08-24,76.26150512695312,0.1687600544025841,0.537801293154043,0,-0.03049726743811465,0,
SPY,2009-08-25,76.40961456298828,0.16675286133832887,0.537801293154043,0,-0.032376513967174336,0,
SPY,2009-08-26,76.41703796386719,0.16596659824343235,0.537801293154043,0,-0.03247051207581686,0,
SPY,2009-08-27,76.5874252319336,0.16349222326184212,0.537801293154043,0,-0.03462301564571557,0,
SPY,2009-08-28,76.57261657714844,0.1637127982937441,0.537801293154043,0,-0.034436317905219394,0,
SPY,2009-08-31,75.89115905761719,0.15938564744029873,0.537801293154043,0,-0.025766129705165453,0,
SPY,2009-09-01,74.21719360351562,0.17933171547680282,0.537801293154043,0,-0.003792328704261494,0,
SPY,2009-09-02,73.93573760986328,0.1795395173807712,0.537801293154043,0,0.008314806511878992,0,
SPY,2009-09-03,74.55049896240234,0.18102825603095218,0.537801293154043,0,0.014009132492990073,0,
SPY,2009-09-04,75.59488677978516,0.18187181490801438,0.537801293154043,0,0.00862260635525125,0,
SPY,2009-09-08,76.24671173095703,0.1838552028545374,0.537801293154043,0,0.0003705293947482424,0,
SPY,2009-09-09,76.83184051513672,0.1780569045024107,0.537801293154043,0,-0.007247999429621288,0,
SPY,2009-09-10,77.6169662475586,0.17773819243893937,0.537801293154043,0,-0.017290071147228803,0,
SPY,2009-09-11,77.60216522216797,0.17659156805131748,0.537801293154043,0,-0.01710263933309153,0,
SPY,2009-09-14,77.97990417480469,0.17345760623266418,0.537801293154043,0,-0.0218638483073349,0,
SPY,2009-09-15,78.3058090209961,0.14086840609471507,0.537801293154043,0,-0.025934801868215396,0,
SPY,2009-09-16,79.49092864990234,0.14590583134458157,0.537801293154043,0,-0.0404570096942759,0,
SPY,2009-09-17,79.3724136352539,0.14600726166878863,0.537801293154043,0,-0.039024266927066176,0,
SPY,2009-09-18,79.42301940917969,0.14406655439666488,0.537801293154043,0,-0.039636569519662324,0,
SPY,2009-09-21,79.22208404541016,0.13139885118363276,0.5309556159489057,0,-0.0372007465092008,0,
SPY,2009-09-22,79.68350982666016,0.1318795938940702,0.5249311280787732,0,-0.04277605812254881,0,
SPY,2009-09-23,79.0211410522461,0.13709543016741946,0.5212918221352427,0,-0.03475244265992272,0,
SPY,2009-09-24,78.15039825439453,0.14435631446002808,0.517123484536911,0,-0.023997764789161824,0,
SPY,2009-09-25,77.73363494873047,0.14608027743118385,0.5143552890227312,0,-0.018764998842345282,0,
SPY,2009-09-28,79.12532043457031,0.15795076621201146,0.5082946713325339,0,-0.03602332401321595,0,
SPY,2009-09-29,78.88720703125,0.15403904815037728,0.5041610476010145,0,-0.03311365366641705,0,
SPY,2009-09-30,78.58206176757812,0.12711190441324963,0.5022139751937256,0,-0.02935909718805252,0,
SPY,2009-10-01,76.6322021484375,0.16016895541683568,0.4998471410137928,0,-0.004661731746130382,0,
SPY,2009-10-02,76.27496337890625,0.15980743101968636,0.49824515180109674,0,0.010439997471370921,0,
SPY,2009-10-05,77.41362762451172,0.16079702365480264,0.4962122598209342,0,-0.004422397338894157,0,
SPY,2009-10-06,78.52255249023438,0.16541537963195643,0.49298566493195056,0,-0.01848231674210954,0,
SPY,2009-10-07,78.73833465576172,0.16389699212201123,0.4887723121976774,0,-0.02117216295390356,0,
SPY,2009-10-08,79.34115600585938,0.16229931132893863,0.48189065566333467,0,-0.02860913952376498,0,
SPY,2009-10-09,79.82489776611328,0.16316212332813296,0.47644077229146087,0,-0.03449580318249146,0,
SPY,2009-10-12,80.13746643066406,0.1629313186124896,0.4743089240112843,0,-0.03826166166116607,0,
SPY,2009-10-13,79.97373962402344,0.1630054220536391,0.46412216982756377,0,-0.03629273601506844,0,
SPY,2009-10-14,81.35054779052734,0.16547644103068637,0.45544664913510724,0,-0.052602890859878126,1,12.0
SPY,2009-10-15,81.6482162475586,0.16539203123396587,0.4545138194677462,0,-0.05605685775143332,1,11.0
SPY,2009-10-16,81.03795623779297,0.16839508109416854,0.4534505913213707,0,-0.04894845104980727,0,
SPY,2009-10-19,81.70779418945312,0.16972413600768782,0.45205201559132024,0,-0.05674514202392544,1,9.0
SPY,2009-10-20,81.27613067626953,0.17059991317672177,0.45071442399061173,0,-0.05173544603528102,1,8.0
SPY,2009-10-21,80.5467758178711,0.1710998155472775,0.4505915430068621,0,-0.043148865722680396,0,
SPY,2009-10-22,81.36541748046875,0.16783240972251004,0.45034883206500764,0,-0.05277602954336946,1,6.0
SPY,2009-10-23,80.43515014648438,0.172760301429285,0.4482446938423175,0,-0.04182097424630049,0,
SPY,2009-10-26,79.56442260742188,0.1673162416779561,0.4456170303336492,0,-0.03133497010356456,0,
SPY,2009-10-27,79.19973754882812,0.16782168303745207,0.4426185398115322,0,-0.026874631292874596,0,
SPY,2009-10-28,77.70387268066406,0.18086952586608515,0.44020517680828736,0,-0.008141149921225721,0,
SPY,2009-10-29,79.37088775634766,0.17199565857322882,0.4399941922819798,0,-0.028973015391941415,0,
SPY,2009-10-30,77.07127380371094,0.20372533868543005,0.43900965182835505,0,0.007338926612317831,0,
SPY,2009-11-02,77.63689422607422,0.1984109994121697,0.4370148125584365,0,0.0031630235112478644,0,
SPY,2009-11-03,77.88246154785156,0.19177382935354187,0.432001738690005,0,0.0025803740322740687,0,
SPY,2009-11-04,78.08342742919922,0.19173827666518778,0.427932897553925,0,0.01839465160709053,0,
SPY,2009-11-05,79.51974487304688,0.20110086323109458,0.42736204633855024,0,0.0026206939163826437,0,
SPY,2009-11-06,79.72814178466797,0.20011182594026833,0.42545661473172547,0,0.017735095468217832,0,
SPY,2009-11-09,81.54408264160156,0.21533571456365888,0.4189725555397561,0,-0.004929292694916376,0,
SPY,2009-11-10,81.5589370727539,0.215080779885548,0.4129223233940063,0,-0.005110526166610563,0,
SPY,2009-11-11,81.9756851196289,0.20725962905643128,0.41183348514579526,0,-0.010168345988079586,0,
SPY,2009-11-12,81.14212799072266,0.21018627386189656,0.41103007563744837,0,0.003669234460076609,0,
SPY,2009-11-13,81.58123779296875,0.20931820596457298,0.407001349073323,0,-0.0017330003059941035,0,
SPY,2009-11-16,82.76454162597656,0.21350850967449017,0.40194036496898966,0,-0.016005454957423892,0,
SPY,2009-11-17,82.86128234863281,0.21235331536552987,0.39916871565752043,0,-0.017154270673028105,0,
SPY,2009-11-18,82.8092041015625,0.2091888688380594,0.3976551362227623,0,-0.01653616446998918,0,
SPY,2009-11-19,81.7300796508789,0.2125591166128645,0.3960521600236879,0,-0.003550983544962527,0,
SPY,2009-11-20,81.43985748291016,0.20858216447246217,0.3940907076969159,0,0.0012797807107320924,0,
SPY,2009-11-23,82.47431945800781,0.2080742871836489,0.39322141179320014,0,-0.011279108727655363,0,
SPY,2009-11-24,82.60083770751953,0.20671081645826797,0.3907098973354493,0,-0.012793515117362597,0,
SPY,2009-11-25,82.8910903930664,0.19097986913416792,0.38723551924396726,0,-0.016250332153641467,0,
SPY,2009-11-27,81.54408264160156,0.19063869871728134,0.38509872830326847,0,0.00036451597872999564,0,
SPY,2009-11-30,81.81941223144531,0.1521267387578401,0.3829893369821079,0,-0.003001799475841338,0,
SPY,2009-12-01,82.8315200805664,0.15500508495829357,0.38026355873940176,0,-0.015183994168497361,0,
SPY,2009-12-02,82.79430389404297,0.15555779611850334,0.3782668766316232,0,-0.014741317626265737,0,
SPY,2009-12-03,82.14685821533203,0.16031634813983964,0.3721702424076432,0,-0.006975938764871237,0,
SPY,2009-12-04,82.61571502685547,0.1498787366935747,0.3647098969876006,0,-0.012611502107334749,0,
SPY,2009-12-07,82.48917388916016,0.15034214677805036,0.36151362922921637,0,-0.011096815294753815,0,
SPY,2009-12-08,81.57380676269531,0.1352616522333972,0.35872842749370704,0,0.0017148267842568288,0,
SPY,2009-12-09,81.87894439697266,0.1359046870163562,0.3574843657593184,0,-0.0020182561800708987,0,
SPY,2009-12-10,82.34036254882812,0.13616714680147826,0.35373732267106317,0,-0.007610736921770611,0,
SPY,2009-12-11,82.69013977050781,0.13103670176263343,0.34997101432125755,0,-0.011808518667304146,0,
SPY,2009-12-14,83.2557601928711,0.13177144047591904,0.34937618796059655,0,-0.024273908295432634,0,
SPY,2009-12-15,82.8687515258789,0.12318257120516765,0.34832799761812205,0,-0.030371376754052992,0,
SPY,2009-12-16,82.99525451660156,0.12323159527155614,0.34314300448977125,0,-0.03184930367222838,0,
SPY,2009-12-17,81.99799346923828,0.13060040195172937,0.33420625986481145,0,-0.02007463777400087,0,
SPY,2009-12-18,82.4618911743164,0.12332118844659085,0.3298520900357762,0,-0.025587306962287393,0,
SPY,2009-12-21,83.29995727539062,0.12692869331385723,0.32639482377962786,0,-0.04392390311598182,0,
SPY,2009-12-22,83.59921264648438,0.11993702026720478,0.32281237083690517,0,-0.04734631462094141,0,
SPY,2009-12-23,83.76380920410156,0.1199879737063101,0.32181258433727933,0,-0.054131262244867306,1,30.0
SPY,2009-12-24,84.16039276123047,0.12044210878962672,0.32085820596279,0,-0.05858841811461457,1,27.0
SPY,2009-12-28,84.33998107910156,0.10200885348960811,0.3204875887955393,0,-0.06059300147178415,1,26.0
SPY,2009-12-29,84.22025299072266,0.10237620965001296,0.3201063890718607,0,-0.059257534049762306,1,25.0
SPY,2009-12-30,84.19029998779297,0.09411165759373766,0.31963448479311096,0,-0.05892283917585428,1,24.0
SPY,2009-12-31,83.38224792480469,0.10114506181229796,0.3190788154367663,0,-0.04980292024633737,0,
SPY,2010-01-04,84.79637145996094,0.11193274555939838,0.31868432398379576,0,-0.06564907062260505,1,18.0
SPY,2010-01-05,85.0208511352539,0.11096930140343501,0.3183095187956878,0,-0.06811602773295733,1,17.0
SPY,2010-01-06,85.08069610595703,0.11045881077057247,0.3173174016004512,0,-0.06877150625595374,1,16.0
SPY,2010-01-07,85.43985748291016,0.09998825198144413,0.31628855839461384,0,-0.07268608802053578,1,15.0
SPY,2010-01-08,85.72415924072266,0.09992145167740052,0.31601738292976694,0,-0.07576149847139169,1,13.0
SPY,2010-01-11,85.8438949584961,0.09917941842716146,0.3158966912471741,0,-0.07705063336476847,1,12.0
SPY,2010-01-12,85.04327392578125,0.1067336207229316,0.3156993157159349,0,-0.0683617313393845,1,12.0
SPY,2010-01-13,85.7615737915039,0.10794893945474496,0.3155541628281506,0,-0.07616470898655192,1,10.0
SPY,2010-01-14,85.99352264404297,0.10552913513693365,0.3153895498917483,0,-0.07865655405926342,1,9.0
SPY,2010-01-15,85.0282974243164,0.11539335979292714,0.3151640697353648,0,-0.06819763676948298,1,9.0
SPY,2010-01-19,86.09078216552734,0.11062483148604525,0.3148203920885746,0,-0.07969742533979918,1,3.0
SPY,2010-01-20,85.21540832519531,0.11857028313207432,0.31450246771443946,0,-0.07024363271143519,1,7.0
SPY,2010-01-21,83.57673645019531,0.13568876871668556,0.3141950944382369,0,-0.05201409092278386,1,12.0
SPY,2010-01-22,81.71369171142578,0.15698281607815381,0.31388030610197426,0,-0.030400330445884416,0,
SPY,2010-01-25,82.1326904296875,0.15820209153705989,0.313593541543493,0,-0.03534672897057356,0,
SPY,2010-01-26,81.78852081298828,0.15709983515355688,0.31332752356223414,0,-0.03128742647631544,0,
SPY,2010-01-27,82.17759704589844,0.15815627092348675,0.3130622570016323,0,-0.035873871595522244,0,
SPY,2010-01-28,81.23481750488281,0.16228398135568037,0.3126637779290985,0,-0.024684600581726834,0,
SPY,2010-01-29,80.35191345214844,0.16534242577733615,0.31228286996248855,0,-0.013967868622960733,0,
SPY,2010-02-01,81.60147857666016,0.17434969879296733,0.31150043718006015,0,-0.02906699898809506,0,
SPY,2010-02-02,82.58910369873047,0.16856458034851277,0.3104778341360244,0,-0.040677705252016194,0,
SPY,2010-02-03,82.17759704589844,0.1683636548737014,0.3100300896595438,0,-0.035873871595522244,0,
SPY,2010-02-04,79.64109802246094,0.19811492015954887,0.30918218506257206,0,-0.005167301195414975,0,
SPY,2010-02-05,79.80570220947266,0.1971786682107478,0.3080061022129858,0,-0.007219205045212451,0,
SPY,2010-02-08,79.22956848144531,0.19595700256656942,0.3076051179207857,0,0.010576730672528623,0,
SPY,2010-02-09,80.2247085571289,0.20375633394666304,0.3073749124761061,0,-0.0019588761540065835,0,
SPY,2010-02-10,80.06755828857422,0.20256357198962147,0.3064079394815743,0,0.00962579379996309,0,
SPY,2010-02-11,80.90560150146484,0.20417901088604748,0.3059515086245329,0,-0.0008321970974662918,0,
SPY,2010-02-12,80.83827209472656,0.2032733637397952,0.30561125447406984,0,0.015734877214520715,0,
SPY,2010-02-16,82.1102523803711,0.2111605269238373,0.30561125447406984,0,0.0006381502933141547,0,
SPY,2010-02-17,82.49932098388672,0.20602027424281022,0.30561125447406984,0,-0.004080881125564151,0,
SPY,2010-02-18,82.9856948852539,0.20556086405200044,0.30561125447406984,0,-0.009917899999273727,0,
SPY,2010-02-19,83.15776062011719,0.1943221896103814,0.30524902681891897,0,-0.011966526643873321,0,
SPY,2010-02-22,83.1727294921875,0.1755848433423323,0.3043777017970625,0,-0.01214434630608896,0,
SPY,2010-02-23,82.16265106201172,0.1807508194165518,0.30379597016146476,0,0.007831019935235828,0,
SPY,2010-02-24,82.91832733154297,0.18282221504965376,0.3026989385925696,0,-0.001353849200116608,0,
SPY,2010-02-25,82.80606842041016,0.1823071780539757,0.3009095168785222,0,0.000632880077932052,0,
SPY,2010-02-26,82.85847473144531,0.17678823864055815,0.2988921190143285,0,0.010384583440833817,0,
SPY,2010-03-01,83.71892547607422,0.17386210088610876,0.2973944396787889,0,0.0027706576573285346,0,
SPY,2010-03-02,83.95088195800781,0.16659637502433536,0.29647019127772256,0,0.0008914347200601469,0,
SPY,2010-03-03,84.02571868896484,0.16180970238877754,0.29485175308298794,0,0.0030274885573680077,0,
SPY,2010-03-04,84.28010559082031,0.16045757912997352,0.29270939413271313,0,0.014293147620995095,0,
SPY,2010-03-05,85.48473358154297,0.11170936862838883,0.28957201422294243,0,0.00017483804722240315,0,
SPY,2010-03-08,85.49967956542969,0.1122406486960807,0.28763407951404724,0,0.0016628573090855525,0,
SPY,2010-03-09,85.64185333251953,0.10522148905073743,0.28703860934951675,0,0.004456204045006018,0,
SPY,2010-03-10,86.02349090576172,0.1002695896546543,0.28621392588858696,0,0.0041750659474171226,0,
SPY,2010-03-11,86.38264465332031,0.0981895524002369,0.28516510052363897,0,8.602457476558634e-05,0,
SPY,2010-03-12,86.39007568359375,0.09577250143244566,0.2831466237376626,0,0.00025999441859814176,0,
SPY,2010-03-15,86.41253662109375,0.09522732720967235,0.2800580847470841,0,0.007966086610730505,0,
SPY,2010-03-16,87.10090637207031,0.08550061568877433,0.2769889396360026,0,0.0003225159396627042,0,
SPY,2010-03-17,87.6171875,0.08592862741334563,0.2750080634281434,0,-0.00557184852875614,0,
SPY,2010-03-18,87.57228088378906,0.08609303362587277,0.2738470448277221,0,-0.00506191087614738,0,
SPY,2010-03-19,87.12899780273438,0.09040293108660127,0.27313424472149256,0,0.005260165958971497,0,
SPY,2010-03-22,87.5948257446289,0.09062546716241748,0.27217505320422497,0,-8.57922091790364e-05,0,
SPY,2010-03-23,88.21089935302734,0.07292548974242184,0.27142333642277805,0,-0.0070692915114272115,0,
SPY,2010-03-24,87.78266143798828,0.07557189994403615,0.27121525896197773,0,-0.03337893622626198,0,
SPY,2010-03-25,87.63990020751953,0.0757791994758702,0.2702177525979923,0,-0.04620672670657622,0,
SPY,2010-03-26,87.58731079101562,0.07637882052124761,0.26915342464318054,0,-0.04563404749933886,0,
SPY,2010-03-29,88.14328002929688,0.07234122169926578,0.26804146498441017,0,-0.05165377029019702,1,28.0
SPY,2010-03-30,88.20337677001953,0.07264589499927288,0.26684632270601255,0,-0.05229991921974175,1,27.0
SPY,2010-03-31,87.90286254882812,0.07543981820269526,0.266246766851609,0,-0.049060009352864364,0,
SPY,2010-04-01,88.50391387939453,0.07713288030287005,0.26553430150282303,0,-0.055518071167465544,1,25.0
SPY,2010-04-05,89.22520446777344,0.06724194442137876,0.2650348550189067,0,-0.0631531999432916,1,24.0
SPY,2010-04-06,89.43557739257812,0.06684043927946606,0.2641323085452373,0,-0.06535687779910426,1,22.0
SPY,2010-04-07,88.92465209960938,0.07260379003941775,0.26245090660147474,0,-0.059986794253578446,1,22.0
SPY,2010-04-08,89.23269653320312,0.07222440111108527,0.2611588497593071,0,-0.0945522998299918,1,21.0
SPY,2010-04-09,89.81869506835938,0.07372285052853576,0.2605951046281302,0,-0.10045965603858953,1,19.0
SPY,2010-04-12,89.96143341064453,0.07341121981027544,0.26029173363804675,0,-0.10188692206412708,1,18.0
SPY,2010-04-13,90.02906799316406,0.07327503689890132,0.25966343074646187,0,-0.10256163195989254,1,17.0
SPY,2010-04-14,91.0508270263672,0.07767713701266546,0.2585669700018854,0,-0.11568604350483425,1,16.0
SPY,2010-04-15,91.12596130371094,0.07656037279990328,0.25732160559037975,0,-0.11641516931174667,1,15.0
SPY,2010-04-16,89.67597198486328,0.09959452723445199,0.25627479654299945,0,-0.10212830362814929,1,14.0
SPY,2010-04-19,90.01403045654297,0.09713517287425913,0.2552430368883072,0,-0.10550036831518117,1,13.0
SPY,2010-04-20,90.81790924072266,0.09972173104769311,0.2545553658190691,0,-0.11341807179877494,1,12.0
SPY,2010-04-21,90.65266418457033,0.09853117365969022,0.25383230461524137,0,-0.1118019772048977,1,11.0
SPY,2010-04-22,90.9231185913086,0.09584904202079023,0.2529934760633227,0,-0.11733584505106998,1,10.0
SPY,2010-04-23,91.5166473388672,0.09638625302774971,0.25282456576102963,0,-0.13397880998093425,1,9.0
SPY,2010-04-26,91.17103576660156,0.09824174401106045,0.2526974413202714,0,-0.13069589296040074,1,8.0
SPY,2010-04-27,89.01477813720703,0.13311951247517126,0.25256905197590246,0,-0.10963822532032785,1,8.0
SPY,2010-04-28,89.69099426269531,0.13547312455214403,0.2523576998547663,0,-0.11635101732922604,1,6.0
SPY,2010-04-29,90.8029327392578,0.14035239655229118,0.25195926599137286,0,-0.12717184958613537,1,5.0
SPY,2010-04-30,89.26272583007812,0.15367172062507448,0.2517405695699716,0,-0.11211140934870589,1,5.0
SPY,2010-05-03,90.41974639892578,0.15770880667842155,0.2513534435365561,0,-0.1234729249815445,1,3.0
SPY,2010-05-04,88.29354858398438,0.17976734869384275,0.2513534435365561,0,-0.10236526783637379,1,3.0
SPY,2010-05-05,87.76763916015625,0.17986138419425576,0.2513534435365561,0,-0.09698658191844833,1,11.0
SPY,2010-05-06,84.85256958007812,0.21391007937990641,0.2513534435365561,0,-0.06596398639212586,1,14.0
SPY,2010-05-07,83.59034729003906,0.2154610238754817,0.2513534435365561,0,-0.05185995268133903,1,20.0
SPY,2010-05-10,87.27178192138672,0.27173649411487005,0.2513534435365561,1,-0.09185587723700739,1,8.0
SPY,2010-05-11,87.02384185791016,0.2716380216774778,0.2513534435365561,1,-0.08926847927069648,1,7.0
SPY,2010-05-12,88.24095916748047,0.27343987214329285,0.2513534435365561,1,-0.10183029986635739,1,6.0
SPY,2010-05-13,87.14404296875,0.2759771381721597,0.2513534435365561,1,-0.09052468608345332,1,5.0
SPY,2010-05-14,85.56629943847656,0.27756646494951903,0.2513534435365561,1,-0.0737550138890053,1,4.0
SPY,2010-05-17,85.61136627197266,0.27685871293905895,0.2513534435365561,1,-0.08112489754932006,1,3.0
SPY,2010-05-18,84.44688415527344,0.27613297212208127,0.2513534435365561,1,-0.077303841435727,1,13.0
SPY,2010-05-19,83.96601104736328,0.2761389491665091,0.2513534435365561,1,-0.07615473332513745,1,12.0
SPY,2010-05-20,80.79553985595703,0.3007152037710927,0.2513534435365561,1,-0.04513498683148576,0,
SPY,2010-05-21,81.97504425048828,0.3063701414807121,0.2513534435365561,1,-0.05887413744145564,1,28.0
SPY,2010-05-24,80.9232177734375,0.3074021496402872,0.2513534435365561,1,-0.046641540571076834,0,
SPY,2010-05-25,81.0058822631836,0.3007413903507228,0.2513534435365561,1,-0.047614419186703394,0,
SPY,2010-05-26,80.51751708984375,0.29722938873372495,0.2513534435365561,1,-0.04183788799112187,0,
SPY,2010-05-27,83.2146987915039,0.32155984522556685,0.2513534435365561,1,-0.0728941479219486,1,22.0
SPY,2010-05-28,82.17040252685547,0.3195925625870164,0.2513534435365561,1,-0.061111642926401144,1,22.0
SPY,2010-06-01,80.7879867553711,0.3160535255758268,0.2513534435365561,1,-0.04504571376280175,0,
SPY,2010-06-02,82.89163970947266,0.3269770721499745,0.2513534435365561,1,-0.06928087683010031,1,19.0
SPY,2010-06-03,83.17716979980469,0.32760782342390304,0.2513534435365561,1,-0.07247584386194417,1,18.0
SPY,2010-06-04,80.25457763671875,0.33018079693107133,0.2513534435365561,1,-0.038698644982740005,0,
SPY,2010-06-07,79.25535583496094,0.3290893622293265,0.2513534435365561,1,-0.02657891803339918,0,
SPY,2010-06-08,80.10430145263672,0.28666882253137577,0.2513534435365561,1,-0.03689523746572554,0,
SPY,2010-06-09,79.67605590820312,0.28664030631718773,0.2513534435365561,1,-0.031718709603286266,0,
SPY,2010-06-10,82.00511169433594,0.3036658368805659,0.2513534435365561,1,-0.05921920433352368,1,15.0
SPY,2010-06-11,82.40331268310547,0.303209434623533,0.2513534435365561,1,-0.06376537888466627,1,13.0
SPY,2010-06-14,82.27558898925781,0.2976496846415317,0.2513534435365561,1,-0.06231197884723205,1,12.0
SPY,2010-06-15,84.14635467529297,0.3100297207524742,0.2513534435365561,1,-0.08315892558601778,1,10.0
SPY,2010-06-16,84.11627197265625,0.3063002300258577,0.2513534435365561,1,-0.0828310335294643,1,9.0
SPY,2010-06-17,84.25152587890625,0.3056535567356302,0.2513534435365561,1,-0.08430341855884294,1,8.0
SPY,2010-06-18,84.34286499023438,0.2693946845623029,0.2513534435365561,1,-0.085295072233457,1,7.0
SPY,2010-06-21,84.1012954711914,0.26586879627391863,0.2513534435365561,1,-0.082667706885173,1,6.0
SPY,2010-06-22,82.7123031616211,0.2688316297597427,0.2513534435365561,1,-0.06726289464137358,1,6.0
SPY,2010-06-23,82.45563507080078,0.26924557952882083,0.2513534435365561,1,-0.06435946843085316,1,5.0
SPY,2010-06-24,81.08932495117188,0.2754752918335225,0.2513534435365561,1,-0.048594444768519485,0,
SPY,2010-06-25,81.42899322509766,0.24787164991488925,0.2513534435365561,0,-0.052563083823844,1,5.0
SPY,2010-06-28,81.1723861694336,0.2442748658186849,0.2513534435365561,0,-0.04956798895278858,0,
SPY,2010-06-29,78.66615295410156,0.2617761593280191,0.2513534435365561,1,-0.019288075857366915,0,
SPY,2010-06-30,77.91881561279297,0.24269849496102391,0.2513534435365561,0,-0.009881841481057196,0,
SPY,2010-07-01,77.57160186767578,0.24149577325028754,0.2513534435365561,0,-0.0054500310549384645,0,
SPY,2010-07-02,77.14883422851562,0.20962434091582047,0.2513534435365561,0,0.006555840496073495,0,
SPY,2010-07-06,77.65460968017578,0.20780675227648096,0.2513534435365561,0,0.03149627960144796,0,
SPY,2010-07-07,80.1004409790039,0.233898679190347,0.2513534435365561,0,0.005183197327345512,0,
SPY,2010-07-08,80.89303588867188,0.23550155266370928,0.2513534435365561,0,-0.004665649074981237,0,
SPY,2010-07-09,81.49695587158203,0.21286374587855147,0.2513534435365561,0,-0.012041412964220344,0,
SPY,2010-07-12,81.54979705810547,0.21203551833319093,0.2513534435365561,0,-0.012681572791200635,0,
SPY,2010-07-13,82.78025817871094,0.2189721761063869,0.2513534435365561,0,-0.03766160800739238,0,
SPY,2010-07-14,82.77269744873047,0.20270581834328613,0.2513534435365561,0,-0.03757370485869771,0,
SPY,2010-07-15,82.79535675048828,0.20273742509939116,0.2513534435365561,0,-0.040572594212411106,0,
SPY,2010-07-16,80.51561737060547,0.22407532698431115,0.2513534435365561,0,-0.01340712606422434,0,
SPY,2010-07-19,80.9912109375,0.22567235612869782,0.2513534435365561,0,-0.019200559926448424,0,
SPY,2010-07-20,81.8895034790039,0.23033006173443163,0.2513534435365561,0,-0.02995950685247506,0,
SPY,2010-07-21,80.8250732421875,0.22751182113917662,0.2513534435365561,0,-0.01718450535326732,0,
SPY,2010-07-22,82.6292724609375,0.24176046094309073,0.2513534435365561,0,-0.03864415149084277,0,
SPY,2010-07-23,83.34642791748047,0.23502917318389147,0.2513534435365561,0,-0.04691615077940792,0,
SPY,2010-07-26,84.21451568603516,0.23702424643368974,0.2513534435365561,0,-0.05674059048763991,1,21.0
SPY,2010-07-27,84.20700073242188,0.2364432413673518,0.2513534435365561,0,-0.056656410423677084,1,20.0
SPY,2010-07-28,83.66346740722656,0.20443575846174572,0.2513534435365561,0,-0.05052782534426148,1,21.0
SPY,2010-07-29,83.25584411621094,0.20126269708554795,0.2513534435365561,0,-0.045879179033971096,0,
SPY,2010-07-30,83.2406997680664,0.19963454930379732,0.2513534435365561,0,-0.045705591619101704,0,
SPY,2010-08-02,85.12037658691406,0.20726471852258535,0.2513534435365561,0,-0.06677886631212371,1,15.0
SPY,2010-08-03,84.7127456665039,0.2099786174841045,0.2513534435365561,0,-0.06228828125696573,1,15.0
SPY,2010-08-04,85.27892303466797,0.18531421871440387,0.2517405695699716,0,-0.06851386589291031,1,13.0
SPY,2010-08-05,85.18832397460938,0.18411404056596972,0.25195926599137286,0,-0.0675232164204208,1,12.0
SPY,2010-08-06,84.841064453125,0.18462974609052288,0.2523576998547663,0,-0.06370653349985178,1,12.0
SPY,2010-08-09,85.29401397705078,0.18491801638715302,0.25256905197590246,0,-0.06867867234209424,1,10.0
SPY,2010-08-10,84.83354187011719,0.1804079041270451,0.2526974413202714,0,-0.06362350802235606,1,10.0
SPY,2010-08-11,82.50848388671875,0.20780054848931603,0.25282456576102963,0,-0.037236771342909036,0,
SPY,2010-08-12,82.00273132324219,0.20887053593746083,0.2529934760633227,0,-0.03129892069992335,0,
SPY,2010-08-13,81.76116943359375,0.18250433977090832,0.25383230461524137,0,-0.028436910960565887,0,
SPY,2010-08-16,81.7234115600586,0.18153012405963376,0.2545553658190691,0,-0.027988029109611623,0,
SPY,2010-08-17,82.72740173339844,0.1824882480363617,0.2552430368883072,0,-0.03978448888829045,0,
SPY,2010-08-18,82.87838745117188,0.17529126286356403,0.25627479654299945,0,-0.04153378484615167,0,
SPY,2010-08-19,81.43653106689453,0.16918982622662238,0.25627479654299945,0,-0.024563874495985516,0,
SPY,2010-08-20,81.1723861694336,0.1656853407983855,0.25627479654299945,0,-0.02138968574153477,0,
SPY,2010-08-23,80.86283111572266,0.15997108076279135,0.25627479654299945,0,-0.01764341858501106,0,
SPY,2010-08-24,79.6626205444336,0.16616040401413906,0.25627479654299945,0,-0.002843067482676598,0,
SPY,2010-08-25,79.97210693359375,0.1671622387114816,0.25627479654299945,0,-0.006701994179794446,0,
SPY,2010-08-26,79.4361343383789,0.16767286196211492,0.25627479654299945,0,0.000760479426668903,0,
SPY,2010-08-27,80.66658020019531,0.17904131440591897,0.25732160559037975,0,-0.014504597976190636,0,
SPY,2010-08-30,79.49654388427734,0.16071632065320698,0.25732160559037975,0,0.0,0,
SPY,2010-08-31,79.49654388427734,0.16107145384402513,0.25732160559037975,0,0.029911309951053733,0,
SPY,2010-09-01,81.8743896484375,0.19609719190631006,0.25732160559037975,0,0.009312450146485407,0,
SPY,2010-09-02,82.6368408203125,0.2001654865409898,0.25732160559037975,0,0.0015528959570787482,0,
SPY,2010-09-03,83.70875549316406,0.20625576200248366,0.25732160559037975,0,-0.011272276732306574,0,
SPY,2010-09-07,82.76516723632812,0.2083000009555103,0.25732160559037975,0,0.007023011014918978,0,
SPY,2010-09-08,83.34642791748047,0.20986456566863074,0.25732160559037975,0,0.004619025165997881,0,
SPY,2010-09-09,83.73140716552734,0.18478589964746037,0.25732160559037975,0,0.00504872825971181,0,
SPY,2010-09-10,84.15414428710938,0.18351996005807142,0.25732160559037975,0,0.010495045806750314,0,
SPY,2010-09-13,85.09021759033203,0.18594517167761654,0.25732160559037975,0,-0.0006213605464745475,0,
SPY,2010-09-14,85.03734588623047,0.18597401491988444,0.25732160559037975,0,0.003550955206860884,0,
SPY,2010-09-15,85.3619384765625,0.1822017708098691,0.2585669700018854,0,-0.000265092201319872,0,
SPY,2010-09-16,85.33930969238281,0.18231364949319226,0.2599668017365453,0,0.0003732479473150807,0,
SPY,2010-09-17,85.37116241455078,0.16806611481779876,0.2599668017365453,0,8.909924771449695e-05,0,
SPY,2010-09-20,86.6765365600586,0.17257559918275048,0.2599668017365453,0,-0.01497253686712463,0,
SPY,2010-09-21,86.50196838378906,0.1717073400728933,0.2599668017365453,0,-0.012984669411304606,0,
SPY,2010-09-22,86.07698059082031,0.16085991883266468,0.2599668017365453,0,-0.008111479574788194,0,
SPY,2010-09-23,85.37876892089844,0.16641893293350318,0.2599668017365453,0,0.01111085693329672,0,
SPY,2010-09-24,87.13948822021484,0.17256588048288224,0.2599668017365453,0,-0.009319403054594999,0,
SPY,2010-09-27,86.72207641601562,0.17075609728268915,0.2599668017365453,0,-0.004551046570919093,0,
SPY,2010-09-28,87.02561950683594,0.15662912455040365,0.2599668017365453,0,-0.008023146554694272,0,
SPY,2010-09-29,86.87384796142578,0.1574184334268669,0.2599668017365453,0,-0.006290129500754804,0,
SPY,2010-09-30,86.61582946777344,0.12844419260449616,0.2599668017365453,0,-0.0033299832377777783,0,
SPY,2010-10-01,86.98008728027344,0.12630761220397946,0.2599668017365453,0,-0.007503867760568772,0,
SPY,2010-10-04,86.32740020751953,0.12495542936716345,0.2599668017365453,0,0.018813258913638053,0,
SPY,2010-10-05,88.06533813476562,0.13134985119783552,0.2599668017365453,0,-0.0012926560916234342,0,
SPY,2010-10-06,88.05778503417969,0.13097027009175438,0.2599668017365453,0,-0.0012069926034772305,0,
SPY,2010-10-07,87.95149993896484,0.13150142540631762,0.2599668017365453,0,0.005609049079634776,0,
SPY,2010-10-08,88.44482421875,0.13166110003757533,0.2599668017365453,0,0.0009437022110581061,0,
SPY,2010-10-11,88.52828979492188,0.1277614014075953,0.2599668017365453,0,0.0006859951842448364,0,
SPY,2010-10-12,88.80150604248047,0.12743687622275618,0.2599668017365453,0,-0.002392822786003168,0,
SPY,2010-10-13,89.49209594726562,0.12886872251909118,0.2599668017365453,0,-0.010091127739450312,0,
SPY,2010-10-14,89.14302062988281,0.13049256744015275,0.2599668017365453,0,-0.0062147417776245995,0,
SPY,2010-10-15,89.32515716552734,0.13032040114148163,0.2599668017365453,0,-0.008241098179906814,0,
SPY,2010-10-18,89.76533508300781,0.12163865635770857,0.2599668017365453,0,-0.013104338178311581,0,
SPY,2010-10-19,88.58901977539062,0.13223475936177245,0.2599668017365453,0,0.009765888073416606,0,
SPY,2010-10-20,89.45417022705078,0.13346070659115145,0.2599668017365453,0,0.0022058967139866326,0,
SPY,2010-10-21,89.65149688720703,0.1280513954220128,0.2599668017365453,0,0.00025394013565538387,0,
SPY,2010-10-22,89.81842803955078,0.10904095957620882,0.2599668017365453,0,-0.0016050719458040597,0,
SPY,2010-10-25,90.08406829833984,0.10652926577911712,0.2598282750516444,0,-0.004549142879453183,0,
SPY,2010-10-26,90.09925079345705,0.10652401010064574,0.2598282750516444,0,-0.004716884871140636,0,
SPY,2010-10-27,89.84121704101562,0.10708355374113616,0.2598282750516444,0,-0.0018583234513744884,0,
SPY,2010-10-28,89.85643005371094,0.10584575768639341,0.2588561097492245,0,-0.0020273123816934024,0,
SPY,2010-10-29,89.9247055053711,0.10553197538836284,0.2588561097492245,0,-0.002785024465471908,0,
SPY,2010-11-01,89.95506286621094,0.09998732616504939,0.25820491541683166,0,-0.003121557106132933,0,
SPY,2010-11-02,90.66848754882812,0.07821001450212631,0.25684757801668684,0,-0.010965491707407349,0,
SPY,2010-11-03,91.0327606201172,0.07848938959379533,0.25495944263198367,0,-0.014923172826736275,0,
SPY,2010-11-04,92.78583526611328,0.09899631682398607,0.2533158049313513,0,-0.03353499223993506,0,
SPY,2010-11-05,93.13494110107422,0.09849148372958604,0.25269617641666065,0,-0.037157677448147575,0,
SPY,2010-11-08,92.96038818359376,0.0996161685538605,0.25232232726862514,0,-0.03534973602536484,0,
SPY,2010-11-09,92.29254150390624,0.10527828980866971,0.2518042325849353,0,-0.028369340152011535,0,
SPY,2010-11-10,92.66442108154295,0.10336041176422112,0.25112632550519737,0,-0.03226867492565877,0,
SPY,2010-11-11,92.31529998779295,0.10326462752967983,0.25031896030186274,0,-0.02860887618470509,0,
SPY,2010-11-12,91.22247314453124,0.11404893714534865,0.24976148096837889,0,-0.01697180629591133,0,
SPY,2010-11-15,91.0934600830078,0.11341577610581689,0.2494345027107317,0,-0.015579571587535423,0,
SPY,2010-11-16,89.67426300048828,0.11777191028803033,0.24888430860939345,0,0.0005079214908219054,0,
SPY,2010-11-17,89.71981048583984,0.11275384243927221,0.24827082493179123,0,0.001945278621876101,0,
SPY,2010-11-18,91.0403289794922,0.1238126711866845,0.24571980534976237,0,-0.012587701266035922,0,
SPY,2010-11-19,91.290771484375,0.12395631511029538,0.24307026280834343,0,-0.015296518438090878,0,
SPY,2010-11-22,91.21488189697266,0.12381757507807434,0.242160867174602,0,-0.01447725803479627,0,
SPY,2010-11-23,89.89434051513672,0.13509552733819832,0.24144852950751736,0,0.0003377853384358698,0,
SPY,2010-11-24,91.22247314453124,0.14437339635262375,0.24118217961440375,0,-0.014226402710042496,0,
SPY,2010-11-26,90.15999603271484,0.1510315332274083,0.24088042483738537,0,-0.0026096998413617234,0,
SPY,2010-11-29,90.43321228027344,0.15136299777413842,0.24058044545235985,0,-0.0056230090923494735,0,
SPY,2010-11-30,89.9247055053711,0.15281356215573008,0.24058044545235985,0,0.021267945467954963,0,
SPY,2010-12-01,91.83721923828124,0.16819546881619316,0.24088042483738537,0,0.01280886525270497,0,
SPY,2010-12-02,93.0135498046875,0.1732815327818805,0.24118217961440375,0,0.001631714365582848,0,
SPY,2010-12-03,93.26394653320312,0.15995771049282023,0.24118217961440375,0,-0.001057484556160837,0,
SPY,2010-12-06,93.16532135009766,0.15947322720332774,0.24118217961440375,0,0.0005699608520424171,0,
SPY,2010-12-07,93.21842193603516,0.15932456158773822,0.24118217961440375,0,0.0036637591486559096,0,
SPY,2010-12-08,93.55995178222656,0.15733381924756096,0.24118217961440375,0,0.0038937168364581165,0,
SPY,2010-12-09,93.92424774169922,0.1572965135159493,0.24118217961440375,0,0.002747091404574409,0,
SPY,2010-12-10,94.4706573486328,0.15737595314139033,0.24118217961440375,0,-0.003052705690582469,0,
SPY,2010-12-13,94.5313491821289,0.1496766367681325,0.24118217961440375,0,-0.003692774405502086,0,
SPY,2010-12-14,94.61483001708984,0.14924733334737894,0.24118217961440375,0,-0.004571839125643962,0,
SPY,2010-12-15,94.18226623535156,0.13653469177451605,0.24118217961440375,0,0.005801618805478359,0,
SPY,2010-12-16,94.72867584228516,0.13682247703855172,0.24118217961440375,0,0.0010713356346672143,0,
SPY,2010-12-17,94.83016204833984,0.12945342167193108,0.24118217961440375,0,0.0024135169823529257,0,
SPY,2010-12-20,95.0590362548828,0.12943452575426823,0.24118217961440375,0,0.006340343148058647,0,
SPY,2010-12-21,95.6617431640625,0.12983194977828777,0.24118217961440375,0,0.0016745920748895138,0,
SPY,2010-12-22,95.9592742919922,0.11331105268909315,0.24118217961440375,0,-0.0014311980990929785,0,
SPY,2010-12-23,95.82193756103516,0.10599932495489245,0.24118217961440375,0,0.00039834156782236896,0,
SPY,2010-12-27,95.860107421875,0.09235762257461012,0.24118217961440375,0,0.0005570422750438286,0,
SPY,2010-12-28,95.99740600585938,0.09253990262053818,0.24118217961440375,0,-0.0008739866539210217,0,
SPY,2010-12-29,96.06609344482422,0.08728521175776933,0.24118217961440375,0,-0.0015883636479153695,0,
SPY,2010-12-30,95.91350555419922,0.05849469936890263,0.24118217961440375,0,0.0002384744950414408,0,
SPY,2010-12-31,95.9363784790039,0.043472167054309015,0.24118217961440375,0,0.009781564749753224,0,
SPY,2011-01-03,96.92815399169922,0.053356411508250406,0.24118217961440375,0,-0.0005505894061560435,0,
SPY,2011-01-04,96.87478637695312,0.05300926681621843,0.24118217961440375,0,0.0,0,
SPY,2011-01-05,97.3782958984375,0.053935623406686437,0.24118217961440375,0,-0.005170654475300296,0,
SPY,2011-01-06,97.18756103515624,0.0555608879515228,0.24118217961440375,0,-0.0032182581276010147,0,
SPY,2011-01-07,96.99683380126952,0.056660135865182766,0.24118217961440375,0,-0.0012582619404510886,0,
SPY,2011-01-10,96.87478637695312,0.05525822470286609,0.24118217961440375,0,0.0035436696086463826,0,
SPY,2011-01-11,97.21807861328124,0.055784498755163794,0.24118217961440375,0,0.002275522484949777,0,
SPY,2011-01-12,98.0954360961914,0.061866423558304635,0.24118217961440375,0,-0.0066887470528050885,0,
SPY,2011-01-13,97.9352035522461,0.05862942956341358,0.24118217961440375,0,-0.005063582829765267,0,
SPY,2011-01-14,98.64472198486328,0.0600751601044889,0.24118217961440375,0,-0.012219827107819103,0,
SPY,2011-01-18,98.81257629394533,0.059983981455013706,0.24118217961440375,0,-0.013897783139979691,0,
SPY,2011-01-19,97.84366607666016,0.07333670082052493,0.24118217961440375,0,-0.004132771754831399,0,
SPY,2011-01-20,97.71395111083984,0.07159506631929877,0.24118217961440375,0,-0.00281076111044698,0,
SPY,2011-01-21,97.9352035522461,0.0713377534029931,0.24118217961440375,0,-0.005063582829765267,0,
SPY,2011-01-24,98.4921417236328,0.0725458274201794,0.24118217961440375,0,-0.0106895958205242,0,
SPY,2011-01-25,98.54553985595705,0.07252196833143074,0.24118217961440375,0,-0.011225666026739023,0,
SPY,2011-01-26,98.92700958251952,0.07305607856776906,0.24118217961440375,0,-0.015038451598692881,0,
SPY,2011-01-27,99.171142578125,0.0730698045200917,0.24088042483738537,0,-0.017463165150601312,0,
SPY,2011-01-28,97.43930053710938,0.0996398288327036,0.24032149491957366,0,0.007516620517267869,0,
SPY,2011-01-31,98.17171478271484,0.10239378212653938,0.23994659344170868,0,-0.000932732950287507,0,
SPY,2011-02-01,99.74334716796876,0.11061349816918337,0.23957320327211096,0,-0.03487864055391199,0,
SPY,2011-02-02,99.55259704589844,0.11104263390792861,0.23909834159329946,0,-0.03302939681150974,0,
SPY,2011-02-03,99.7738265991211,0.11018508318604606,0.23777502619961985,0,-0.03517347088198064,0,
SPY,2011-02-04,100.05609130859376,0.10966392654574814,0.23634543007896636,0,-0.03789530896671134,0,
SPY,2011-02-07,100.68170928955078,0.11013391215242055,0.2360957899261929,0,-0.043873653976155724,0,
SPY,2011-02-08,101.1394500732422,0.10987493795370518,0.23603232929171344,0,-0.048200927088873136,0,
SPY,2011-02-09,100.91060638427734,0.11083239717471687,0.2359727495726327,0,-0.0460424502071779,0,
SPY,2011-02-10,100.94871520996094,0.10766423057300085,0.23544422854976474,0,-0.04640257566195949,0,
SPY,2011-02-11,101.55139923095705,0.10816365315127885,0.2327256338816086,0,-0.0520619553895052,1,22.0
SPY,2011-02-14,101.79553985595705,0.10630617966360022,0.22986396208560342,0,-0.05433543600564972,1,21.0
SPY,2011-02-15,101.47515869140624,0.10761597161917298,0.22813241994740135,0,-0.05134974849164142,1,20.0
SPY,2011-02-16,102.1160125732422,0.10038196160879553,0.22679589825116003,0,-0.057303233952579746,1,19.0
SPY,2011-02-17,102.42115020751952,0.0995721874300938,0.22553112749665563,0,-0.060111757977644564,1,18.0
SPY,2011-02-18,102.63475036621094,0.09957635643660177,0.22419297758663356,0,-0.06206782331547456,1,17.0
SPY,2011-02-22,100.57489776611328,0.1269132203230016,0.22021554727500203,0,-0.04285823846109327,0,
SPY,2011-02-23,99.95694732666016,0.1294725543278998,0.21354434467868622,0,-0.03694102922270992,0,
SPY,2011-02-24,99.88825225830078,0.12900983139005737,0.2078811551931322,0,-0.036278715083299606,0,
SPY,2011-02-25,100.95636749267578,0.13384453811101762,0.2050178766098008,0,-0.046474856363696415,0,
SPY,2011-02-28,101.58194732666016,0.11560883872272816,0.20400586224499503,0,-0.0523470227943883,1,12.0
SPY,2011-03-01,99.88825225830078,0.13161130830789797,0.20292648891775678,0,-0.036278715083299606,0,
SPY,2011-03-02,100.10191345214844,0.11927800434472277,0.20170504908691195,0,-0.03833571712422601,0,
SPY,2011-03-03,101.8260498046875,0.13310521478410406,0.20047893352662682,0,-0.054618783709101004,1,9.0
SPY,2011-03-04,101.06315612792967,0.1364937071973553,0.20170504908691195,0,-0.04748240107801638,0,
SPY,2011-03-07,100.26969146728516,0.1394812203149462,0.20292648891775678,0,-0.03994483870670751,0,
SPY,2011-03-08,101.14710235595705,0.14119268209891572,0.2039751238121245,0,-0.04827293543537048,0,
SPY,2011-03-09,101.00212097167967,0.14036607759967898,0.20477129922890352,0,-0.04690679870529613,0,
SPY,2011-03-10,99.13300323486328,0.1550934150415808,0.2050178766098008,0,-0.028936563271608096,0,
SPY,2011-03-11,99.8196258544922,0.15751046282891923,0.20722777301512343,0,-0.03561615273154306,0,
SPY,2011-03-14,99.2169189453125,0.15668854314812072,0.20987521265042805,0,-0.02975786954729731,0,
SPY,2011-03-15,98.08014678955078,0.16024349142226377,0.21053885561397762,0,-0.018512533214225302,0,
SPY,2011-03-16,96.26443481445312,0.17102981842563508,0.211169069773946,0,0.013234955187891861,0,
SPY,2011-03-17,97.53849029541016,0.17738758302467045,0.2141745588386546,0,0.0036371984498495546,0,
SPY,2011-03-18,97.89325714111328,0.17765747461986311,0.22021554727500203,0,0.011975389416233106,0,
SPY,2011-03-21,99.41039276123048,0.1879405197585202,0.22419297758663356,0,-0.0034687092068647063,0,
SPY,2011-03-22,99.06556701660156,0.17479781892578314,0.22553112749665563,0,0.0028622869245871208,0,
SPY,2011-03-23,99.34912109375,0.17402812637375134,0.22679589825116003,0,0.006941005789636856,0,
SPY,2011-03-24,100.29920959472656,0.17746682922622167,0.22813241994740135,0,-0.002597285435469776,0,
SPY,2011-03-25,100.605712890625,0.17355294196227622,0.22986396208560342,0,-0.00563595203370193,0,
SPY,2011-03-28,100.36051940917967,0.17205944505802825,0.23157385174999148,0,-0.0032065945116381833,0,
SPY,2011-03-29,101.0347900390625,0.1626661278657463,0.23379190469398836,0,-0.009858842881945384,0,
SPY,2011-03-30,101.73206329345705,0.16413535659229775,0.2349882507738933,0,-0.016645286846442175,0,
SPY,2011-03-31,101.5941390991211,0.15253359706630287,0.2349882507738933,0,-0.015310284574058697,0,
SPY,2011-04-01,102.0232391357422,0.15065247848938185,0.2349882507738933,0,-0.01945179582707357,0,
SPY,2011-04-04,102.10753631591795,0.14738286129343958,0.2349882507738933,0,-0.02026130951842764,0,
SPY,2011-04-05,102.0921859741211,0.14448757311787075,0.2349882507738933,0,-0.020113998305262837,0,
SPY,2011-04-06,102.41400146484376,0.14460396889210503,0.2349882507738933,0,-0.023193093838854595,0,
SPY,2011-04-07,102.15351104736328,0.12609157043782654,0.2349882507738933,0,-0.02070224613156668,0,
SPY,2011-04-08,101.80099487304688,0.12556628939479206,0.2349882507738933,0,-0.017311136858608633,0,
SPY,2011-04-11,101.49454498291016,0.12375602066697561,0.2349882507738933,0,-0.014344032624593273,0,
SPY,2011-04-12,100.73597717285156,0.11903349716909963,0.2349882507738933,0,-0.006921789751421881,0,
SPY,2011-04-13,100.72833251953124,0.09299905955368072,0.2349882507738933,0,-0.00684642129800439,0,
SPY,2011-04-14,100.8049087524414,0.0837056425530875,0.2349882507738933,0,-0.007600868285750018,0,
SPY,2011-04-15,101.17266845703124,0.0837091068860984,0.2349882507738933,0,-0.011208210239663674,0,
SPY,2011-04-18,100.03870391845705,0.0790509311078115,0.2349882507738933,0,0.005744694302810549,0,
SPY,2011-04-19,100.61339569091795,0.07994401365525121,0.2349882507738933,0,0.00319823191469526,0,
SPY,2011-04-20,101.9849624633789,0.0917547212698993,0.2349882507738933,0,-0.02013566914007714,0,
SPY,2011-04-21,102.50597381591795,0.08776370454295046,0.2349882507738933,0,-0.035431448377352015,0,
SPY,2011-04-25,102.39866638183594,0.0877536557306493,0.2349882507738933,0,-0.03501907895021139,0,
SPY,2011-04-26,103.27986145019533,0.09086943100193373,0.2349882507738933,0,-0.04725909496998559,0,
SPY,2011-04-27,103.95415496826172,0.09072704592965776,0.2349882507738933,0,-0.05343900203435048,1,29.0
SPY,2011-04-28,104.29127502441406,0.08872313167429739,0.2349882507738933,0,-0.0625229614242222,1,26.0
SPY,2011-04-29,104.53643035888672,0.08825713113353151,0.2349882507738933,0,-0.0647215011692992,1,25.0
SPY,2011-05-02,104.37556457519533,0.08821063334519962,0.23379190469398836,0,-0.0632800305598088,1,24.0
SPY,2011-05-03,104.00007629394533,0.08980675693470522,0.23093023289798315,0,-0.06417130384349556,1,25.0
SPY,2011-05-04,103.31047058105467,0.093714160377791,0.2290103694165247,0,-0.05792457191471001,1,26.0
SPY,2011-05-05,102.37570190429688,0.09919650035257513,0.22792244613033097,0,-0.04932270071933054,0,
SPY,2011-05-06,102.82779693603516,0.09991408073679033,0.22679589825116003,0,-0.053502470164926264,1,27.0
SPY,2011-05-09,103.22618103027344,0.09961512638242163,0.22626300878759262,0,-0.05715531828309439,1,23.0
SPY,2011-05-10,104.10736846923828,0.1022774564161184,0.22524683644313578,0,-0.06513576099949281,1,18.0
SPY,2011-05-11,103.01165771484376,0.10628505654844611,0.22419297758663356,0,-0.05519183015423568,1,21.0
SPY,2011-05-12,103.50206756591795,0.10694487129469175,0.2224726459806139,0,-0.05966848694732485,1,20.0
SPY,2011-05-13,102.7052001953125,0.11171334995802454,0.21899012263915846,0,-0.05237265870417096,1,22.0
SPY,2011-05-16,102.05392456054688,0.11411455214583066,0.21681865650748183,0,-0.046325202901944085,0,
SPY,2011-05-17,102.03854370117188,0.10548677621949291,0.2166457271028709,0,-0.04618144998847051,0,
SPY,2011-05-18,102.95034790039062,0.10794494697759029,0.2141745588386546,0,-0.05462917043750415,1,16.0
SPY,2011-05-19,103.1955108642578,0.09773893260684058,0.211169069773946,0,-0.05687510063919643,1,15.0
SPY,2011-05-20,102.37570190429688,0.100715032173376,0.20988547343596886,0,-0.04932270071933054,0,
SPY,2011-05-23,101.18804931640624,0.1088216185308704,0.20722777301512343,0,-0.038164521839835985,0,
SPY,2011-05-24,101.1037139892578,0.10329861363762706,0.2050178766098008,0,-0.037362209971033344,0,
SPY,2011-05-25,101.44090270996094,0.10079434022654499,0.20477129922890352,0,-0.040562010014694616,0,
SPY,2011-05-26,101.9083251953125,0.10170388455855715,0.2036919259016652,0,-0.044962660196710025,0,
SPY,2011-05-27,102.29904174804688,0.10251177889797956,0.20170504908691195,0,-0.04861028866677508,0,
SPY,2011-05-31,103.36409759521484,0.11021591425034066,0.20047893352662682,0,-0.05841333632611834,1,8.0
SPY,2011-06-01,101.04244995117188,0.13539112170126108,0.20047893352662682,0,-0.03677854361832933,0,
SPY,2011-06-02,100.9351806640625,0.13398463088397283,0.20047893352662682,0,-0.03575487597068916,0,
SPY,2011-06-03,99.93142700195312,0.13473113376142046,0.20047893352662682,0,-0.02606958873470666,0,
SPY,2011-06-06,98.87403869628906,0.13698004764481844,0.20047893352662682,0,-0.015654087952283735,0,
SPY,2011-06-07,98.81275939941406,0.13536484494853543,0.20047893352662682,0,-0.015043640215182896,0,
SPY,2011-06-08,98.3989486694336,0.1294455955076324,0.1999244410314416,0,-0.010901466790030567,0,
SPY,2011-06-09,99.1498794555664,0.1310675116912844,0.19900498060940738,0,-0.018392595807883105,0,
SPY,2011-06-10,97.77067565917967,0.13527060682232397,0.19900498060940738,0,-0.004545533288417114,0,
SPY,2011-06-13,97.84729766845705,0.13457006277266967,0.19900498060940738,0,-0.005325051202565545,0,
SPY,2011-06-14,99.08858489990234,0.14373756504670776,0.19900498060940738,0,-0.017785389743357194,0,
SPY,2011-06-15,97.32625579833984,0.15500166098985943,0.19900498060940738,0,0.0022045588895038826,0,
SPY,2011-06-16,97.5408172607422,0.15030187042528664,0.19900498060940738,0,0.001089256284968032,0,
SPY,2011-06-17,97.83190155029295,0.15058613750086455,0.19900498060940738,0,-0.001889336079331505,0,
SPY,2011-06-20,98.33241271972656,0.15162538649921498,0.19900498060940738,0,-0.01730642195684784,0,
SPY,2011-06-21,99.67992401123048,0.156743707046421,0.19900498060940738,0,-0.030590849143533383,0,
SPY,2011-06-22,99.0792999267578,0.15786724622094472,0.19900498060940738,0,-0.06536099503777826,1,30.0
SPY,2011-06-23,98.79440307617188,0.15713967660031644,0.19900498060940738,0,-0.06406876728873967,1,29.0
SPY,2011-06-24,97.64706420898438,0.1596116868420433,0.19900498060940738,0,-0.1147383707029942,1,28.0
SPY,2011-06-27,98.51720428466795,0.1630781505628889,0.19900498060940738,0,-0.12255732604901137,1,27.0
SPY,2011-06-28,99.80313873291016,0.16591626661839076,0.19900498060940738,0,-0.13386291999241362,1,26.0
SPY,2011-06-29,100.65786743164062,0.14984510820148533,0.19900498060940738,0,-0.14121765776112172,1,25.0
SPY,2011-06-30,101.62042236328124,0.153685450659114,0.19900498060940738,0,-0.14935209727144783,1,24.0
SPY,2011-07-01,103.12193298339844,0.15659874714396563,0.19900498060940738,0,-0.16173798670326223,1,21.0
SPY,2011-07-05,103.03723907470705,0.15019404348467447,0.19900498060940738,0,-0.16104895730912117,1,20.0
SPY,2011-07-06,103.16048431396484,0.14990201994969773,0.19900498060940738,0,-0.16205124731066212,1,19.0
SPY,2011-07-07,104.23080444335938,0.15060264837530676,0.19900498060940738,0,-0.1706559340171896,1,18.0
SPY,2011-07-08,103.49154663085938,0.153515314421804,0.19900498060940738,0,-0.16473178755317786,1,17.0
SPY,2011-07-11,101.62042236328124,0.16002693497038822,0.19900498060940738,0,-0.14935209727144783,1,18.0
SPY,2011-07-12,101.18148040771484,0.1615349341000784,0.19900498060940738,0,-0.14566184632416435,1,17.0
SPY,2011-07-13,101.52027893066406,0.1564889651146124,0.19900498060940738,0,-0.14851298609262598,1,16.0
SPY,2011-07-14,100.819580078125,0.1428947160559136,0.19900498060940738,0,-0.14259512794310303,1,15.0
SPY,2011-07-15,101.40479278564452,0.1436058679326677,0.19900498060940738,0,-0.14754325921809608,1,14.0
SPY,2011-07-18,100.57317352294922,0.14798218253674778,0.19900498060940738,0,-0.14049446656876285,1,13.0
SPY,2011-07-19,102.2056121826172,0.156551625964248,0.19900498060940738,0,-0.1542225782742601,1,10.0
SPY,2011-07-20,102.1439971923828,0.1505011025142028,0.19900498060940738,0,-0.1537123909993099,1,9.0
SPY,2011-07-21,103.56085205078124,0.15420993897934998,0.19900498060940738,0,-0.16529076918634,1,8.0
SPY,2011-07-22,103.63014221191406,0.15316692526988,0.19900498060940738,0,-0.16584888032917589,1,7.0
SPY,2011-07-25,103.05269622802734,0.14715151203259147,0.19900498060940738,0,-0.16117479385071343,1,6.0
SPY,2011-07-26,102.66761779785156,0.1469406831945727,0.19900498060940738,0,-0.15802858767096306,1,5.0
SPY,2011-07-27,100.56546020507812,0.1616425313439772,0.19900498060940738,0,-0.14042854294669815,1,6.0
SPY,2011-07-28,100.27285766601562,0.159075639557558,0.19900498060940738,0,-0.1379202590831109,1,5.0
SPY,2011-07-29,99.5875244140625,0.15641764872837785,0.19900498060940738,0,-0.13198766947651508,1,4.0
SPY,2011-08-01,99.16400146484376,0.14528940000194285,0.19900498060940738,0,-0.12828044571838682,1,3.0
SPY,2011-08-02,96.63063049316406,0.1681243761165507,0.19900498060940738,0,-0.10542652245418094,1,4.0
SPY,2011-08-03,97.15425872802734,0.17023752715582313,0.19900498060940738,0,-0.11024796761917488,1,3.0
SPY,2011-08-04,92.60337829589844,0.2262779254815284,0.19900498060940738,1,-0.0665221858159406,1,2.0
SPY,2011-08-05,92.46476745605467,0.2267602337668542,0.19900498060940738,1,-0.06512284045057137,1,1.0
SPY,2011-08-08,86.44319915771484,0.31339258174871576,0.19900498060940738,1,0.0002668071044651388,0,
SPY,2011-08-09,90.46270751953124,0.3666069433845738,0.19900498060940738,1,-0.044177814391478165,0,
SPY,2011-08-10,86.46626281738281,0.39059064768137575,0.19900498060940738,1,0.00311718398850247,0,
SPY,2011-08-11,90.34722137451172,0.4319724457805019,0.19900498060940738,1,-0.03997275458155647,0,
SPY,2011-08-12,90.9555435180664,0.4323041016186034,0.19900498060940738,1,-0.04639353784792055,0,
SPY,2011-08-15,92.88060760498048,0.4420965688940123,0.19900498060940738,1,-0.06615819702355363,1,3.0
SPY,2011-08-16,92.08746337890624,0.4358650342798325,0.19900498060940738,1,-0.05811506925218757,1,3.0
SPY,2011-08-17,92.14905548095705,0.4360667240861317,0.19900498060940738,1,-0.05874462180128259,1,2.0
SPY,2011-08-18,88.17574310302734,0.45086825442150386,0.19900498060940738,1,-0.016330444008416767,0,
SPY,2011-08-19,86.73579406738281,0.450580094759051,0.19900498060940738,1,-0.019010023543725607,0,
SPY,2011-08-22,86.8050765991211,0.45177104290831566,0.19900498060940738,1,-0.01979299006874402,0,
SPY,2011-08-23,89.6618881225586,0.4745238755436936,0.19900498060940738,1,-0.051024394402970796,1,28.0
SPY,2011-08-24,90.92472839355467,0.4769934995879609,0.19900498060940738,1,-0.06420457796924661,1,27.0
SPY,2011-08-25,89.53868103027344,0.4783026051256487,0.19900498060940738,1,-0.04971858418028474,0,
SPY,2011-08-26,90.84001922607422,0.48353615489610363,0.19900498060940738,1,-0.06333193998647635,1,25.0
SPY,2011-08-29,93.45040130615234,0.4974752875815416,0.19900498060940738,1,-0.08949620985226958,1,17.0
SPY,2011-08-30,93.69683074951172,0.490301849286931,0.19900498060940738,1,-0.09189090069066674,1,16.0
SPY,2011-08-31,94.1126480102539,0.49013065287116225,0.19900498060940738,1,-0.09590319283325655,1,6.0
SPY,2011-09-01,93.12702178955078,0.4602415431483233,0.19900498060940738,1,-0.08633452519980389,1,14.0
SPY,2011-09-02,90.74763488769533,0.46953728245390053,0.19900498060940738,1,-0.062378378396556355,1,20.0
SPY,2011-09-06,90.08537292480467,0.4001699258550744,0.19900498060940738,1,-0.05548545987481002,1,19.0
SPY,2011-09-07,92.62649536132812,0.379157197494012,0.19900498060940738,1,-0.0813973448076476,1,11.0
SPY,2011-09-08,91.66394805908205,0.34094128466159984,0.19900498060940738,1,-0.07175125682743566,1,17.0
SPY,2011-09-09,89.2614517211914,0.3196746223711301,0.19900498060940738,1,-0.04676718853007655,0,
SPY,2011-09-12,89.83899688720703,0.3195966917443481,0.19900498060940738,1,-0.052895206667268435,1,15.0
SPY,2011-09-13,90.66290283203124,0.311678308859842,0.19900498060940738,1,-0.06150209267271689,1,14.0
SPY,2011-09-14,91.91807556152344,0.3147384468175155,0.19900498060940738,1,-0.07431760227478912,1,13.0
SPY,2011-09-15,93.50430297851562,0.3206212053354592,0.19900498060940738,1,-0.09002108063809156,1,5.0
SPY,2011-09-16,94.05774688720705,0.27362389456405506,0.19900498060940738,1,-0.09537547521616274,1,4.0
SPY,2011-09-19,93.12117767333984,0.26836878366077227,0.19900498060940738,1,-0.08627718521177896,1,3.0
SPY,2011-09-20,93.01280975341795,0.26872608190899494,0.19900498060940738,1,-0.08521261957736503,1,2.0
SPY,2011-09-21,90.27284240722656,0.27073662021467504,0.19900498060940738,1,-0.05744693186633609,1,8.0
SPY,2011-09-22,87.3548355102539,0.2898108427409084,0.19900498060940738,1,-0.025961824745346473,0,
SPY,2011-09-23,87.88115692138672,0.2866558661936583,0.19900498060940738,1,-0.03179535225973562,0,
SPY,2011-09-26,89.97095489501953,0.29479810979257265,0.19900498060940738,1,-0.05428430009040364,1,5.0
SPY,2011-09-27,90.9771728515625,0.27836151307887225,0.19900498060940738,1,-0.06474402409816382,1,4.0
SPY,2011-09-28,89.11958312988281,0.28609646622986756,0.19900498060940738,1,-0.04524974655601255,0,
SPY,2011-09-29,89.82389068603516,0.28746112868174506,0.1999244410314416,1,-0.05273592659790538,1,2.0
SPY,2011-09-30,87.57925415039062,0.2976557396591837,0.20047893352662682,1,-0.028457761995012154,0,
SPY,2011-10-03,85.08694458007812,0.30086512766018253,0.20087187674624282,1,0.021923124790854454,0,
SPY,2011-10-04,86.95231628417969,0.3129952182373573,0.2014160202424819,1,0.01851528830270799,0,
SPY,2011-10-05,88.56226348876953,0.30275854210892905,0.2019758974005676,1,0.01127417539216169,0,
SPY,2011-10-06,90.16446685791016,0.309247235711255,0.2023699958247141,1,-0.006695951281926127,0,
SPY,2011-10-07,89.56072998046875,0.29504173707459025,0.2027746006203917,1,0.033445626610457246,0,
SPY,2011-10-10,92.55614471435548,0.3166567006979012,0.20297658882814457,1,0.0006694957160762183,0,
SPY,2011-10-11,92.6490249633789,0.3153677125709333,0.20306697498734738,1,-0.004260812588065432,0,
SPY,2011-10-12,93.4617691040039,0.3131910959427046,0.20391362167396226,1,-0.03470010867559026,0,
SPY,2011-10-13,93.27597045898438,0.3073084093519998,0.20477129922890352,1,-0.03460269651201864,0,
SPY,2011-10-14,94.87046813964844,0.3126370556288723,0.2050178766098008,1,-0.05082822792886643,1,29.0
SPY,2011-10-17,93.05925750732422,0.31841888531487195,0.20535189351252764,1,-0.03235451503316711,0,
SPY,2011-10-18,94.878173828125,0.3257010273154073,0.2073459509698235,1,-0.05090531649087415,1,27.0
SPY,2011-10-19,93.75587463378906,0.3088888903352132,0.20988547343596886,1,-0.03954423428870424,0,
SPY,2011-10-20,94.1661148071289,0.28028094578257484,0.211169069773946,1,-0.04372851587043547,0,
SPY,2011-10-21,95.9540786743164,0.28528516335124543,0.21306554861612198,1,-0.06154723587137145,1,23.0
SPY,2011-10-24,97.13057708740234,0.277967337400192,0.214875437991436,1,-0.07291428650425236,1,21.0
SPY,2011-10-25,95.24200439453124,0.28850465428597644,0.2155075747345316,1,-0.054530919064753824,1,21.0
SPY,2011-10-26,96.20951080322266,0.27649809554598426,0.21608322104949862,1,-0.06403878775037031,1,20.0
SPY,2011-10-27,99.56096649169922,0.29671886232634354,0.2166457271028709,1,-0.09554543779126723,1,3.0
SPY,2011-10-28,99.53772735595705,0.2751528447919205,0.21681865650748183,1,-0.09533427421638851,1,2.0
SPY,2011-10-31,97.13829803466795,0.26791635975164846,0.2174200266705359,1,-0.0729879750498561,1,16.0
SPY,2011-11-01,94.42927551269533,0.2885750906382948,0.21917256239738667,1,-0.046393505907796784,0,
SPY,2011-11-02,95.96951293945312,0.2872584466353749,0.22056914642037312,1,-0.06169816222637947,1,15.0
SPY,2011-11-03,97.71883392333984,0.2873450260725236,0.2209007799945233,1,-0.07849524246297468,1,12.0
SPY,2011-11-04,97.12278747558594,0.287055207458276,0.22152378287264052,1,-0.07283993075297734,1,12.0
SPY,2011-11-07,97.72653198242188,0.26637013583992647,0.22292213691309504,1,-0.07856783071433282,1,10.0
SPY,2011-11-08,98.98043060302734,0.2686208304097564,0.22419297758663356,1,-0.09024066865825531,1,9.0
SPY,2011-11-09,95.3271255493164,0.30420859326312305,0.22464130872721336,1,-0.05537516375921114,1,10.0
SPY,2011-11-10,96.2249755859375,0.3054053432587324,0.22481034611338732,1,-0.06418921061812188,1,9.0
SPY,2011-11-11,98.03614044189452,0.30659711561530206,0.22507204757577917,1,-0.08147781057640369,1,6.0
SPY,2011-11-14,97.10733795166016,0.29964586885159245,0.22537193543247083,1,-0.07269242200672799,1,7.0
SPY,2011-11-15,97.58723449707033,0.2929453842514014,0.22560222970461707,1,-0.07725256458587859,1,4.0
SPY,2011-11-16,96.03921508789062,0.2957563489132651,0.22581543001130053,1,-0.06237915127773541,1,5.0
SPY,2011-11-17,94.51438903808594,0.30164747043721357,0.2258915894071285,1,-0.04725226203343669,0,
SPY,2011-11-18,94.41380310058594,0.29351188437619613,0.22594134514851644,1,-0.0462372301072016,0,
SPY,2011-11-21,92.61811065673828,0.2962145368324087,0.22626300878759262,1,-0.02774554865337453,0,
SPY,2011-11-22,92.25426483154295,0.2892441142490712,0.22679589825116003,1,-0.023911029742015866,0,
SPY,2011-11-23,90.21863555908205,0.29469106091912906,0.22724128820501505,1,-0.001887250862294576,0,
SPY,2011-11-25,90.04837036132812,0.25960019376383037,0.2281192376741384,1,0.028966721512316607,0,
SPY,2011-11-28,92.65677642822266,0.2854663977072151,0.2290103694165247,1,0.0028405785597662714,0,
SPY,2011-11-29,92.91997528076172,0.27531186298872684,0.22927539175213713,1,0.00835399217699484,0,
SPY,2011-11-30,96.74357604980467,0.2960943209400725,0.22927539175213713,1,-0.031499228650511135,0,
SPY,2011-12-01,96.72805786132812,0.2907712512655993,0.22927539175213713,1,-0.031343851008885926,0,
SPY,2011-12-02,96.64293670654295,0.2831788608117839,0.22927539175213713,1,-0.03049067815630324,0,
SPY,2011-12-05,97.69561004638672,0.2851469110276813,0.22927539175213713,1,-0.040937172275642864,0,
SPY,2011-12-06,97.72653198242188,0.2842950399761063,0.22927539175213713,1,-0.041240632132561905,0,
SPY,2011-12-07,98.0903091430664,0.2807078019009307,0.22927539175213713,1,-0.04479628165218441,0,
SPY,2011-12-08,95.93858337402344,0.25805089354470745,0.22927539175213713,1,-0.023372821109289177,0,
SPY,2011-12-09,97.5640106201172,0.26280928924583447,0.22927539175213713,1,-0.039643538310795146,0,
SPY,2011-12-12,96.13983917236328,0.2592266441442062,0.23001167976876297,1,-0.0254172585065231,0,
SPY,2011-12-13,95.24200439453124,0.25916741845113117,0.23040057381068849,1,-0.016229985677162273,0,
SPY,2011-12-14,94.2280044555664,0.26038569383076,0.23092154222884798,1,-0.005643507270425174,0,
SPY,2011-12-15,94.56859588623048,0.25541734327185006,0.23190869997690708,1,-0.0092247098596685,0,
SPY,2011-12-16,94.70880126953124,0.2490481019837929,0.2325713070235802,1,-0.010691437634246848,0,
SPY,2011-12-19,93.69622802734376,0.2520050751581363,0.23363329782746897,1,0.03025978767769777,0,
SPY,2011-12-20,96.53145599365234,0.2632596794620659,0.23467996038224267,1,0.0019366814855257264,0,
SPY,2011-12-21,96.7184066772461,0.2623065130017812,0.2347804433091453,1,0.005315106205493025,0,
SPY,2011-12-22,97.57521057128906,0.24625071765116718,0.2348627798311602,1,-0.0035125242212717955,0,
SPY,2011-12-23,98.44757843017578,0.245853322974393,0.23496546771906476,1,-0.012342641320282732,0,
SPY,2011-12-27,98.5254898071289,0.22893254537234609,0.23507418764590626,0,-0.013123654892742587,0,
SPY,2011-12-28,97.23247528076172,0.23612364338385916,0.23541253773505305,1,0.0053672754150724256,0,
SPY,2011-12-29,98.23731231689452,0.1918278144266657,0.23598760457192677,0,-0.004916294538410915,0,
SPY,2011-12-30,97.7543487548828,0.1928770113368341,0.23653328178739796,0,0.0159365693430773,0,
SPY,2012-01-03,99.31221771240234,0.20022100089981526,0.23770716433387704,0,0.0015686348620742585,0,
SPY,2012-01-04,99.46800231933594,0.19708451855524037,0.23901549479970097,0,7.831274012515266e-05,0,
SPY,2012-01-05,99.73282623291016,0.19716806927887112,0.23972896635932364,0,-0.002577228696573286,0,
SPY,2012-01-06,99.47579193115234,0.19729137016203024,0.24020281979448901,0,0.002427121359365847,0,
SPY,2012-01-09,99.71723175048828,0.1778134140403563,0.2413338191417566,0,0.006405518167100999,0,
SPY,2012-01-10,100.58181762695312,0.17098751819151686,0.24238309908304173,0,-0.002245389298408784,0,
SPY,2012-01-11,100.63636016845705,0.16000778203218521,0.24238309908304173,0,-0.0027861488427108894,0,
SPY,2012-01-12,100.87781524658205,0.15396395537028154,0.24238309908304173,0,-0.005173020007098739,0,
SPY,2012-01-13,100.35597229003906,0.1486649623415965,0.24238309908304173,0,0.0038804584936222852,0,
SPY,2012-01-17,100.74539947509766,0.1486787540080355,0.24238309908304173,0,0.01105619799800106,0,
SPY,2012-01-18,101.85926055908205,0.1510674598759595,0.24238309908304173,0,0.004206084430132151,0,
SPY,2012-01-19,102.3967056274414,0.14121100042421267,0.24238309908304173,0,-0.001064647712922251,0,
SPY,2012-01-20,102.77838134765624,0.10468309047885599,0.24238309908304173,0,-0.004774273852514277,0,
SPY,2012-01-23,102.5135498046875,0.10657936812460292,0.24238309908304173,0,-0.002203226755228438,0,
SPY,2012-01-24,102.3967056274414,0.10510774469624819,0.24238309908304173,0,-0.001064647712922251,0,
SPY,2012-01-25,103.2535171508789,0.10466104237253737,0.24238309908304173,0,-0.009353947144320696,0,
SPY,2012-01-26,102.7238540649414,0.10792690462572173,0.24238309908304173,0,-0.0042459938826019394,0,
SPY,2012-01-27,102.6771240234375,0.09231704832257875,0.24238309908304173,0,-0.0037928099190256415,0,
SPY,2012-01-30,102.32659912109376,0.0902283068464305,0.24238309908304173,0,-0.0003802521772793277,0,
SPY,2012-01-31,102.28768920898438,0.08695504790623673,0.24238309908304173,0,0.008757257001762886,0,
SPY,2012-02-01,103.1834487915039,0.07514607526913893,0.24238309908304173,0,0.001585275745924264,0,
SPY,2012-02-02,103.3470230102539,0.07514508791634784,0.24238309908304173,0,0.012661542410504767,0,
SPY,2012-02-03,104.79580688476562,0.08641685809710374,0.24238309908304173,0,-0.0013383279716734364,0,
SPY,2012-02-06,104.72566223144533,0.08519134815580731,0.24238309908304173,0,-0.0006694300599668912,0,
SPY,2012-02-07,104.9905014038086,0.0851897820388671,0.24238309908304173,0,-0.0031902474436491524,0,
SPY,2012-02-08,105.30208587646484,0.08216731633704898,0.24238309908304173,0,-0.006139765855404433,0,
SPY,2012-02-09,105.43450927734376,0.08200432990418173,0.24238309908304173,0,-0.007388032225740138,0,
SPY,2012-02-10,104.65555572509766,0.08899525171244956,0.24238309908304173,0,0.0014886188817089252,0,
SPY,2012-02-13,105.43450927734376,0.08702249004068395,0.24238309908304173,0,-0.005910411308301056,0,
SPY,2012-02-14,105.30208587646484,0.08782561547576131,0.24238309908304173,0,-0.004660286745077125,0,
SPY,2012-02-15,104.81134796142578,0.08459094543076749,0.24238309908304173,0,0.0014123042549722964,0,
SPY,2012-02-16,105.97193908691406,0.09031583831985804,0.24238309908304173,0,-0.009555035243457244,0,
SPY,2012-02-17,106.25236511230467,0.09007929676895159,0.24238309908304173,0,-0.012169062183387092,0,
SPY,2012-02-21,106.29912567138672,0.08882206192043697,0.24238309908304173,0,-0.012603605051346722,0,
SPY,2012-02-22,105.95639038085938,0.09004450529148868,0.24238309908304173,0,-0.009409691130044306,0,
SPY,2012-02-23,106.4237060546875,0.08724627887323469,0.24238309908304173,0,-0.013759458628643695,0,
SPY,2012-02-24,106.65739440917967,0.0836359239349237,0.24238309908304173,0,-0.01592033017930572,0,
SPY,2012-02-27,106.8365707397461,0.08318796151832966,0.24238309908304173,0,-0.01757073680507637,0,
SPY,2012-02-28,107.14811706542967,0.0807312034679937,0.24238309908304173,0,-0.020427270690832833,0,
SPY,2012-02-29,106.72752380371094,0.0832427871488835,0.24238309908304173,0,-0.016566957299990914,0,
SPY,2012-03-01,107.2805404663086,0.080418066854025,0.24238309908304173,0,-0.021636421499167002,0,
SPY,2012-03-02,106.9534149169922,0.08235742718660873,0.24238309908304173,0,-0.018644018467467438,0,
SPY,2012-03-05,106.51719665527344,0.07097925849047511,0.24238309908304173,0,-0.014625086183914449,0,
SPY,2012-03-06,104.9593734741211,0.08990996623828584,0.24238309908304173,0,0.006975965737301193,0,
SPY,2012-03-07,105.69156646728516,0.09281208517126974,0.24238309908304173,0,0.005936965489213408,0,
SPY,2012-03-08,106.74311065673828,0.09851091309887025,0.24238309908304173,0,-0.003972687363399063,0,
SPY,2012-03-09,107.15589141845705,0.09914439475964819,0.24238309908304173,0,-0.007809535784521149,0,
SPY,2012-03-12,107.16371154785156,0.09435210352622211,0.24238309908304173,0,-0.007881939564701068,0,
SPY,2012-03-13,109.0954132080078,0.10956944847284818,0.24238309908304173,0,-0.025448911887907544,0,
SPY,2012-03-14,108.97857666015624,0.10950495555759178,0.24238309908304173,0,-0.02440409015936651,0,
SPY,2012-03-15,109.60951232910156,0.10768577522055667,0.24117140180284996,0,-0.03001982774377876,0,
SPY,2012-03-16,109.76131439208984,0.10258335157764704,0.2400260377519301,0,-0.03136132945612369,0,
SPY,2012-03-19,110.19161224365234,0.10282757803211091,0.2397146016556714,0,-0.03514385999895453,0,
SPY,2012-03-20,109.87079620361328,0.10410691678892778,0.23901549479970097,0,-0.03232653877495184,0,
SPY,2012-03-21,109.69086456298828,0.10326742938675613,0.23770716433387704,0,-0.030739213575527335,0,
SPY,2012-03-22,108.90074157714844,0.10744795222106462,0.2362551921159459,0,-0.023706798409789953,0,
SPY,2012-03-23,109.25274658203124,0.10764351302266215,0.23541253773505305,0,-0.026852349473211246,0,
SPY,2012-03-26,110.7861557006836,0.11677208063370409,0.23500684064278998,0,-0.04032184366835723,0,
SPY,2012-03-27,110.4419174194336,0.11797324379893619,0.2348627798311602,0,-0.03846415023981675,0,
SPY,2012-03-28,109.89427185058594,0.1186643586633316,0.2347804433091453,0,-0.03367244600863284,0,
SPY,2012-03-29,109.70653533935548,0.11832626543111238,0.23467996038224267,0,-0.03294568535455633,0,
SPY,2012-03-30,110.1602554321289,0.11771215748316982,0.23467996038224267,0,-0.047581589349622755,0,
SPY,2012-04-02,110.96605682373048,0.11750577192012204,0.23467996038224267,0,-0.059926461766451,1,29.0
SPY,2012-04-03,110.51236724853516,0.10246475750313723,0.23467996038224267,0,-0.0596776254623983,1,28.0
SPY,2012-04-04,109.41709899902344,0.1101842743064097,0.23467996038224267,0,-0.0643504404484937,1,29.0
SPY,2012-04-05,109.36228942871094,0.10606661988614068,0.23467996038224267,0,-0.07189339944220641,1,29.0
SPY,2012-04-09,108.1340560913086,0.1143651222428616,0.23467996038224267,0,-0.06135156360738225,1,28.0
SPY,2012-04-10,106.31905364990234,0.12997245892551565,0.23467996038224267,0,-0.0453276323816143,0,
SPY,2012-04-11,107.17959594726562,0.11556382647344143,0.23467996038224267,0,-0.052992672963254384,1,27.0
SPY,2012-04-12,108.57997131347656,0.1255944844827309,0.23467996038224267,0,-0.06520639632642233,1,25.0
SPY,2012-04-13,107.28912353515624,0.13013203589749936,0.23467996038224267,0,-0.05395943851065932,1,25.0
SPY,2012-04-16,107.21871948242188,0.1298229260984511,0.23467996038224267,0,-0.053338230853064994,1,24.0
SPY,2012-04-17,108.8068389892578,0.1406289444127765,0.23467996038224267,0,-0.06715548752483069,1,22.0
SPY,2012-04-18,108.4391632080078,0.14073980509344755,0.23467996038224267,0,-0.06399256810750564,1,21.0
SPY,2012-04-19,107.74285888671876,0.14220972264923853,0.23467996038224267,0,-0.0694160885173225,1,21.0
SPY,2012-04-20,107.92284393310548,0.14045057152289894,0.23467996038224267,0,-0.07140287450648297,1,19.0
SPY,2012-04-23,107.01530456542967,0.1424924195976732,0.23467996038224267,0,-0.06352794062185618,1,19.0
SPY,2012-04-24,107.42212677001952,0.13255895344870472,0.23467996038224267,0,-0.06707448768053292,1,18.0
SPY,2012-04-25,108.89291381835938,0.1428089021198475,0.23467996038224267,0,-0.07967525950737653,1,16.0
SPY,2012-04-26,109.65174865722656,0.1443444859860912,0.23467996038224267,0,-0.08604428220614202,1,14.0
SPY,2012-04-27,109.83173370361328,0.1443419801233751,0.23467996038224267,0,-0.08754201293218555,1,12.0
SPY,2012-04-30,109.42487335205078,0.14409189647855208,0.23467996038224267,0,-0.08414933843294237,1,12.0
SPY,2012-05-01,110.10552215576172,0.14337893883477199,0.23467996038224267,0,-0.08981093146632024,1,10.0
SPY,2012-05-02,109.77696228027344,0.14305239112565796,0.23467996038224267,0,-0.08708675691442558,1,10.0
SPY,2012-05-03,108.9398956298828,0.1412167372891633,0.23467996038224267,0,-0.08007216206771195,1,10.0
SPY,2012-05-04,107.17959594726562,0.15232111862610315,0.23467996038224267,0,-0.0649634217628906,1,10.0
SPY,2012-05-07,107.25782775878906,0.14745344432745017,0.23467996038224267,0,-0.06564541958892034,1,9.0
SPY,2012-05-08,106.82750701904295,0.13485315999163253,0.23467996038224267,0,-0.061881668421760905,1,17.0
SPY,2012-05-09,106.19386291503906,0.13323419168690698,0.23467996038224267,0,-0.05628404598534853,1,16.0
SPY,2012-05-10,106.41291046142578,0.12393467134991065,0.23467996038224267,0,-0.05822665485974676,1,15.0
SPY,2012-05-11,106.09217834472656,0.11734406212539379,0.23467996038224267,0,-0.05537953678610086,1,14.0
SPY,2012-05-14,104.9186553955078,0.12319274606539654,0.23467996038224267,0,-0.044813886781300716,0,
SPY,2012-05-15,104.31625366210938,0.10900787929754167,0.23467996038224267,0,-0.039297912519180134,0,
SPY,2012-05-16,103.91725158691406,0.1090889566181395,0.23467996038224267,0,-0.03560918787822176,0,
SPY,2012-05-17,102.37606048583984,0.11740135827865779,0.23467996038224267,0,-0.021091042419739248,0,
SPY,2012-05-18,101.49986267089844,0.11815481358687611,0.23467996038224267,0,-0.012640608428124422,0,
SPY,2012-05-21,103.24446105957033,0.13605215175665025,0.23467996038224267,0,-0.029324753862158714,0,
SPY,2012-05-22,103.42436981201172,0.13512570301815932,0.23467996038224267,0,-0.031013262797488172,0,
SPY,2012-05-23,103.47917175292967,0.12263486185907532,0.23467996038224267,0,-0.031526432288728756,0,
SPY,2012-05-24,103.68257904052734,0.1187329412930918,0.23467996038224267,0,-0.03342640992567769,0,
SPY,2012-05-25,103.3461685180664,0.11757136046269812,0.23467996038224267,0,-0.030280037582159136,0,
SPY,2012-05-29,104.59786224365234,0.12911077180201497,0.23467996038224267,0,-0.041884408517641636,0,
SPY,2012-05-30,103.08016204833984,0.1321363589164599,0.23467996038224267,0,-0.027777598910155743,0,
SPY,2012-05-31,102.85327911376952,0.13219001028525468,0.23467996038224267,0,-0.025632984044058116,0,
SPY,2012-06-01,100.2637710571289,0.15351808795005886,0.23467996038224267,0,-0.00046804947855960677,0,
SPY,2012-06-04,100.2168426513672,0.14705970305365257,0.23467996038224267,0,0.007572157603195073,0,
SPY,2012-06-05,100.97570037841795,0.1514942516417518,0.23467996038224267,0,0.018129839267395864,0,
SPY,2012-06-06,103.24446105957033,0.1758643894498834,0.2347804433091453,0,-0.004243205484177559,0,
SPY,2012-06-07,103.30706024169922,0.17530505737955024,0.2348627798311602,0,-0.0048465869064165945,0,
SPY,2012-06-08,104.12850952148438,0.1780419469021111,0.23500684064278998,0,-0.012697155960156858,0,
SPY,2012-06-11,102.8063735961914,0.1827559201715515,0.23541253773505305,0,0.00449319730995934,0,
SPY,2012-06-12,103.9876937866211,0.1846451192300567,0.2362551921159459,0,-0.006918038499986068,0,
SPY,2012-06-13,103.32270050048828,0.1849104976209465,0.23770716433387704,0,-0.0005264823968430532,0,
SPY,2012-06-14,104.4179458618164,0.18846005243619388,0.23901549479970097,0,-0.011010013028386223,0,
SPY,2012-06-15,105.4858627319336,0.18262187621913997,0.2397146016556714,0,-0.02102234135476988,0,
SPY,2012-06-18,105.69029235839844,0.178686939581458,0.2400260377519301,0,-0.022915912018721007,0,
SPY,2012-06-19,106.7126235961914,0.17224240962967216,0.24117140180284996,0,-0.03227660011194633,0,
SPY,2012-06-20,106.53964233398438,0.17263266351717982,0.24238309908304173,0,-0.030705372618473614,0,
SPY,2012-06-21,104.1490478515625,0.19283561673809532,0.24354051143014957,0,-0.00845658171870467,0,
SPY,2012-06-22,104.95111083984376,0.19453677487084184,0.24674581288595973,0,-0.01603420782207121,0,
SPY,2012-06-25,103.26830291748048,0.20314417720662775,0.2505304820512061,0,0.00502534689492129,0,
SPY,2012-06-26,103.78726196289062,0.1990948792908349,0.2537714274542804,0,0.006137417701955972,0,
SPY,2012-06-27,104.72308349609376,0.1942892925526922,0.255918784010505,0,-0.002853580551853141,0,
SPY,2012-06-28,104.42424774169922,0.1944368270438373,0.25742244586589175,0,0.005421895588508807,0,
SPY,2012-06-29,107.02719116210938,0.18587217935744835,0.25865630486013896,0,-0.019030360697414705,0,
SPY,2012-07-02,107.34957122802734,0.18535531183344323,0.2609532906725475,0,-0.021976297540610257,0,
SPY,2012-07-03,108.05734252929688,0.18510164736196377,0.26337708512207525,0,-0.02838231394226709,0,
SPY,2012-07-05,107.5698013305664,0.17296094449072136,0.26337708512207525,0,-0.0239786277263504,0,
SPY,2012-07-06,106.54747772216795,0.17777641400937222,0.26523060259444176,0,-0.014613697532707692,0,
SPY,2012-07-09,106.41382598876952,0.17638991205534316,0.2656247445485365,0,-0.013376089673314162,0,
SPY,2012-07-10,105.4858627319336,0.1727387077437618,0.2656247445485365,0,-0.004696720576949254,0,
SPY,2012-07-11,105.50159454345705,0.16854710235596732,0.2656247445485365,0,-0.00484513467124148,0,
SPY,2012-07-12,104.99042510986328,0.16776061378978543,0.2656247445485365,0,0.003145995238096777,0,
SPY,2012-07-13,106.75196075439452,0.17374355804525685,0.2656247445485365,0,-0.013407119241422683,0,
SPY,2012-07-16,106.50032806396484,0.1707359874711526,0.2656247445485365,0,-0.011076055802867524,0,
SPY,2012-07-17,107.23163604736328,0.17217407911649252,0.2656247445485365,0,-0.017820408514653052,0,
SPY,2012-07-18,108.02588653564452,0.17081255552608132,0.2656247445485365,0,-0.025041794472542844,0,
SPY,2012-07-19,108.30899047851562,0.17074009090979184,0.2656247445485365,0,-0.027590193371839322,0,
SPY,2012-07-20,107.3181610107422,0.1517420090908669,0.2656247445485365,0,-0.01861228802865522,0,
SPY,2012-07-23,106.23292541503906,0.1552845444760773,0.2656247445485365,0,-0.008586800412118345,0,
SPY,2012-07-24,105.32072448730467,0.14654414573055485,0.2656247445485365,0,0.00022427310089012664,0,
SPY,2012-07-25,105.34434509277344,0.14578189638375882,0.2656247445485365,0,0.016497396306725864,0,
SPY,2012-07-26,107.0822525024414,0.15346893559943853,0.2656247445485365,0,0.0034517510438720755,0,
SPY,2012-07-27,109.05606842041016,0.1641617642544305,0.2656247445485365,0,-0.014709815458678777,0,
SPY,2012-07-30,109.05606842041016,0.14115336781543664,0.2656247445485365,0,-0.014709815458678777,0,
SPY,2012-07-31,108.2932586669922,0.14366919595599786,0.2656247445485365,0,-0.007769503827404711,0,
SPY,2012-08-01,108.1988754272461,0.1418725502560633,0.2656247445485365,0,-0.0069039686872856,0,
SPY,2012-08-02,107.45187377929688,0.14315556298495843,0.2656247445485365,0,0.01983267172832126,0,
SPY,2012-08-03,109.58293151855467,0.15452123875378862,0.2641907261289199,0,0.001937443980312814,0,
SPY,2012-08-06,109.79524230957033,0.15420757634594437,0.26337708512207525,0,0.005014077468254108,0,
SPY,2012-08-07,110.34576416015624,0.14965910703167332,0.2617864615686053,0,0.0012110702719447808,0,
SPY,2012-08-08,110.47940063476562,0.14950866035891158,0.26002837690198366,0,0.0,0,
SPY,2012-08-09,110.5738296508789,0.14723718744186085,0.2592747391758624,0,-0.000853990645086844,0,
SPY,2012-08-10,110.7546615600586,0.13756500590220963,0.25902852844570623,0,-0.0024853213527604723,0,
SPY,2012-08-13,110.69961547851562,0.13696822656851812,0.25865630486013896,0,-0.0019893008914085852,0,
SPY,2012-08-14,110.71533203125,0.13584324468741557,0.25831236655962353,0,-0.0021309731195836568,0,
SPY,2012-08-15,110.84117126464844,0.13411605537028518,0.25737119798100705,0,-0.0032638650941267944,0,
SPY,2012-08-16,111.65900421142578,0.13578155320803018,0.25635005528819865,0,-0.01056433903374765,0,
SPY,2012-08-17,111.80843353271484,0.1297740304634725,0.25616448482690485,0,-0.011886696342636283,0,
SPY,2012-08-20,111.81629943847656,0.12184174928754114,0.2561070587857083,0,-0.011956206835896266,0,
SPY,2012-08-21,111.4781723022461,0.11653224314909069,0.2544623173703399,0,-0.008959347348936997,0,
SPY,2012-08-22,111.52532958984376,0.11647519243603784,0.25223078710931457,0,-0.009378398243024666,0,
SPY,2012-08-23,110.61314392089844,0.11121124511617886,0.24894178353316193,0,-0.0012091084421979037,0,
SPY,2012-08-24,111.28152465820312,0.094084793770052,0.2431271597149618,0,-0.007208061049677306,0,
SPY,2012-08-27,111.30516052246094,0.09405757043246361,0.23646924488119692,0,-0.007418882321531539,0,
SPY,2012-08-28,111.19503784179688,0.08954886782869326,0.23235433742239947,0,-0.006435873586817964,0,
SPY,2012-08-29,111.28152465820312,0.08920359642039959,0.23154661132479976,0,-0.007208061049677306,0,
SPY,2012-08-30,110.47940063476562,0.0895888101969722,0.23112864878716943,0,0.002989761031813476,0,
SPY,2012-08-31,111.00633239746094,0.060106040581516744,0.2306115324902553,0,-0.0017712931470914572,0,
SPY,2012-09-04,110.90406036376952,0.060148228005634824,0.23024026766212302,0,-0.0008507598536832139,0,
SPY,2012-09-05,110.80970764160156,0.05788710667073364,0.22934254066915627,0,0.018451189578664318,0,
SPY,2012-09-06,113.05875396728516,0.09134986897840325,0.22804734578772756,0,-0.0018085764760081835,0,
SPY,2012-09-07,113.49919891357422,0.09185129050106065,0.227427195549464,0,-0.005682157718242431,0,
SPY,2012-09-10,112.85427856445312,0.09513258329974757,0.22692128363828346,0,0.000995062478214681,0,
SPY,2012-09-11,113.16886901855467,0.09518849319772475,0.22554492518072458,0,-0.012056613275427175,0,
SPY,2012-09-12,113.54632568359376,0.09543387137592402,0.2243758255429387,0,-0.018125891300690422,0,
SPY,2012-09-13,115.27635955810548,0.10735545520478143,0.2236405607752103,0,-0.032861570628762715,0,
SPY,2012-09-14,115.78755950927734,0.10589951263079514,0.22300778726222403,0,-0.03713146905279319,0,
SPY,2012-09-17,115.39437103271484,0.10750701462951175,0.222088805001785,0,-0.03385064341610966,0,
SPY,2012-09-18,115.29998016357422,0.10771842443701349,0.22101797382698324,0,-0.0330597007172625,0,
SPY,2012-09-19,115.36287689208984,0.10645025762510911,0.22072266787163508,0,-0.03358688401169163,0,
SPY,2012-09-20,115.3707504272461,0.10651467960355977,0.22020288658815557,0,-0.03365283736309155,0,
SPY,2012-09-21,115.32249450683594,0.10031131143396221,0.21924453158573526,0,-0.0332484759072611,0,
SPY,2012-09-24,115.14857482910156,0.09995088063345561,0.2175947867773875,0,-0.040713709373385365,0,
SPY,2012-09-25,113.92321014404295,0.10919287394272809,0.2165148495820997,0,-0.04205431196312548,0,
SPY,2012-09-26,113.28279113769533,0.1116269350594283,0.2163254074514454,0,-0.03663877956401751,0,
SPY,2012-09-27,114.35011291503906,0.11557547989678778,0.21582081932591246,0,-0.04563060636513061,0,
SPY,2012-09-28,113.8204574584961,0.11336451346137728,0.2152861010930774,0,-0.04292599711435496,0,
SPY,2012-10-01,114.12085723876952,0.11280184241473247,0.2149008763647978,0,-0.0583305349514498,1,30.0
SPY,2012-10-02,114.23946380615234,0.11248465948725088,0.2146559655829623,0,-0.0608997371706661,1,29.0
SPY,2012-10-03,114.70587921142578,0.11248870846116288,0.2143959699341291,0,-0.06471829322630296,1,27.0
SPY,2012-10-04,115.5280532836914,0.09196614909953378,0.21397599128814054,0,-0.07137437672911584,1,23.0
SPY,2012-10-05,115.53596496582033,0.09141721705941766,0.21352660668518378,0,-0.07143796723749363,1,22.0
SPY,2012-10-08,115.14075469970705,0.08958317043398341,0.2130617046789764,0,-0.06825076172518085,1,21.0
SPY,2012-10-09,114.00227355957033,0.09727851781232169,0.21231696565891994,0,-0.05894586891917608,1,24.0
SPY,2012-10-10,113.27490997314452,0.09945519137107371,0.211820803285032,0,-0.05290314941521834,1,23.0
SPY,2012-10-11,113.33817291259766,0.08170595373619238,0.21177327617973696,0,-0.05343179858235303,1,22.0
SPY,2012-10-12,112.9665756225586,0.07966465802490733,0.21141987968166312,0,-0.05031811494145744,1,22.0
SPY,2012-10-15,113.9073715209961,0.08600683013745347,0.21102656212966803,0,-0.05816182874463993,1,20.0
SPY,2012-10-16,115.0616226196289,0.0940490956331839,0.2108096369517566,0,-0.06760996374530492,1,15.0
SPY,2012-10-17,115.58341979980467,0.09546330352285555,0.20851168306883144,0,-0.07181920493737504,1,14.0
SPY,2012-10-18,115.28308868408205,0.0959426796774163,0.20589992435304583,0,-0.0694011436505424,1,13.0
SPY,2012-10-19,113.36187744140624,0.1129334064268485,0.20476528374387626,0,-0.053629730671219344,1,16.0
SPY,2012-10-22,113.37769317626952,0.11295882271807428,0.20392154733304935,0,-0.053761745539778416,1,15.0
SPY,2012-10-23,111.80443572998048,0.1172897205750665,0.2037185984215843,0,-0.04044674269509352,0,
SPY,2012-10-24,111.48819732666016,0.1162170879374139,0.20318044216964212,0,-0.03772495153452948,0,
SPY,2012-10-25,111.81231689453124,0.11084625585650945,0.20248414725734387,0,-0.0405143774362926,0,
SPY,2012-10-26,111.74916076660156,0.11007089966296016,0.2017269115214383,0,-0.039972114780272516,0,
SPY,2012-10-31,111.74916076660156,0.10933732142325946,0.2005126852928941,0,-0.039972114780272516,0,
SPY,2012-11-01,112.91913604736328,0.11654165702563882,0.19934485885170877,0,-0.04991913469085618,0,
SPY,2012-11-02,111.91512298583984,0.11877301367052748,0.19856172280046955,0,-0.041395768296534574,0,
SPY,2012-11-05,112.14437103271484,0.11533572180909854,0.19824477690128595,0,-0.043355368638668734,0,
SPY,2012-11-06,113.02195739746094,0.11988833554765789,0.19670129611046944,0,-0.05078346760034114,1,7.0
SPY,2012-11-07,110.46044921875,0.14271201779029258,0.19670129611046944,0,-0.02877173463794569,0,
SPY,2012-11-08,109.13224792480467,0.14448535927767828,0.19670129611046944,0,-0.01695133632947332,0,
SPY,2012-11-09,109.2271499633789,0.14397421080879175,0.19670129611046944,0,-0.017805458424861587,0,
SPY,2012-11-12,109.31404876708984,0.1440285539174056,0.19670129611046944,0,-0.01858625038744033,0,
SPY,2012-11-13,108.93460083007812,0.1440564471144787,0.19670129611046944,0,-0.0151677275323715,0,
SPY,2012-11-14,107.46412658691406,0.14462791912800163,0.19670129611046944,0,-0.0016918771579758074,0,
SPY,2012-11-15,107.28231048583984,0.1364025923434689,0.19670129611046944,0,0.004937167301238832,0,
SPY,2012-11-16,107.81198120117188,0.13672200288372938,0.19670129611046944,0,0.020239001376535226,0,
SPY,2012-11-19,109.99398803710938,0.16024368946088846,0.19670129611046944,0,0.0004313617992814933,0,
SPY,2012-11-20,110.04143524169922,0.15103405030566117,0.19670129611046944,0,0.00186745784665443,0,
SPY,2012-11-21,110.24693298339844,0.15140436094112555,0.19670129611046944,0,0.006311362972331258,0,
SPY,2012-11-23,111.74916076660156,0.15258702040236036,0.19670129611046944,0,-0.007216334932867108,0,
SPY,2012-11-26,111.51189422607422,0.15243502632644576,0.19670129611046944,0,-0.005103965240491615,0,
SPY,2012-11-27,110.94274139404295,0.15307368414259956,0.19670129611046944,0,0.004938972197272573,0,
SPY,2012-11-28,111.83604431152344,0.15594988544743715,0.19670129611046944,0,-0.003088090287636458,0,
SPY,2012-11-29,112.35782623291016,0.15680742558363583,0.19670129611046944,0,-0.0077176797799138885,0,
SPY,2012-11-30,112.38158416748048,0.15216727835180627,0.19670129611046944,0,-0.007927452391803369,0,
SPY,2012-12-03,111.82811737060548,0.1497828762340421,0.19670129611046944,0,-0.0030174241439643312,0,
SPY,2012-12-04,111.67005157470705,0.14964757021014624,0.19670129611046944,0,-0.0016062235389020518,0,
SPY,2012-12-05,111.8676528930664,0.14687400614485013,0.19670129611046944,0,-0.0033697711004038178,0,
SPY,2012-12-06,112.24714660644533,0.12104943431294304,0.19507837111726126,0,-0.0067392545827489325,0,
SPY,2012-12-07,112.5871353149414,0.11117512071291406,0.19484653876797509,0,-0.009738686419162756,0,
SPY,2012-12-10,112.63451385498048,0.11122338115799073,0.1946977174214427,0,-0.010155229570004143,0,
SPY,2012-12-11,113.40137481689452,0.11271669103464353,0.19416360169911562,0,-0.016848916608835696,0,
SPY,2012-12-12,113.45671081542967,0.1111052235819102,0.19102894221355937,0,-0.0173284267807714,0,
SPY,2012-12-13,112.76106262207033,0.09979077471351855,0.18714686687448115,0,-0.011266106253811858,0,
SPY,2012-12-14,112.34202575683594,0.10114746173458829,0.1853455630614804,0,-0.007578119068293421,0,
SPY,2012-12-17,113.6623306274414,0.1061900045807348,0.1843707059433539,0,-0.01910611990952582,0,
SPY,2012-12-18,114.92720794677734,0.09028398599609207,0.18335745835996234,0,-0.029901739534918925,0,
SPY,2012-12-19,114.07341766357422,0.09645688802207238,0.18216838770036314,0,-0.022640972868139042,0,
SPY,2012-12-20,114.72954559326172,0.0974649843867399,0.1807033273954507,0,-0.02823040104653396,0,
SPY,2012-12-21,113.68817901611328,0.09502545637117124,0.17899601191363904,0,-0.019329138049827388,0,
SPY,2012-12-24,113.33785247802734,0.0954859015854181,0.17812946622271444,0,-0.016297891025490396,0,
SPY,2012-12-26,112.86011505126952,0.09480063730846353,0.17804797496731756,0,-0.01213387511939068,0,
SPY,2012-12-27,112.70886993408205,0.09117353801814945,0.177742968070833,0,-0.010808248059954506,0,
SPY,2012-12-28,111.49068450927734,0.09793779441476855,0.17736080926349135,0,0.016996426613086424,0,
SPY,2012-12-31,113.38562774658205,0.11552437090951417,0.17709604303935922,0,0.022048784387176612,0,
SPY,2013-01-02,116.2917251586914,0.1433655862603001,0.17709604303935922,0,-0.0034919264699717623,0,
SPY,2013-01-03,116.0290069580078,0.1436610691440088,0.17709604303935922,0,-0.0012355871725127088,0,
SPY,2013-01-04,116.53852081298828,0.14392502338765717,0.17709604303935922,0,-0.005602248965085765,0,
SPY,2013-01-07,116.22004699707033,0.14480661061891156,0.17709604303935922,0,-0.0028773348517718844,0,
SPY,2013-01-08,115.8856430053711,0.14562651776167046,0.17709604303935922,0,0.002542107921181369,0,
SPY,2013-01-09,116.18023681640624,0.14562324412415853,0.17709604303935922,0,0.007196097498446186,0,
SPY,2013-01-10,117.10385131835938,0.14621788338533032,0.17709604303935922,0,-0.0007477994057738524,0,
SPY,2013-01-11,117.09588623046876,0.14628757831093137,0.17709604303935922,0,-0.0006798283449720444,0,
SPY,2013-01-14,117.01628112792967,0.14372054521697114,0.17709604303935922,0,0.0005442196208811367,0,
SPY,2013-01-15,117.09588623046876,0.14229794451359656,0.17709604303935922,0,-0.00013597870001491597,0,
SPY,2013-01-16,117.07996368408205,0.13782379534298778,0.17709604303935922,0,0.006460225056782232,0,
SPY,2013-01-17,117.8363265991211,0.13449376266232463,0.17709604303935922,0,0.00222951791069792,0,
SPY,2013-01-18,118.09904479980467,0.13051299270254446,0.17709604303935922,0,0.004517077384651014,0,
SPY,2013-01-22,118.73601531982422,0.13037417149221583,0.17709604303935922,0,-0.0008717489409312273,0,
SPY,2013-01-23,118.9271011352539,0.12395319840257914,0.17736080926349135,0,-0.002477095701677867,0,
SPY,2013-01-24,118.9589385986328,0.12260160892064285,0.177742968070833,0,-0.0027440668037179705,0,
SPY,2013-01-25,119.62773895263672,0.12048309587212316,0.17804797496731756,0,-0.00831940515746088,0,
SPY,2013-01-28,119.48445129394533,0.12041742117832219,0.17812946622271444,0,-0.007130165979761571,0,
SPY,2013-01-29,119.95415496826172,0.10884832310383785,0.17812946622271444,0,-0.011017939681978062,0,
SPY,2013-01-30,119.48445129394533,0.10007405948766167,0.17812946622271444,0,-0.007130165979761571,0,
SPY,2013-01-31,119.18987274169922,0.05495087021646565,0.17812946622271444,0,-0.0046762816727586864,0,
SPY,2013-02-01,120.41600799560548,0.061883031005493666,0.17812946622271444,0,-0.014811159255933903,0,
SPY,2013-02-04,119.06246185302734,0.07667233140057102,0.17812946622271444,0,-0.0036111678031597316,0,
SPY,2013-02-05,120.2646942138672,0.08152575656950663,0.17812946622271444,0,-0.013571621333405726,0,
SPY,2013-02-06,120.35230255126952,0.07981814517464193,0.17812946622271444,0,-0.014289674485605475,0,
SPY,2013-02-07,120.19309997558594,0.08057627407041619,0.17812946622271444,0,-0.012984045271185796,0,
SPY,2013-02-08,120.86190032958984,0.07856396272788083,0.17812946622271444,0,-0.018445788120917683,0,
SPY,2013-02-11,120.83795928955078,0.07860148924421526,0.17812946622271444,0,-0.018251317535471934,0,
SPY,2013-02-12,121.03701782226562,0.07814958449017122,0.17812946622271444,0,-0.019865909961345185,0,
SPY,2013-02-13,121.14047241210938,0.07812217653718018,0.17812946622271444,0,-0.020702949542401705,0,
SPY,2013-02-14,121.25198364257812,0.07788294736372574,0.17812946622271444,0,-0.021603574965675998,0,
SPY,2013-02-15,121.10870361328124,0.07648363441666868,0.17812946622271444,0,-0.020446063868120867,0,
SPY,2013-02-19,122.0163116455078,0.07946551399207541,0.17812946622271444,0,-0.027732393117405052,0,
SPY,2013-02-20,120.4955825805664,0.09262736864488409,0.17812946622271444,0,-0.015461772261252338,0,
SPY,2013-02-21,119.76309967041016,0.09565360085673108,0.17812946622271444,0,-0.009440239517036542,0,
SPY,2013-02-22,120.93351745605467,0.10127157264214609,0.17812946622271444,0,-0.019027066939254933,0,
SPY,2013-02-25,118.63250732421876,0.12193084077846938,0.17899601191363904,0,0.0068455374483902265,0,
SPY,2013-02-26,119.44461059570312,0.12454553536570766,0.18022931754448507,0,0.010599045314963584,0,
SPY,2013-02-27,120.9494400024414,0.13168592813741503,0.180675387787834,0,-0.001974631436089558,0,
SPY,2013-02-28,120.71060943603516,0.13101524249381957,0.18114939763879967,0,0.003297922022811317,0,
SPY,2013-03-01,121.10870361328124,0.13087374330037452,0.18216838770036314,0,0.005325136260895258,0,
SPY,2013-03-04,121.75362396240234,0.12728301112051882,0.1828294425495079,0,0.008959055088604728,0,
SPY,2013-03-05,122.84442138671876,0.1224487352774817,0.1832846820419633,0,0.0013604352995477687,0,
SPY,2013-03-06,123.01154327392578,0.11827801040447361,0.1832846820419633,0,0.0018125864389755275,0,
SPY,2013-03-07,123.23451232910156,0.11829177167329828,0.1832846820419633,0,0.00029431805194879423,0,
SPY,2013-03-08,123.760009765625,0.11838116550210831,0.1832846820419633,0,-0.003953032129266676,0,
SPY,2013-03-11,124.22979736328124,0.1177383706137176,0.1832846820419633,0,-0.007719684914028302,0,
SPY,2013-03-12,123.95105743408205,0.11832415342845946,0.1832846820419633,0,-0.0054882546180834435,0,
SPY,2013-03-13,124.12622833251952,0.11831725950376895,0.1832846820419633,0,-0.006891741361259696,0,
SPY,2013-03-14,124.78704833984376,0.11916847163246701,0.1832846820419633,0,-0.012150827263829989,0,
SPY,2013-03-15,124.62228393554688,0.11957375258774465,0.1832846820419633,0,-0.010844781704873352,0,
SPY,2013-03-18,123.93456268310548,0.12178324496407503,0.1832846820419633,0,-0.005355892642310067,0,
SPY,2013-03-19,123.64663696289062,0.11999805915846666,0.1832846820419633,0,-0.0030397469872173177,0,
SPY,2013-03-20,124.5103988647461,0.11117781239564214,0.1832846820419633,0,-0.00995592661613387,0,
SPY,2013-03-21,123.44676208496094,0.11378668876536711,0.1832846820419633,0,-0.0014255506688518604,0,
SPY,2013-03-22,124.43846130371094,0.11229147665154045,0.1832846820419633,0,-0.009383584631104669,0,
SPY,2013-03-25,123.91854858398438,0.0850191986820982,0.1832846820419633,0,-0.005227353940820523,0,
SPY,2013-03-26,124.91021728515624,0.0859437247513282,0.1832846820419633,0,-0.01312490563290325,0,
SPY,2013-03-27,124.91021728515624,0.07711277874986028,0.1832846820419633,0,-0.01312490563290325,0,
SPY,2013-03-28,125.29413604736328,0.07607209111252934,0.1832846820419633,0,-0.01614882899144854,0,
SPY,2013-04-01,124.79827880859376,0.07858471134558323,0.1832846820419633,0,-0.012239722794842423,0,
SPY,2013-04-02,125.41407012939452,0.07834639624249114,0.1832846820419633,0,-0.017089690626259757,0,
SPY,2013-04-03,124.14246368408205,0.08348128458258909,0.1832846820419633,0,-0.007021620060619793,0,
SPY,2013-04-04,124.64635467529295,0.08437961496794734,0.1832846820419633,0,-0.011035799708489114,0,
SPY,2013-04-05,124.08657836914062,0.08619297846495218,0.1832846820419633,0,-0.00657440884549676,0,
SPY,2013-04-08,124.92633056640624,0.08812248065026136,0.1832846820419633,0,-0.01325219501923236,0,
SPY,2013-04-09,125.35807800292967,0.08796129664643894,0.1832846820419633,0,-0.01665066635895429,0,
SPY,2013-04-10,126.89353942871094,0.09656701255069322,0.1832846820419633,0,-0.02854957765633992,0,
SPY,2013-04-11,127.30943298339844,0.09685336001636997,0.1832846820419633,0,-0.03172310502099218,0,
SPY,2013-04-12,126.99750518798828,0.0964739209720686,0.1828294425495079,0,-0.029344849820228114,0,
SPY,2013-04-15,124.05451202392578,0.1294831054305138,0.1832846820419633,0,-0.00631762231325772,0,
SPY,2013-04-16,125.88589477539062,0.138058520313154,0.1832846820419633,0,-0.020773672136607968,0,
SPY,2013-04-17,124.04652404785156,0.14838081570504813,0.1832846820419633,0,-0.006253634135279684,0,
SPY,2013-04-18,123.27078247070312,0.14777208734979133,0.1832846820419633,0,0.008693320215669154,0,
SPY,2013-04-19,124.34241485595705,0.14793854359746,0.1832846820419633,0,0.004438142574869852,0,
SPY,2013-04-22,124.8942642211914,0.14602251196484656,0.1832846820419633,0,0.010309563002542266,0,
SPY,2013-04-23,126.18186950683594,0.14925480039394304,0.1832846820419633,0,0.0006335363092246915,0,
SPY,2013-04-24,126.26181030273438,0.14690170773455388,0.1832846820419633,0,0.0022803260156809557,0,
SPY,2013-04-25,126.7736358642578,0.14740616196776207,0.1832846820419633,0,-0.0017661990143035267,0,
SPY,2013-04-26,126.54972839355467,0.14739264342100475,0.1832846820419633,0,0.00025272612024540564,0,
SPY,2013-04-29,127.39744567871094,0.1479573786405517,0.1832846820419633,0,-0.00640307079106206,0,
SPY,2013-04-30,127.70124053955078,0.14734471078361178,0.1832846820419633,0,-0.00876678816424159,0,
SPY,2013-05-01,126.58171081542967,0.14603725087054975,0.1832846820419633,0,0.009287447808546512,0,
SPY,2013-05-02,127.75733184814452,0.1486298037766748,0.1832846820419633,0,0.009514428701024924,0,
SPY,2013-05-03,129.05288696289062,0.15018017351193255,0.1832846820419633,0,-0.0006200333191055396,0,
SPY,2013-05-06,129.38070678710938,0.14914208886296834,0.1832846820419633,0,-0.0031522235748300265,0,
SPY,2013-05-07,130.0365447998047,0.1494932356438342,0.1832846820419633,0,-0.00817981536186907,0,
SPY,2013-05-08,130.62828063964844,0.14487314933062514,0.1832846820419633,0,-0.024121188829853923,0,
SPY,2013-05-09,130.26046752929688,0.14546969816261682,0.1832846820419633,0,-0.02136562509151596,0,
SPY,2013-05-10,130.68431091308594,0.1450059654205436,0.1832846820419633,0,-0.033773435474019786,0,
SPY,2013-05-13,130.78829956054688,0.11150839969130671,0.1828294425495079,0,-0.03454167387090612,0,
SPY,2013-05-14,132.1398468017578,0.10621438524948697,0.1827187456887121,0,-0.044416534246228934,0,
SPY,2013-05-15,132.85154724121094,0.08503536133584877,0.1827187456887121,0,-0.04953570061375567,0,
SPY,2013-05-16,132.22779846191406,0.08281690864380413,0.18212450945776354,0,-0.0450521430456533,0,
SPY,2013-05-17,133.50732421875,0.08368800467737812,0.18212450945776354,0,-0.05420430294817924,1,25.0
SPY,2013-05-20,133.49932861328125,0.08457910715632186,0.18212450945776354,0,-0.05414765690114498,1,24.0
SPY,2013-05-21,133.69129943847656,0.08070648712004608,0.18212450945776354,0,-0.05550583096019179,1,23.0
SPY,2013-05-22,132.69969177246094,0.08842751867830596,0.18212450945776354,0,-0.0484480326637734,0,
SPY,2013-05-23,132.31578063964844,0.09022010566224639,0.18114939763879967,0,-0.045687126958165125,0,
SPY,2013-05-24,132.20382690429688,0.08974896485802573,0.180675387787834,0,-0.044878989301844086,0,
SPY,2013-05-28,132.9955291748047,0.0893145152722868,0.18031161025259163,0,-0.05056468022296934,1,19.0
SPY,2013-05-29,132.13177490234375,0.0944453531075378,0.18031161025259163,0,-0.04435815787443642,0,
SPY,2013-05-30,132.61962890625,0.08604184246749394,0.18031161025259163,0,-0.04787357789805047,0,
SPY,2013-05-31,130.71629333496094,0.10066554296033683,0.17991479602959343,0,-0.0340098426182639,0,
SPY,2013-06-03,131.43601989746094,0.09648242714191403,0.1795965661015519,0,-0.039299479172410834,0,
SPY,2013-06-04,130.80422973632812,0.09835677275804292,0.17905666816515875,0,-0.03465925356137722,0,
SPY,2013-06-05,128.97286987304688,0.10957362542248479,0.17845611397724587,0,-0.02095182579646926,0,
SPY,2013-06-06,130.14051818847656,0.11333925313896029,0.17786563437947683,0,-0.029736053546950858,0,
SPY,2013-06-07,131.79595947265625,0.12156337959864488,0.17786563437947683,0,-0.041923187355424885,0,
SPY,2013-06-10,131.79595947265625,0.1211659329075963,0.17786563437947683,0,-0.041923187355424885,0,
SPY,2013-06-11,130.43637084960938,0.1270499169786726,0.17786563437947683,0,-0.031936783057359586,0,
SPY,2013-06-12,129.35667419433594,0.12393740401065702,0.17786563437947683,0,-0.023856684957002106,0,
SPY,2013-06-13,131.32411193847656,0.13495078954735779,0.17786563437947683,0,-0.038480817367704256,0,
SPY,2013-06-14,130.50033569335938,0.13570978251973886,0.17786563437947683,0,-0.03241128001618243,0,
SPY,2013-06-17,131.50804138183594,0.13392389459499673,0.17786563437947683,0,-0.03982561488869718,0,
SPY,2013-06-18,132.54763793945312,0.13738605878822596,0.17786563437947683,0,-0.047356446829511345,0,
SPY,2013-06-19,130.71629333496094,0.14530295754236963,0.17786563437947683,0,-0.0340098426182639,0,
SPY,2013-06-20,127.47737121582033,0.16731470811062685,0.17786563437947683,0,-0.009466138447279726,0,
SPY,2013-06-21,127.88661193847656,0.1682836811045892,0.17786563437947683,0,-0.01263587441238867,0,
SPY,2013-06-24,126.2706527709961,0.17269968537564798,0.17786563437947683,0,0.009614123327766677,0,
SPY,2013-06-25,127.48463439941406,0.17543411715891255,0.17786563437947683,0,0.009900856187071705,0,
SPY,2013-06-26,128.74684143066406,0.1795619093517764,0.17786563437947683,1,0.0017484927205790868,0,
SPY,2013-06-27,129.50262451171875,0.1805220852355532,0.17786563437947683,1,-0.004097756072639291,0,
SPY,2013-06-28,128.97195434570312,0.17405654761430595,0.17786563437947683,0,0.0049245732466383085,0,
SPY,2013-07-01,129.72764587402344,0.17422591592811137,0.17786563437947683,0,-0.0009293292233166772,0,
SPY,2013-07-02,129.60708618164062,0.1735386156679802,0.17786563437947683,0,0.00043442787967418184,0,
SPY,2013-07-03,129.66339111328125,0.16588721212086047,0.17786563437947683,0,0.010788079485785529,0,
SPY,2013-07-05,131.0622100830078,0.16719511833028558,0.17786563437947683,0,0.005705126137855565,0,
SPY,2013-07-08,131.8099365234375,0.16216461296609916,0.17786563437947683,0,0.005001680887063875,0,
SPY,2013-07-09,132.7585906982422,0.1641473459099292,0.17786563437947683,0,-0.0021797680515309725,0,
SPY,2013-07-10,132.80686950683594,0.15918539332917603,0.17786563437947683,0,-0.003813351002587284,0,
SPY,2013-07-11,134.6157684326172,0.16128561766579164,0.17786563437947683,0,-0.01719960567564993,0,
SPY,2013-07-12,134.67205810546875,0.1537080790115096,0.17786563437947683,0,-0.017610392541560826,0,
SPY,2013-07-15,135.1865692138672,0.15129011045645094,0.17786563437947683,0,-0.02134930217401787,0,
SPY,2013-07-16,134.68008422851562,0.1507961780854518,0.17786563437947683,0,-0.025011686539259448,0,
SPY,2013-07-17,135.0258026123047,0.14884048937105182,0.17786563437947683,0,-0.02750803447736938,0,
SPY,2013-07-18,135.7654571533203,0.1387696180416287,0.17786563437947683,0,-0.032806201724636885,0,
SPY,2013-07-19,136.0066375732422,0.09549969506003138,0.17752898919792584,0,-0.0345213254169513,0,
SPY,2013-07-22,136.2719268798828,0.0956095554403936,0.1774810596991713,0,-0.03640088472179781,0,
SPY,2013-07-23,135.98252868652344,0.07803819209347872,0.17745677338280041,0,-0.034350151838847376,0,
SPY,2013-07-24,135.4840087890625,0.07899151415038265,0.17742733655832893,0,-0.03079699698617422,0,
SPY,2013-07-25,135.81365966796875,0.07478733345089997,0.17701228576364342,0,-0.03314947480440833,0,
SPY,2013-07-26,135.95838928222656,0.07401313831966327,0.17627106839158807,0,-0.034178700763139336,0,
SPY,2013-07-29,135.5403594970703,0.07289131851134888,0.175373533200529,0,-0.03119994172990803,0,
SPY,2013-07-30,135.5403594970703,0.07226841715896085,0.17480542513104713,0,-0.03119994172990803,0,
SPY,2013-07-31,135.6368408203125,0.0715595426671754,0.1747555766888464,0,-0.031889069484680954,0,
SPY,2013-08-01,137.20455932617188,0.07824232696788119,0.17451921028008882,0,-0.042950840528933054,0,
SPY,2013-08-02,137.43763732910156,0.07249914171397316,0.17384442587565124,0,-0.044573882885670435,0,
SPY,2013-08-05,137.2366485595703,0.07260815665540621,0.17332488810472646,0,-0.04317462167030006,0,
SPY,2013-08-06,136.4568328857422,0.07482894571865954,0.17314506953895953,0,-0.03770661093489924,0,
SPY,2013-08-07,136.01466369628906,0.07655207489125326,0.17184180793084924,0,-0.034578297587677276,0,
SPY,2013-08-08,136.5131072998047,0.06211334960559554,0.1703634016700583,0,-0.03810329443069671,0,
SPY,2013-08-09,136.1192169189453,0.06340847319038652,0.1700278249502532,0,-0.03531983836710739,0,
SPY,2013-08-12,135.95838928222656,0.06245468097838784,0.16972355689277593,0,-0.034178700763139336,0,
SPY,2013-08-13,136.3603515625,0.06122787480361327,0.1694191718586921,0,-0.03702574337728193,0,
SPY,2013-08-14,135.6609649658203,0.06402909747106877,0.16930143663118574,0,-0.032061225483728584,0,
SPY,2013-08-15,133.76358032226562,0.07876164356587204,0.169138900087032,0,-0.018331388391721548,0,
SPY,2013-08-16,133.32138061523438,0.0786745047980949,0.16890404962185482,0,-0.015075394713500057,0,
SPY,2013-08-19,132.46920776367188,0.0801073246625297,0.16873002596131031,0,-0.008739386341211408,0,
SPY,2013-08-20,133.12042236328125,0.0831102237592693,0.1685821021040935,0,-0.01358855502752121,0,
SPY,2013-08-21,132.30043029785156,0.08461611623746322,0.1679388087832266,0,-0.007474821638253415,0,
SPY,2013-08-22,133.50631713867188,0.0913987503496173,0.16735150106305127,0,-0.016439738635597334,0,
SPY,2013-08-23,133.95648193359375,0.09239999053172343,0.1670488356369731,0,-0.01974502253794641,0,
SPY,2013-08-26,133.45809936523438,0.09264573344839472,0.1668259697056272,0,-0.016084383014093984,0,
SPY,2013-08-27,131.31150817871094,0.1075323219713093,0.16680089516522464,0,0.0019591823074913695,0,
SPY,2013-08-28,131.77774047851562,0.10879735095944455,0.16680089516522464,0,-0.001585769458879227,0,
SPY,2013-08-29,131.9867706298828,0.09835770055324125,0.16680089516522464,0,-0.003166978520523722,0,
SPY,2013-08-30,131.5687713623047,0.09748516549980489,0.16680089516522464,0,0.004522011098648804,0,
SPY,2013-09-03,132.16372680664062,0.10033504838638602,0.16680089516522464,0,0.008272718225356801,0,
SPY,2013-09-04,133.257080078125,0.10537605544038797,0.16680089516522464,0,0.0012671278679274867,0,
SPY,2013-09-05,133.42593383789062,0.10542372529966579,0.16680089516522464,0,0.00048157624903910623,0,
SPY,2013-09-06,133.4901885986328,0.10417350838068723,0.16680089516522464,0,0.0014857551878266761,0,
SPY,2013-09-09,134.76852416992188,0.11051110176270067,0.16680089516522464,0,-0.008013754233095027,0,
SPY,2013-09-10,135.7654571533203,0.1139263882428531,0.1670488356369731,0,-0.015297962073722804,0,
SPY,2013-09-11,136.1915283203125,0.1139919684694194,0.16735150106305127,0,-0.01837857326601422,0,
SPY,2013-09-12,135.82974243164062,0.11285966356870172,0.1679388087832266,0,-0.01576400024354796,0,
SPY,2013-09-13,136.13526916503906,0.09984598556156205,0.1679388087832266,0,-0.017972909159974182,0,
SPY,2013-09-16,136.92315673828125,0.09999542771905673,0.1679388087832266,0,-0.02362372060700324,0,
SPY,2013-09-17,137.5342559814453,0.09619919036458247,0.1679388087832266,0,-0.027962005648228816,0,
SPY,2013-09-18,139.1260223388672,0.10165637272360775,0.1679388087832266,0,-0.039083270754021626,0,
SPY,2013-09-19,138.892822265625,0.09791891271470106,0.1679388087832266,0,-0.03746989831342662,0,
SPY,2013-09-20,137.9218292236328,0.10007477286682394,0.1679388087832266,0,-0.030693523342860685,0,
SPY,2013-09-23,137.28355407714844,0.10223993286640674,0.1679388087832266,0,-0.026186907546558502,0,
SPY,2013-09-24,136.96041870117188,0.10147182867022046,0.1679388087832266,0,-0.023889357183139892,0,
SPY,2013-09-25,136.56455993652344,0.07965567597582593,0.1679388087832266,0,-0.021059911876061155,0,
SPY,2013-09-26,137.0897216796875,0.07973991584562594,0.1679388087832266,0,-0.02481002440698854,0,
SPY,2013-09-27,136.4595489501953,0.08310130363325334,0.1679388087832266,0,-0.020306579001953762,0,
SPY,2013-09-30,135.73245239257812,0.08511028932156846,0.16784990725713536,0,-0.01505852150817466,0,
SPY,2013-10-01,136.80690002441406,0.08747233158631663,0.1670488356369731,0,-0.022794008818198375,0,
SPY,2013-10-02,136.67764282226562,0.08442550969511818,0.16680089516522464,0,-0.021869856852049008,0,
SPY,2013-10-03,135.41729736328125,0.0923316377649968,0.16676469983141715,0,-0.012766279183495377,0,
SPY,2013-10-04,136.44334411621094,0.09542424958947472,0.1667102582211182,0,-0.020190224705995408,0,
SPY,2013-10-07,135.26388549804688,0.09596534405256796,0.16646360957881473,0,-0.011646591057022593,0,
SPY,2013-10-08,133.6885223388672,0.10079911251179,0.16646360957881473,0,0.0007252256514389543,0,
SPY,2013-10-09,133.7854766845703,0.09992058310627441,0.16646360957881473,0,0.021557603334487085,0,
SPY,2013-10-10,136.66957092285156,0.12692229491381435,0.1667102582211182,0,0.0031330466305010685,0,
SPY,2013-10-11,137.55018615722656,0.12862244628156647,0.16676469983141715,0,-0.003289149279565362,0,
SPY,2013-10-14,138.0995330810547,0.1278088863976863,0.16680089516522464,0,-0.007253971082894828,0,
SPY,2013-10-15,137.09776306152344,0.12968011779981733,0.1670488356369731,0,0.013966082196909646,0,
SPY,2013-10-16,139.01248168945312,0.13273389126350033,0.16784990725713536,0,0.006683298351035205,0,
SPY,2013-10-17,139.94154357910156,0.13465645513940255,0.168756125764638,0,0.006754289429016458,0,
SPY,2013-10-18,140.88674926757812,0.13348451603259018,0.16918226595250893,0,5.686031013896198e-05,0,
SPY,2013-10-21,140.89476013183594,0.131854884208338,0.16934480249666267,0,0.0009753425476453081,0,
SPY,2013-10-22,141.71083068847656,0.13202480309435524,0.1694191718586921,0,-0.004788976954313573,0,
SPY,2013-10-23,141.0321807861328,0.13307463081964804,0.16972355689277593,0,0.0020621713279203036,0,
SPY,2013-10-24,141.50074768066406,0.13297167573748395,0.17034445642824553,0,-0.001256066684545809,0,
SPY,2013-10-25,142.14700317382812,0.1312809666442439,0.17034445642824553,0,-0.005796744565598977,0,
SPY,2013-10-28,142.3732147216797,0.12838352062661088,0.17034445642824553,0,-0.007376397435912563,0,
SPY,2013-10-29,143.13259887695312,0.1272447810842397,0.17078480775616517,0,-0.01264272140300271,0,
SPY,2013-10-30,142.42166137695312,0.12938039329884166,0.1709387675342044,0,-0.00771405178585316,0,
SPY,2013-10-31,142.01779174804688,0.123813640708308,0.17199576770888847,0,-0.004892192969845777,0,
SPY,2013-11-01,142.35704040527344,0.1223020812523876,0.17199576770888847,0,-0.007263617567951797,0,
SPY,2013-11-04,142.85791015625,0.11548539292341618,0.17199576770888847,0,-0.010744220245887393,0,
SPY,2013-11-05,142.40553283691406,0.10479847089179734,0.1709387675342044,0,-0.0076016676436984065,0,
SPY,2013-11-06,143.13259887695312,0.10459999859187835,0.17078480775616517,0,-0.01264272140300271,0,
SPY,2013-11-07,141.32301330566406,0.09662227503541755,0.17034445642824553,0,0.011604184740564571,0,
SPY,2013-11-08,143.22955322265625,0.10405904571805388,0.1696491875307465,0,-0.0018613586128105597,0,
SPY,2013-11-11,143.25384521484375,0.10398599467681081,0.16918226595250893,0,-0.0020306160316411193,0,
SPY,2013-11-12,142.96295166015625,0.09945640171981135,0.168756125764638,0,0.006499046879035797,0,
SPY,2013-11-13,144.11021423339844,0.0921476402477824,0.16784990725713536,0,-0.0015137001190228538,0,
SPY,2013-11-14,144.8292236328125,0.0911580626600055,0.1670488356369731,0,-0.006470717886519428,0,
SPY,2013-11-15,145.45938110351562,0.08979878691913515,0.16680089516522464,0,-0.010774874103440024,0,
SPY,2013-11-18,144.95037841796875,0.09148360457795836,0.16676469983141715,0,-0.007301145706264833,0,
SPY,2013-11-19,144.6352996826172,0.09081309238593266,0.1667102582211182,0,-0.005138614842207678,0,
SPY,2013-11-20,144.18289184570312,0.089579688345578,0.16621224400845816,0,-0.0020170025515469092,0,
SPY,2013-11-21,145.3462371826172,0.09263946777555372,0.1650635453888891,0,-0.010004817639889807,0,
SPY,2013-11-22,146.07333374023438,0.09285149697358636,0.16381646139474199,0,-0.014932630750746245,0,
SPY,2013-11-25,145.92791748046875,0.09322040713885929,0.1632342555474618,0,-0.013951017260150356,0,
SPY,2013-11-26,145.96827697753906,0.09199902888039464,0.1622472546980654,0,-0.014223654862334234,0,
SPY,2013-11-27,146.32382202148438,0.0893542274398237,0.1603100304155972,0,-0.01661894422198995,0,
SPY,2013-11-29,146.22682189941406,0.08832824292451424,0.15930329237266633,0,-0.015966614634209453,0,
SPY,2013-12-02,145.84713745117188,0.08940180249653427,0.15871029741030043,0,-0.0134048765054815,0,
SPY,2013-12-03,145.21697998046875,0.09104332865630026,0.1580998355550403,0,-0.009123625871340968,0,
SPY,2013-12-04,145.20079040527344,0.08990521361101189,0.157630894749139,0,-0.009013145291149716,0,
SPY,2013-12-05,144.56256103515625,0.09045109130934559,0.15704885211275676,0,-0.004638036607778839,0,
SPY,2013-12-06,146.1783447265625,0.08355690108379374,0.15658013022942419,0,-0.01564027931687284,0,
SPY,2013-12-09,146.54995727539062,0.07137183476751251,0.15617441557405584,0,-0.018136359367441512,0,
SPY,2013-12-10,146.02490234375,0.07327552139077657,0.15603378029614853,0,-0.014605918062990941,0,
SPY,2013-12-11,144.3848419189453,0.08476451102413375,0.15466944565741317,0,-0.0034128744225173646,0,
SPY,2013-12-12,143.9082489013672,0.08090940084055995,0.15292222919251086,0,-0.00011239325424172719,0,
SPY,2013-12-13,143.89207458496094,0.07868502997124367,0.15292222919251086,0,0.001138586809847686,0,
SPY,2013-12-16,144.78878784179688,0.08041773874487416,0.15292222919251086,0,-0.005061715410399459,0,
SPY,2013-12-17,144.32830810546875,0.0802527844489081,0.15234615104537114,0,-0.0018873629568545436,0,
SPY,2013-12-18,146.7923583984375,0.1002271994324461,0.15234615104537114,0,-0.03623787237333509,0,
SPY,2013-12-19,146.62266540527344,0.09945689432570641,0.15234615104537114,0,-0.03512246719581291,0,
SPY,2013-12-20,147.47560119628906,0.09761051198517763,0.15234615104537114,0,-0.040702906095534175,0,
SPY,2013-12-23,148.26351928710938,0.0978137252731441,0.15234615104537114,0,-0.04580090686061111,0,
SPY,2013-12-24,148.58839416503906,0.09771549996839309,0.15234615104537114,0,-0.04788717554697941,0,
SPY,2013-12-26,149.34381103515625,0.09878381527830485,0.15234615104537114,0,-0.05270319092024067,1,25.0
SPY,2013-12-27,149.33567810058594,0.09874765290029565,0.15234615104537114,0,-0.052651600415781874,1,24.0
SPY,2013-12-30,149.31129455566406,0.09865063247091298,0.15234615104537114,0,-0.05249689201058938,1,23.0
SPY,2013-12-31,150.01795959472656,0.09848720667475118,0.15205755098427493,0,-0.056960139761912054,1,22.0
SPY,2014-01-02,148.5802764892578,0.1042137542820426,0.15205755098427493,0,-0.04783515691167528,0,
SPY,2014-01-03,148.55589294433594,0.10422233668021189,0.15205755098427493,0,-0.04767887126211734,0,
SPY,2014-01-06,148.12535095214844,0.10329381926422951,0.15205755098427493,0,-0.044910849223124716,0,
SPY,2014-01-07,149.0351104736328,0.09835117175668952,0.15155301386545206,0,-0.05074102874273134,1,18.0
SPY,2014-01-08,149.06765747070312,0.09820430659419557,0.1510984916040951,0,-0.050948287174779616,1,17.0
SPY,2014-01-09,149.1650848388672,0.09680444483464387,0.15075044351004213,0,-0.05156816152896937,1,16.0
SPY,2014-01-10,149.57125854492188,0.08515520801312726,0.15042168586412408,0,-0.05414371032437071,1,15.0
SPY,2014-01-13,147.58120727539062,0.09945169987458792,0.15022647922445254,0,-0.04138935938217614,0,
SPY,2014-01-14,149.18951416015625,0.10489535252238212,0.15022647922445254,0,-0.05172346430767483,1,13.0
SPY,2014-01-15,149.99359130859375,0.10447024038598018,0.15022647922445254,0,-0.05680693144848714,1,12.0
SPY,2014-01-16,149.7987060546875,0.10349495041695005,0.15022647922445254,0,-0.0555798552908322,1,11.0
SPY,2014-01-17,149.1650848388672,0.08885915208162698,0.15011162426586422,0,-0.05156816152896937,1,10.0
SPY,2014-01-21,149.603759765625,0.08885052410899656,0.15005211540503882,0,-0.05434919636344049,1,9.0
SPY,2014-01-22,149.70123291015625,0.08702694804393789,0.14993700811899835,0,-0.0549649264791322,1,8.0
SPY,2014-01-23,148.4746551513672,0.09078717864907883,0.14982492650087734,0,-0.04715780949155923,0,
SPY,2014-01-24,145.3068084716797,0.11839950271394799,0.14982492650087734,0,-0.026384811989128898,0,
SPY,2014-01-27,144.59202575683594,0.11677875488268286,0.14982492650087734,0,-0.02157179893632144,0,
SPY,2014-01-28,145.45303344726562,0.11974096571060291,0.14982492650087734,0,-0.027363594306161865,0,
SPY,2014-01-29,144.055908203125,0.12321471697618518,0.14982492650087734,0,-0.01793048675288489,0,
SPY,2014-01-30,145.58297729492188,0.12889987645984127,0.14982492650087734,0,-0.028231746059030338,0,
SPY,2014-01-31,144.73007202148438,0.12642492033862754,0.14993700811899835,0,-0.022505042155902544,0,
SPY,2014-02-03,141.47291564941406,0.1474081948167768,0.1500526504394105,0,0.00574163876685807,0,
SPY,2014-02-04,142.4639129638672,0.1511267598014622,0.15022647922445254,1,-0.001254429516795108,0,
SPY,2014-02-05,142.2852020263672,0.14814006331991028,0.15042168586412408,0,0.013187088241971345,0,
SPY,2014-02-06,144.16152954101562,0.15780720345889385,0.15075044351004213,1,0.012395729362590258,0,
SPY,2014-02-07,145.94851684570312,0.1653419946075977,0.1510984916040951,1,0.0018366143983794547,0,
SPY,2014-02-10,146.21656799316406,0.16510139136409463,0.15155301386545206,1,0.010943757697014611,0,
SPY,2014-02-11,147.8167266845703,0.16367578255735143,0.15205755098427493,1,0.0004945641811866519,0,
SPY,2014-02-12,147.88983154296875,0.1587002302186913,0.15234615104537114,1,0.005162757162838094,0,
SPY,2014-02-13,148.65335083007812,0.1585925799915428,0.15292222919251086,1,5.49160318477071e-05,0,
SPY,2014-02-14,149.4737548828125,0.15994135981587074,0.1541503140979772,1,-0.0054340014487676,0,
SPY,2014-02-18,149.6524658203125,0.15924177290905697,0.15509157726088466,1,-0.00662168533377705,0,
SPY,2014-02-19,148.66151428222656,0.16065358227316107,0.15561070882032063,1,0.004753517024728593,0,
SPY,2014-02-20,149.5387725830078,0.1621381549904379,0.15603378029614853,1,-0.001140796187985682,0,
SPY,2014-02-21,149.36817932128906,0.15932738928766554,0.15617441557405584,1,0.004187049679165167,0,
SPY,2014-02-24,150.1967010498047,0.1375476143497878,0.15629044699704736,0,-0.0013522916268552398,0,
SPY,2014-02-25,150.13978576660156,0.1355918309047762,0.15629044699704736,0,-0.0009737223032613151,0,
SPY,2014-02-26,150.1479034423828,0.13486473733417004,0.15629044699704736,0,-0.0010277341890976288,0,
SPY,2014-02-27,150.93585205078125,0.12861630630809365,0.15629044699704736,0,-0.00996448346962897,0,
SPY,2014-02-28,151.31764221191406,0.12492226407786597,0.15629044699704736,0,-0.02135890648884775,0,
SPY,2014-03-03,150.25352478027344,0.1259675881022258,0.15629044699704736,0,-0.014428027173717162,0,
SPY,2014-03-04,152.3654327392578,0.09413641247923772,0.15617441557405584,0,-0.02808885073548728,0,
SPY,2014-03-05,152.5034637451172,0.09380530120097612,0.15603378029614853,0,-0.028968528286701045,0,
SPY,2014-03-06,152.85281372070312,0.09230175850811988,0.15561070882032063,0,-0.031187851651961918,0,
SPY,2014-03-07,152.91781616210938,0.08569424511851562,0.15509157726088466,0,-0.03159967518232076,0,
SPY,2014-03-10,152.83657836914062,0.07892916425198097,0.1541503140979772,0,-0.031084937768425025,0,
SPY,2014-03-11,152.08111572265625,0.08303946327700237,0.15292222919251086,0,-0.026271854081776347,0,
SPY,2014-03-12,152.1217498779297,0.07618561942273057,0.15234615104537114,0,-0.026531952461574915,0,
SPY,2014-03-13,150.41600036621094,0.08856530619584568,0.15170320588650782,0,-0.015492617266384512,0,
SPY,2014-03-14,149.99359130859375,0.0879421468499712,0.1510984916040951,0,-0.012720066571854649,0,
SPY,2014-03-17,151.3501434326172,0.09141888944596309,0.15075044351004213,0,-0.021569061758264563,0,
SPY,2014-03-18,152.43040466308594,0.09427743807092405,0.15042168586412408,0,-0.028503118068158195,0,
SPY,2014-03-19,151.61813354492188,0.09299786891655441,0.15022647922445254,0,-0.023298471103249563,0,
SPY,2014-03-20,152.5034637451172,0.09295516392502806,0.1500526504394105,0,-0.028968528286701045,0,
SPY,2014-03-21,151.9120635986328,0.09428717126935413,0.14993700811899835,0,-0.025188261328248918,0,
SPY,2014-03-24,151.28384399414062,0.09416286572590038,0.14982492650087734,0,-0.021140268966642672,0,
SPY,2014-03-25,152.0017852783203,0.09537179599715491,0.14982492650087734,0,-0.025763660797489263,0,
SPY,2014-03-26,150.90855407714844,0.0993508826623933,0.14982492650087734,0,-0.018705972319557396,0,
SPY,2014-03-27,150.5903778076172,0.09787634803844146,0.14982492650087734,0,-0.01663263617692856,0,
SPY,2014-03-28,151.332763671875,0.09909270387969647,0.14982492650087734,0,-0.02145669418367724,0,
SPY,2014-03-31,152.5728759765625,0.09943138844705825,0.14982492650087734,0,-0.029410293972926937,0,
SPY,2014-04-01,153.5845489501953,0.08941740135394641,0.14982492650087734,0,-0.035803641355756644,0,
SPY,2014-04-02,154.09852600097656,0.0900164627214676,0.14982492650087734,0,-0.03901960203786492,0,
SPY,2014-04-03,153.89453125,0.08998887629889794,0.14982492650087734,0,-0.03774577537629764,0,
SPY,2014-04-04,152.0752410888672,0.09990821307695115,0.14987159713741918,0,-0.02623423917335066,0,
SPY,2014-04-07,150.39454650878906,0.10707082240212487,0.14993700811899835,0,-0.015352176794902972,0,
SPY,2014-04-08,151.01461791992188,0.10724847355213073,0.1500526504394105,0,-0.019395175900641104,0,
SPY,2014-04-09,152.63815307617188,0.11420665782764026,0.15022647922445254,0,-0.029825375521303266,0,
SPY,2014-04-10,149.43185424804688,0.13158028794480311,0.15042168586412408,0,-0.009008731190709884,0,
SPY,2014-04-11,148.08566284179688,0.13496130551831756,0.15075044351004213,0,0.007878563313412856,0,
SPY,2014-04-14,149.2523651123047,0.13392438862001876,0.15075044351004213,0,0.006887253290760009,0,
SPY,2014-04-15,150.28030395507812,0.13373495316017942,0.15075044351004213,0,0.010478059696794606,0,
SPY,2014-04-16,151.85494995117188,0.13812914096472484,0.15075044351004213,0,0.0008593276946484707,0,
SPY,2014-04-17,152.06698608398438,0.13657251088506997,0.15075044351004213,0,-0.0005362305839675674,0,
SPY,2014-04-21,152.59732055664062,0.13639863071121186,0.15075044351004213,0,-0.004009752197314254,0,
SPY,2014-04-22,153.29083251953125,0.13619021965373052,0.15075044351004213,0,-0.00851576955282407,0,
SPY,2014-04-23,152.93182373046875,0.13569786925318175,0.15075044351004213,0,-0.006188251680711687,0,
SPY,2014-04-24,153.241943359375,0.1328376426477259,0.15075044351004213,0,-0.008199453860970318,0,
SPY,2014-04-25,151.98544311523438,0.13632886494850407,0.15075044351004213,0,0.002630184494420762,0,
SPY,2014-04-28,152.46678161621094,0.13570865958440342,0.15075044351004213,0,-0.0005351247284970384,0,
SPY,2014-04-29,153.17652893066406,0.13358945677172546,0.15075044351004213,0,-0.005166170464200204,0,
SPY,2014-04-30,153.63345336914062,0.13188929881041112,0.15075044351004213,0,-0.008124926379462605,0,
SPY,2014-05-01,153.6497802734375,0.131306210804825,0.15075044351004213,0,-0.008230323532472772,0,
SPY,2014-05-02,153.4295196533203,0.13131987351912577,0.15075044351004213,0,-0.006806557073151587,0,
SPY,2014-05-05,153.7232208251953,0.1238819864016511,0.15075044351004213,0,-0.00870413686962157,0,
SPY,2014-05-06,152.38519287109375,0.1211805471558671,0.15075044351004213,0,0.0033195096366012145,0,
SPY,2014-05-07,153.28265380859375,0.12200341023122939,0.15075044351004213,0,-0.002554867178761633,0,
SPY,2014-05-08,153.1195068359375,0.11629281648475545,0.15075044351004213,0,-0.0014921015183102515,0,
SPY,2014-05-09,153.34791564941406,0.0844902595649053,0.15042168586412408,0,-0.0029793601052517937,0,
SPY,2014-05-12,154.84095764160156,0.08013605546760684,0.15022647922445254,0,-0.012593054731747433,0,
SPY,2014-05-13,154.9796600341797,0.07742650817474202,0.1500526504394105,0,-0.013476755894382353,0,
SPY,2014-05-14,154.245361328125,0.07848408560714606,0.14993700811899835,0,-0.00878032460204281,0,
SPY,2014-05-15,152.8910369873047,0.07854528742000624,0.14993700811899835,0,0.0008005096275229828,0,
SPY,2014-05-16,153.4213409423828,0.07925322794292038,0.14993700811899835,0,-0.002658777491463926,0,
SPY,2014-05-19,153.9843292236328,0.0793480171643287,0.14993700811899835,0,-0.0063051967310762125,0,
SPY,2014-05-20,153.013427734375,0.08127822322936164,0.14993700811899835,0,0.008424206572710036,0,
SPY,2014-05-21,154.3024444580078,0.08611616642915482,0.14993700811899835,0,0.00243246757805915,0,
SPY,2014-05-22,154.6777801513672,0.08622624656668613,0.14993700811899835,0,0.004008695701069431,0,
SPY,2014-05-23,155.29783630371094,0.08060772521001751,0.14993700811899835,0,0.005411001160489759,0,
SPY,2014-05-27,156.25233459472656,0.08229421917359916,0.14993700811899835,0,-0.0007307508003053798,0,
SPY,2014-05-28,156.13815307617188,0.08154162587801421,0.14993700811899835,0,0.005173234356233625,0,
SPY,2014-05-29,156.94589233398438,0.0826192160060614,0.14993700811899835,0,0.0016110864056040342,0,
SPY,2014-05-30,157.19874572753906,0.08255978576689244,0.14993700811899835,0,0.0006229751245780957,0,
SPY,2014-06-02,157.37826538085938,0.08199808461394893,0.14987159713741918,0,-0.0005184244782451275,0,
SPY,2014-06-03,157.2966766357422,0.08219949270791076,0.14987159713741918,0,0.002022681073414967,0,
SPY,2014-06-04,157.61483764648438,0.07343290484356126,0.14987159713741918,0,0.0018119074343387886,0,
SPY,2014-06-05,158.64283752441406,0.07394045675840218,0.14981564897888489,0,-0.004679797672691555,0,
SPY,2014-06-06,159.4015655517578,0.07392858196331996,0.14947715991545135,0,-0.009417375569578446,0,
SPY,2014-06-09,159.56472778320312,0.07399078128881396,0.14918497203413833,0,-0.01043029160483544,0,
SPY,2014-06-10,159.58103942871094,0.06836651665711697,0.14918107619579946,0,-0.010531440903940203,0,
SPY,2014-06-11,159.02626037597656,0.07061570764384839,0.14916231624123463,0,-0.007079580634900662,0,
SPY,2014-06-12,157.90042114257812,0.07371401086778998,0.14908670333208865,0,0.0030480775233321378,0,
SPY,2014-06-13,158.3817138671875,0.06374359888224548,0.14883268990656734,0,0.0008243973045860553,0,
SPY,2014-06-16,158.5122833251953,0.0634987668392036,0.14840738936850098,0,0.0027792909708372893,0,
SPY,2014-06-17,158.9528350830078,0.06319980566962033,0.1481486011339504,0,0.004121287498201287,0,
SPY,2014-06-18,160.11953735351562,0.058950314103242744,0.14804871402840647,0,-0.011437835311714939,0,
SPY,2014-06-19,160.29904174804688,0.05441502106126487,0.1478533793592481,0,-0.015561868524613831,0,
SPY,2014-06-20,160.62448120117188,0.0543824789547597,0.1476336804209943,0,-0.017556427540443398,0,
SPY,2014-06-23,160.5752716064453,0.05431041563075459,0.14753165423244807,0,-0.019757093222467437,0,
SPY,2014-06-24,159.60792541503906,0.05811277465322992,0.14741660876316381,0,-0.013816070932637592,0,
SPY,2014-06-25,160.32931518554688,0.05893919410160867,0.14709241448167248,0,-0.023263923454666324,0,
SPY,2014-06-26,160.214599609375,0.05754154208371603,0.14684644556485688,0,-0.022564568701342047,0,
SPY,2014-06-27,160.52603149414062,0.05759793503689423,0.14676755498368915,0,-0.024460862752672563,0,
SPY,2014-06-30,160.44410705566406,0.05785999574801073,0.1466469189311529,0,-0.02396274227010997,0,
SPY,2014-07-01,161.5179901123047,0.06096051435364427,0.14649450896517804,0,-0.030452111491441447,0,
SPY,2014-07-02,161.68194580078125,0.060912642861416025,0.14632175811373688,0,-0.031435294188706164,0,
SPY,2014-07-03,162.4770965576172,0.05933998115860175,0.14571720775083657,0,-0.036175377407742015,0,
SPY,2014-07-07,161.9114990234375,0.05997450726444221,0.14507003990254608,0,-0.03280849591255597,0,
SPY,2014-07-08,160.870361328125,0.06521386901557816,0.14461609905,0,-0.02654892438441403,0,
SPY,2014-07-09,161.59176635742188,0.06677054022562776,0.14412340081286282,0,-0.030894767725034744,0,
SPY,2014-07-10,160.95233154296875,0.06718492783643823,0.14368117461972116,0,-0.027044686036594823,0,
SPY,2014-07-11,161.17372131347656,0.060714979662462656,0.14333193787531873,0,-0.028381146794076217,0,
SPY,2014-07-14,161.9853057861328,0.06198070165884853,0.14319295848712957,0,-0.03324918572375002,0,
SPY,2014-07-15,161.68194580078125,0.06288798246540359,0.14309703418997222,0,-0.031435294188706164,0,
SPY,2014-07-16,162.28036499023438,0.0633171526662341,0.1422442254498818,0,-0.03500693827651291,0,
SPY,2014-07-17,160.43592834472656,0.0729027082968252,0.14142345700520864,0,-0.023912985793006825,0,
SPY,2014-07-18,162.075439453125,0.08118646399062626,0.1413302278476183,0,-0.03378681681858098,0,
SPY,2014-07-21,161.7720947265625,0.08142584273147105,0.14122445865385358,0,-0.0319750354087609,0,
SPY,2014-07-22,162.4770965576172,0.08259177367746151,0.14095628526016038,0,-0.036175377407742015,0,
SPY,2014-07-23,162.8378143310547,0.07891851203449493,0.14095628526016038,0,-0.038310438439320915,0,
SPY,2014-07-24,162.8460235595703,0.07787004477480065,0.14095628526016038,0,-0.038358918157765154,0,
SPY,2014-07-25,162.0836181640625,0.08012924235609988,0.14095628526016038,0,-0.03383557176629726,0,
SPY,2014-07-28,162.14918518066406,0.0799683111343317,0.14095628526016038,0,-0.03422625223154441,0,
SPY,2014-07-29,161.45237731933594,0.08172245478732743,0.14095628526016038,0,-0.030058095956097652,0,
SPY,2014-07-30,161.4770050048828,0.07819610042051432,0.14095628526016038,0,-0.03020602676649886,0,
SPY,2014-07-31,158.28811645507812,0.10525752726052927,0.14122445865385358,0,-0.010668458399567315,0,
SPY,2014-08-01,157.8044891357422,0.10304320231701704,0.1413302278476183,0,-0.007636429564271463,0,
SPY,2014-08-04,158.94395446777344,0.10714910942183471,0.14142345700520864,0,-0.014750659791326282,0,
SPY,2014-08-05,157.40277099609375,0.11000091272468603,0.1422442254498818,0,-0.005103752122524119,0,
SPY,2014-08-06,157.45204162597656,0.10818603320151413,0.14309703418997222,0,-0.0054150797134194795,0,
SPY,2014-08-07,156.59942626953125,0.10878832165716584,0.143542195231532,0,0.011568757368774829,0,
SPY,2014-08-08,158.4110870361328,0.11774919374173144,0.14412340081286282,0,0.0015009205202767273,0,
SPY,2014-08-11,158.8701629638672,0.11657401124716386,0.14461609905,0,-0.0013930461984409392,0,
SPY,2014-08-12,158.6488494873047,0.1165370841238099,0.14507003990254608,0,0.006768449731375137,0,
SPY,2014-08-13,159.72265625,0.11863330131126691,0.14571720775083657,0,0.004516897117806673,0,
SPY,2014-08-14,160.4768829345703,0.1131482546161485,0.14632175811373688,0,-0.00020424050060596777,0,
SPY,2014-08-15,160.44410705566406,0.10660303927248056,0.14649450896517804,0,0.007856876907121446,0,
SPY,2014-08-18,161.78854370117188,0.11094618320240605,0.1466469189311529,0,-0.0005182508228351868,0,
SPY,2014-08-19,162.63284301757812,0.11143147148036096,0.14676755498368915,0,-0.015784309439042188,0,
SPY,2014-08-20,163.06735229492188,0.11155921704997081,0.14684644556485688,0,-0.018406850630994454,0,
SPY,2014-08-21,163.5427703857422,0.11201366695679851,0.14709241448167248,0,-0.021260337458535616,0,
SPY,2014-08-22,163.2886962890625,0.11073727288572954,0.14741660876316381,0,-0.019737437213165343,0,
SPY,2014-08-25,164.11660766601562,0.11198098742711801,0.14753165423244807,0,-0.030152723069568066,0,
SPY,2014-08-26,164.2231903076172,0.11047074073233192,0.1476336804209943,0,-0.030782164529886136,0,
SPY,2014-08-27,164.15757751464844,0.11053439747897308,0.1476336804209943,0,-0.033003753126327195,0,
SPY,2014-08-28,164.0674591064453,0.07919732757869721,0.14753165423244807,0,-0.04351635576491597,0,
SPY,2014-08-29,164.53472900390625,0.07714512978893269,0.14741660876316381,0,-0.06190032633005371,1,30.0
SPY,2014-09-02,164.4527130126953,0.07519980781698961,0.14741660876316381,0,-0.061432476495403954,1,29.0
SPY,2014-09-03,164.36256408691406,0.06267525614736477,0.14709241448167248,0,-0.06582817048246492,1,28.0
SPY,2014-09-04,164.12489318847656,0.0636679485057177,0.14684644556485688,0,-0.06527800206933954,1,27.0
SPY,2014-09-05,164.8625946044922,0.05760502719644202,0.14676755498368915,0,-0.06946055022775366,1,26.0
SPY,2014-09-08,164.4363250732422,0.04981793375414005,0.1466469189311529,0,-0.06704830576238163,1,25.0
SPY,2014-09-09,163.39523315429688,0.05750529526706831,0.14649450896517804,0,-0.06110389446661324,1,24.0
SPY,2014-09-10,164.01007080078125,0.05708557412208309,0.14581121761486615,0,-0.0646236092560829,1,23.0
SPY,2014-09-11,164.19862365722656,0.05383934759972253,0.14507003990254608,0,-0.06569772234179583,1,22.0
SPY,2014-09-12,163.239501953125,0.058076420393567904,0.14461609905,0,-0.06020818346197965,1,21.0
SPY,2014-09-15,163.11654663085938,0.05824157884196816,0.14412340081286282,0,-0.05949977951368779,1,20.0
SPY,2014-09-16,164.34617614746094,0.056872019008306234,0.143542195231532,0,-0.06653655310093942,1,19.0
SPY,2014-09-17,164.56752014160156,0.054493443574756904,0.14309703418997222,0,-0.06779206529157777,1,18.0
SPY,2014-09-18,165.44468688964844,0.05660164585145811,0.1422442254498818,0,-0.07273451353796412,1,16.0
SPY,2014-09-19,165.29559326171875,0.05626429226586021,0.14142345700520864,0,-0.07189813688264879,1,15.0
SPY,2014-09-22,164.0189971923828,0.06319039758850604,0.1413302278476183,0,-0.06467451516394462,1,15.0
SPY,2014-09-23,163.080078125,0.06385529855257732,0.14122445865385358,0,-0.05928946174712868,1,14.0
SPY,2014-09-24,164.3567352294922,0.07003279708347293,0.14095628526016038,0,-0.06659652336680788,1,13.0
SPY,2014-09-25,161.70469665527344,0.09089798018241681,0.14095628526016038,0,-0.051288235626605116,1,14.0
SPY,2014-09-26,162.98951721191406,0.09597208262486932,0.14122445865385358,0,-0.058766780247416106,1,11.0
SPY,2014-09-29,162.69302368164062,0.09535261341382954,0.1413302278476183,0,-0.057051466622898506,1,10.0
SPY,2014-09-30,162.2647705078125,0.0956348737614671,0.14142345700520864,0,-0.054562813658292963,1,11.0
SPY,2014-10-01,160.0657958984375,0.1061360963388505,0.14222983851238774,0,-0.041574452491841773,0,
SPY,2014-10-02,160.0904541015625,0.10626366038387403,0.14304330705823834,0,-0.0417220756088057,0,
SPY,2014-10-03,161.85296630859375,0.11314142876009725,0.14309703418997222,0,-0.05215732791210792,1,8.0
SPY,2014-10-06,161.66354370117188,0.11297604758088918,0.1432550023189665,0,-0.05104673224989431,1,7.0
SPY,2014-10-07,159.1680450439453,0.12318511245751919,0.1432550023189665,0,-0.036168672996309104,0,
SPY,2014-10-08,161.95175170898438,0.1390117904541554,0.1432550023189665,0,-0.05273548169483322,1,5.0
SPY,2014-10-09,158.73976135253906,0.15484466587320947,0.1432550023189665,1,-0.033568232910567875,0,
SPY,2014-10-10,156.92784118652344,0.15810310456559143,0.1432550023189665,1,-0.022409618896461203,0,
SPY,2014-10-13,154.3499755859375,0.16623832803458957,0.1432550023189665,1,-0.006082459754752079,0,
SPY,2014-10-14,154.5888671875,0.1626601315896945,0.1432550023189665,1,-0.007618395409952017,0,
SPY,2014-10-15,153.54287719726562,0.1623002078733199,0.1432550023189665,1,-0.000857930555823283,0,
SPY,2014-10-16,153.41114807128906,0.15932105522638287,0.1432550023189665,1,0.011810578386431736,0,
SPY,2014-10-17,155.2230224609375,0.16840771114962627,0.1432550023189665,1,0.009709717070086388,0,
SPY,2014-10-20,156.73019409179688,0.17335930805161406,0.1432550023189665,1,0.012559059219371616,0,
SPY,2014-10-21,159.83517456054688,0.1892693852058847,0.1432550023189665,1,-0.0071110547650883316,0,
SPY,2014-10-22,158.69857788085938,0.18747232175681983,0.1432550023189665,1,0.011625051560169908,0,
SPY,2014-10-23,160.54345703125,0.18489797675167655,0.1432550023189665,1,0.006310296295845674,0,
SPY,2014-10-24,161.77882385253906,0.18475245621636704,0.1432550023189665,1,-0.0013740366864399833,0,
SPY,2014-10-27,161.55653381347656,0.18471289118825457,0.1432550023189665,1,0.009940526658637872,0,
SPY,2014-10-28,163.40957641601562,0.18908095583532958,0.1432550023189665,1,-0.0015120629813030195,0,
SPY,2014-10-29,163.16249084472656,0.18193970454486408,0.1432550023189665,1,0.006410445246650243,0,
SPY,2014-10-30,164.20843505859375,0.1829180982342684,0.1432550023189665,1,0.007573434493350684,0,
SPY,2014-10-31,166.08627319335938,0.18321978884891874,0.1432550023189665,1,-0.0106618231396014,0,
SPY,2014-11-03,166.17684936523438,0.1830150855174859,0.1432550023189665,1,-0.019130686136973996,0,
SPY,2014-11-04,165.600341796875,0.17293593868962823,0.1432550023189665,1,-0.015715967442086698,0,
SPY,2014-11-05,166.64630126953125,0.1641493359606027,0.1432550023189665,1,-0.02189384957805518,0,
SPY,2014-11-06,167.31338500976562,0.14332056263288842,0.1432550023189665,1,-0.025793589632514213,0,
SPY,2014-11-07,167.46987915039062,0.1335516034801876,0.1432550023189665,0,-0.026703947935483585,0,
SPY,2014-11-10,167.9969482421875,0.11122694468978449,0.1432550023189665,0,-0.029757540703559182,0,
SPY,2014-11-11,168.16168212890625,0.11142660684099492,0.1432550023189665,0,-0.030708005811638572,0,
SPY,2014-11-12,167.9805450439453,0.10564466784151345,0.1432550023189665,0,-0.02966279711644526,0,
SPY,2014-11-13,168.1699981689453,0.10453996568016335,0.14370521728975233,0,-0.030755937494584273,0,
SPY,2014-11-14,168.2111358642578,0.10204855120515578,0.14458239559463487,0,-0.03099297570684023,0,
SPY,2014-11-17,168.31820678710938,0.1004434439305057,0.14581121761486615,0,-0.03160938244216116,0,
SPY,2014-11-18,169.2899627685547,0.08129052194454085,0.14581121761486615,0,-0.0371681253209335,0,
SPY,2014-11-19,169.0182342529297,0.0743309843702831,0.14581121761486615,0,-0.035620192476531254,0,
SPY,2014-11-20,169.3147735595703,0.06745067674874969,0.14581121761486615,0,-0.03730921531517106,0,
SPY,2014-11-21,170.220703125,0.06564050992658997,0.14581121761486615,0,-0.04243274041054235,0,
SPY,2014-11-24,170.6983642578125,0.06398724382312117,0.14581121761486615,0,-0.04511227787388239,0,
SPY,2014-11-25,170.57484436035156,0.05625045264596995,0.14581121761486615,0,-0.04442080643232238,0,
SPY,2014-11-26,171.01132202148438,0.05456921462975873,0.14581121761486615,0,-0.04685976173952244,0,
SPY,2014-11-28,170.6489715576172,0.05457324197013114,0.14581121761486615,0,-0.044835894825401845,0,
SPY,2014-12-01,169.46304321289062,0.051198593101022406,0.14581121761486615,0,-0.03815151004913586,0,
SPY,2014-12-02,170.55833435058594,0.054656731786674205,0.14581121761486615,0,-0.044328306573680476,0,
SPY,2014-12-03,171.21725463867188,0.05230366813801631,0.14581121761486615,0,-0.04800615708516631,0,
SPY,2014-12-04,171.0277862548828,0.05017292177699063,0.14581121761486615,0,-0.04695151714189183,0,
SPY,2014-12-05,171.3078155517578,0.04917976612023904,0.14581121761486615,0,-0.0485094232752632,0,
SPY,2014-12-08,170.16299438476562,0.056601624901832334,0.14581121761486615,0,-0.04210799295037704,0,
SPY,2014-12-09,170.04782104492188,0.05612488844888451,0.14581121761486615,0,-0.0414592129719944,0,
SPY,2014-12-10,167.32162475585938,0.08174761280828181,0.14581121761486615,0,-0.02584156438458851,0,
SPY,2014-12-11,168.1699981689453,0.08379920200707731,0.14581121761486615,0,-0.030755937494584273,0,
SPY,2014-12-12,165.45205688476562,0.10174224329783461,0.14649450896517804,0,-0.014833811765048721,0,
SPY,2014-12-15,164.31549072265625,0.10388868839951003,0.1466469189311529,0,-0.008019441746265565,0,
SPY,2014-12-16,162.99777221679688,0.10642973918004453,0.14676755498368915,0,0.011158914315766877,0,
SPY,2014-12-17,166.19329833984375,0.12784894165532973,0.14706049097447776,0,-0.008283414331206607,0,
SPY,2014-12-18,170.30308532714844,0.15624882348585095,0.14706049097447776,1,-0.032215710748775495,0,
SPY,2014-12-19,171.02769470214844,0.1567892587658484,0.14706049097447776,1,-0.03631601491407699,0,
SPY,2014-12-22,171.81439208984375,0.15650601691416158,0.14741660876316381,1,-0.04072849552416746,0,
SPY,2014-12-23,172.04627990722656,0.15630315792969215,0.14762878382358052,1,-0.04202142307581447,0,
SPY,2014-12-24,172.0628204345703,0.15625251847706975,0.1478533793592481,1,-0.04211351427138077,0,
SPY,2014-12-26,172.6177215576172,0.1563898456018481,0.1478533793592481,1,-0.04519275944902512,0,
SPY,2014-12-29,172.84959411621094,0.15611247948701393,0.1478533793592481,1,-0.04647360479299245,0,
SPY,2014-12-30,171.92210388183594,0.15518134120552704,0.14818493291583573,1,-0.041329493594928324,0,
SPY,2014-12-31,170.21609497070312,0.15806581034128353,0.14883268990656734,1,-0.03172111650785703,0,
SPY,2015-01-02,170.12498474121094,0.15737510263132024,0.14883268990656734,1,-0.031202555924756292,0,
SPY,2015-01-05,167.05262756347656,0.16975327283017463,0.14883268990656734,1,-0.013384866825886577,0,
SPY,2015-01-06,165.47918701171875,0.17187373940735573,0.14883268990656734,1,-0.004003745927557811,0,
SPY,2015-01-07,167.54122924804688,0.17780085010100743,0.14908670333208865,1,-0.016262139591849967,0,
SPY,2015-01-08,170.51419067382812,0.18938126034288086,0.14916231624123463,1,-0.033413877523553404,0,
SPY,2015-01-09,169.14779663085938,0.18217093359198736,0.1495199347136543,1,-0.025605691155921373,0,
SPY,2015-01-12,167.82273864746094,0.1836917336670427,0.15026374275559262,1,-0.017912282215526876,0,
SPY,2015-01-13,167.35069274902344,0.17390551946439367,0.15163926542125522,1,-0.01514210856717968,0,
SPY,2015-01-14,166.3404083251953,0.1734533912106753,0.15163926542125522,1,-0.009160479704915514,0,
SPY,2015-01-15,164.816650390625,0.17426211450776022,0.15163926542125522,1,0.0021603633002462708,0,
SPY,2015-01-16,166.97804260253906,0.16639155439752132,0.15163926542125522,1,-0.010811771062844922,0,
SPY,2015-01-20,167.33416748046875,0.14014767946072218,0.1528430958772428,0,-0.012916986886868709,0,
SPY,2015-01-21,168.17886352539062,0.14055800818557812,0.15381881514162962,0,-0.01787471522269113,0,
SPY,2015-01-22,170.67984008789062,0.15008417979590286,0.1551989180373953,0,-0.03226582501868014,0,
SPY,2015-01-23,169.74404907226562,0.15103237505023076,0.15632149055975503,0,-0.026930751704414835,0,
SPY,2015-01-26,170.14157104492188,0.15139342250990867,0.15632149055975503,0,-0.02920424903218699,0,
SPY,2015-01-27,167.8972930908203,0.15714568945587715,0.15632149055975503,1,-0.016227652079822796,0,
SPY,2015-01-28,165.74412536621094,0.16193144131241002,0.15632149055975503,1,-0.003447549839549202,0,
SPY,2015-01-29,167.27621459960938,0.1662274439912838,0.15632149055975503,1,-0.01257501176270548,0,
SPY,2015-01-30,165.17271423339844,0.168327810221658,0.15632149055975503,1,0.01238429419075282,0,
SPY,2015-02-02,167.21826171875,0.17533591218287864,0.15632149055975503,1,0.010597860206795984,0,
SPY,2015-02-03,169.6363983154297,0.17062326828450727,0.15632149055975503,1,-0.0038080320106760324,0,
SPY,2015-02-04,168.99041748046875,0.16727647284701924,0.15632149055975503,1,0.0021563968290256863,0,
SPY,2015-02-05,170.69644165039062,0.1653694541359771,0.15632149055975503,1,-0.007859646964867961,0,
SPY,2015-02-06,170.2243194580078,0.15353968354647507,0.15632149055975503,0,-0.00510791630665286,0,
SPY,2015-02-09,169.46249389648438,0.1515993134003957,0.15632149055975503,0,-0.0006353383167532201,0,
SPY,2015-02-10,171.26779174804688,0.15290456653298534,0.15632149055975503,0,-0.011169431494753357,0,
SPY,2015-02-11,171.36721801757812,0.152249259581387,0.15632149055975503,0,-0.011743145275967093,0,
SPY,2015-02-12,173.0152130126953,0.15249582599755632,0.15632149055975503,0,-0.02115643513710752,0,
SPY,2015-02-13,173.7274169921875,0.14677698216553656,0.15632149055975503,0,-0.025169251848859098,0,
SPY,2015-02-17,174.00070190429688,0.14155538955289998,0.15632149055975503,0,-0.026700317714768773,0,
SPY,2015-02-18,174.0172882080078,0.14172615497384286,0.15632149055975503,0,-0.026793086912004216,0,
SPY,2015-02-19,173.89305114746094,0.1415397700352948,0.15632149055975503,0,-0.02609778387724737,0,
SPY,2015-02-20,174.93646240234375,0.13400026313525099,0.15632149055975503,0,-0.03190663881522271,0,
SPY,2015-02-23,174.9116668701172,0.1317627807895267,0.15632149055975503,0,-0.03176940159963204,0,
SPY,2015-02-24,175.40855407714844,0.1318166680015219,0.15632149055975503,0,-0.03451214924003365,0,
SPY,2015-02-25,175.2594757080078,0.12017379626190612,0.15632149055975503,0,-0.033690890625428516,0,
SPY,2015-02-26,175.0524444580078,0.10720122014456973,0.15632149055975503,0,-0.03254805492599222,0,
SPY,2015-02-27,174.45620727539062,0.10645268647320326,0.15632149055975503,0,-0.02924160437856127,0,
SPY,2015-03-02,175.55755615234375,0.09186500595932201,0.1551989180373953,0,-0.03533159385120299,0,
SPY,2015-03-03,174.837158203125,0.0883362785387495,0.15381881514162962,0,-0.031356780095317505,0,
SPY,2015-03-04,174.10006713867188,0.07858206818919379,0.15381881514162962,0,-0.027255815209036527,0,
SPY,2015-03-05,174.29054260253906,0.07624209015176762,0.15381881514162962,0,-0.02831889010142874,0,
SPY,2015-03-06,171.83924865722656,0.08796866026774826,0.15381881514162962,0,-0.014457819129103266,0,
SPY,2015-03-09,172.5514678955078,0.08815269282950924,0.15381881514162962,0,-0.018525719042762567,0,
SPY,2015-03-10,169.7523651123047,0.10569782570309592,0.1551989180373953,0,-0.002341865641649843,0,
SPY,2015-03-11,169.35482788085938,0.09835588295303792,0.1551989180373953,0,0.006503653805920884,0,
SPY,2015-03-12,171.50802612304688,0.10894798065230628,0.15632149055975503,0,-0.0061325005894153906,0,
SPY,2015-03-13,170.4562530517578,0.10492773121884473,0.15710077267425604,0,0.0017311756911029264,0,
SPY,2015-03-16,172.733642578125,0.1150986928034596,0.1576389438595305,0,-0.011476049338743799,0,
SPY,2015-03-17,172.2201690673828,0.11525691575129678,0.15817664632653206,0,-0.008528770479667935,0,
SPY,2015-03-18,174.29054260253906,0.12347699243423343,0.15850687015845705,0,-0.020306321710022668,0,
SPY,2015-03-19,173.4955291748047,0.12455997371853733,0.15887544153145983,0,-0.01581704389974392,0,
SPY,2015-03-20,175.0269317626953,0.12676007566554248,0.15929981754204342,0,-0.024428177687847108,0,
SPY,2015-03-23,174.68585205078125,0.12695426923053685,0.15952004967293892,0,-0.02252334250972987,0,
SPY,2015-03-24,173.70433044433594,0.12794389786027227,0.15966181923993583,0,-0.017000080903824877,0,
SPY,2015-03-25,171.1588897705078,0.13762969309186765,0.15979179430926288,0,-0.002381103298909948,0,
SPY,2015-03-26,170.7513427734375,0.13769560242899104,0.16025539625595409,0,0.0020947494093130903,0,
SPY,2015-03-27,171.14231872558594,0.13799117287200924,0.1606649488679697,0,-0.0001945438041409675,0,
SPY,2015-03-30,173.2301788330078,0.14349987637474007,0.16076274717480332,0,-0.012244718555656675,0,
SPY,2015-03-31,171.71621704101562,0.14592087858214103,0.16083727027252537,0,-0.0035360259131438365,0,
SPY,2015-04-01,171.10902404785156,0.14573465847061662,0.16157588006523363,0,0.0035975312920213387,0,
SPY,2015-04-02,171.72459411621094,0.14644808165477835,0.16273076614400997,0,0.004068723846853528,0,
SPY,2015-04-06,172.88082885742188,0.1396603787117346,0.1633022267321041,0,-0.00264653283457128,0,
SPY,2015-04-07,172.4232940673828,0.139266353411193,0.16421167003274423,0,0.003232143057839476,0,
SPY,2015-04-08,173.005615234375,0.1255373467575196,0.16535374009276346,0,-0.00014464509737788234,0,
SPY,2015-04-09,173.7709503173828,0.12547775345607334,0.16575385365847875,0,-0.004548283217803428,0,
SPY,2015-04-10,174.7191925048828,0.11929659626378324,0.16575385365847875,0,-0.00995083401911745,0,
SPY,2015-04-13,173.928955078125,0.11815586485617306,0.16575385365847875,0,-0.005452595615183853,0,
SPY,2015-04-14,174.2616729736328,0.1090471135902587,0.16535374009276346,0,-0.007351485449781925,0,
SPY,2015-04-15,175.04354858398438,0.10915869345362923,0.16436970463373646,0,-0.011785397293188948,0,
SPY,2015-04-16,174.99371337890625,0.10093212031369794,0.16365435528291594,0,-0.011503970741136404,0,
SPY,2015-04-17,172.9805908203125,0.10812322101536452,0.1634963206819237,0,0.0004328513249642896,0,
SPY,2015-04-20,174.5611114501953,0.10846524204128283,0.1633022267321041,0,-0.008625321753767068,0,
SPY,2015-04-21,174.35316467285156,0.10832999112364074,0.1629401727738365,0,-0.0074429332960163075,0,
SPY,2015-04-22,175.20997619628906,0.10763848112893619,0.16259642487369266,0,-0.012296734151902133,0,
SPY,2015-04-23,175.65081787109375,0.09156288776986363,0.16238701824386614,0,-0.01477563386443348,0,
SPY,2015-04-24,176.05841064453125,0.09057278502032928,0.16223194066265897,0,-0.017056526497629898,0,
SPY,2015-04-27,175.32643127441406,0.09272878285979547,0.16182127660822554,0,-0.012952785040251324,0,
SPY,2015-04-28,175.8837432861328,0.08375995043211476,0.16112977595512945,0,-0.016080380909846204,0,
SPY,2015-04-29,175.1600341796875,0.07817299747980719,0.16076274717480332,0,-0.01201511801080346,0,
SPY,2015-04-30,173.4048614501953,0.0862175639807424,0.16031411152073646,0,-0.0020149132442487394,0,
SPY,2015-05-01,175.2848358154297,0.09296875590591745,0.15979179430926288,0,-0.012718556667018044,0,
SPY,2015-05-04,175.783935546875,0.09082122988393251,0.15966181923993583,0,-0.015521724668095316,0,
SPY,2015-05-05,173.7709503173828,0.1002919490681125,0.15952004967293892,0,-0.004117400623256273,0,
SPY,2015-05-06,173.0554656982422,0.1008643982371321,0.15929981754204342,0,0.001971015300365586,0,
SPY,2015-05-07,173.74591064453125,0.10062574044246125,0.15887544153145983,0,-0.002010694664927537,0,
SPY,2015-05-08,176.03350830078125,0.10938373928378542,0.15887544153145983,0,-0.014979805022861337,0,
SPY,2015-05-11,175.19332885742188,0.1095366959006772,0.15929981754204342,0,-0.010255916707529567,0,
SPY,2015-05-12,174.66925048828125,0.11000027832026482,0.15952004967293892,0,-0.007286284310364821,0,
SPY,2015-05-13,174.70254516601562,0.1087925974114379,0.15966181923993583,0,-0.007475474932716497,0,
SPY,2015-05-14,176.52423095703125,0.11495300270994131,0.15979179430926288,0,-0.01771807910522638,0,
SPY,2015-05-15,176.71560668945312,0.10583832067932782,0.15979179430926288,0,-0.02834128038514716,0,
SPY,2015-05-18,177.26461791992188,0.10187309644380654,0.15979179430926288,0,-0.031350631915707194,0,
SPY,2015-05-19,177.2064208984375,0.10169865104466211,0.15979179430926288,0,-0.0310325141646719,0,
SPY,2015-05-20,177.0816192626953,0.10064952429836066,0.15979179430926288,0,-0.030349615918559447,0,
SPY,2015-05-21,177.5973663330078,0.10076247727902303,0.15979179430926288,0,-0.03316550421208109,0,
SPY,2015-05-22,177.17312622070312,0.10105355262572485,0.15979179430926288,0,-0.030850424132937593,0,
SPY,2015-05-26,175.2681121826172,0.10750799856906551,0.16031411152073646,0,-0.024561195176439954,0,
SPY,2015-05-27,176.931884765625,0.112182725078772,0.16076274717480332,0,-0.033733698719355165,0,
SPY,2015-05-28,176.73223876953125,0.11111636423867971,0.16103191403522643,0,-0.03264215368176537,0,
SPY,2015-05-29,175.63421630859375,0.10705859138422123,0.16103191403522643,0,-0.02659446738608784,0,
SPY,2015-06-01,175.9918975830078,0.10035789616176667,0.16103191403522643,0,-0.02857279102603172,0,
SPY,2015-06-02,175.81719970703125,0.09994141852976449,0.16103191403522643,0,-0.02760754831737533,0,
SPY,2015-06-03,176.28305053710938,0.09047185008321929,0.16103191403522643,0,-0.030177221518501995,0,
SPY,2015-06-04,174.7940216064453,0.09478443393361782,0.16103191403522643,0,-0.021915530635118197,0,
SPY,2015-06-05,174.49456787109375,0.09416370864303152,0.16103191403522643,0,-0.020237019656730415,0,
SPY,2015-06-08,173.4215087890625,0.08346401031651446,0.16103191403522643,0,-0.014174659966536884,0,
SPY,2015-06-09,173.3965606689453,0.08210152186229906,0.16103191403522643,0,-0.014032820423106274,0,
SPY,2015-06-10,175.47616577148438,0.09253729162406239,0.16103191403522643,0,-0.02571772571249098,0,
SPY,2015-06-11,176.0417938232422,0.09314207622082157,0.16103191403522643,0,-0.02884812658321112,0,
SPY,2015-06-12,174.69422912597656,0.08943185843957392,0.16103191403522643,0,-0.021356808828483675,0,
SPY,2015-06-15,173.94554138183594,0.09018658065568474,0.16103191403522643,0,-0.017144581499768163,0,
SPY,2015-06-16,174.89385986328125,0.09188791768726425,0.16103191403522643,0,-0.022473870696547604,0,
SPY,2015-06-17,175.1767578125,0.09224328921900231,0.16103191403522643,0,-0.02405250556078964,0,
SPY,2015-06-18,176.99839782714844,0.1000477708342287,0.16103191403522643,0,-0.03409680556514627,0,
SPY,2015-06-19,176.2126922607422,0.10059529567159617,0.16103191403522643,0,-0.029789990279933565,0,
SPY,2015-06-22,177.11544799804688,0.10212952755834452,0.16103191403522643,0,-0.03473514138089728,0,
SPY,2015-06-23,177.2407989501953,0.093829911876768,0.16103191403522643,0,-0.03541781077654438,0,
SPY,2015-06-24,175.95358276367188,0.0915832327167893,0.16103191403522643,0,-0.028361257635092785,0,
SPY,2015-06-25,175.4185333251953,0.09207099900819465,0.16103191403522643,0,-0.025397632562816908,0,
SPY,2015-06-26,175.3851776123047,0.08943136254666638,0.16103191403522643,0,-0.0252122773509722,0,
SPY,2015-06-29,171.70726013183594,0.11618480747467883,0.16135985977350129,0,-0.004332619716667763,0,
SPY,2015-06-30,172.06668090820312,0.11678326866569588,0.16182127660822554,0,-0.006412415415265715,0,
SPY,2015-07-01,173.4459228515625,0.12051815607077748,0.16223194066265897,0,-0.014313423686490467,0,
SPY,2015-07-02,173.28712463378906,0.11707371289736034,0.16238701824386614,0,-0.013410152471548309,0,
SPY,2015-07-06,172.79391479492188,0.11730777275840497,0.16259642487369266,0,-0.010594105272750731,0,
SPY,2015-07-07,173.88055419921875,0.11762932975893649,0.1629401727738365,0,-0.016777243099781347,0,
SPY,2015-07-08,170.96331787109375,0.13230814216245929,0.1631856893014528,0,0.0018091346035415956,0,
SPY,2015-07-09,171.27261352539062,0.12412172783367098,0.16330543354780813,0,-0.004538901522933458,0,
SPY,2015-07-10,173.42916870117188,0.1326161697374722,0.1634963206819237,0,-0.04651036340955994,0,
SPY,2015-07-13,175.34336853027344,0.13616583184988396,0.16365435528291594,0,-0.09662968594597143,1,29.0
SPY,2015-07-14,176.10406494140625,0.13584286164884388,0.163906824553061,0,-0.11111642542566791,1,28.0
SPY,2015-07-15,176.0454864501953,0.13466617474281473,0.16419032638834696,0,-0.11082065266994046,1,27.0
SPY,2015-07-16,177.4581756591797,0.1373503779708605,0.16465273066570651,0,-0.11789913222806148,1,26.0
SPY,2015-07-17,177.60858154296875,0.1325079854707736,0.16500089328371315,0,-0.11864612969550226,1,25.0
SPY,2015-07-20,177.7005615234375,0.13137874392360632,0.16535374009276346,0,-0.11910232922060038,1,24.0
SPY,2015-07-21,176.99839782714844,0.131028777833338,0.16575385365847875,0,-0.11560775315573146,1,23.0
SPY,2015-07-22,176.6808319091797,0.13114237714122204,0.16595375277352697,0,-0.11401814757894824,1,22.0
SPY,2015-07-23,175.68606567382812,0.1300829846720197,0.16626259206610172,0,-0.1090015583090913,1,21.0
SPY,2015-07-24,173.8638458251953,0.13486780096745565,0.16654691058081433,0,-0.09966324511439495,1,21.0
SPY,2015-07-27,172.8523712158203,0.1362078737523885,0.16675748169634816,0,-0.09439477375326544,1,20.0
SPY,2015-07-28,174.9756317138672,0.12031930216773105,0.16699016364808456,0,-0.10538393712921978,1,18.0
SPY,2015-07-29,176.1792755126953,0.12209773544904962,0.16714355874101694,0,-0.11149588800013166,1,17.0
SPY,2015-07-30,176.2210235595703,0.11944073186220686,0.16724301639774883,0,-0.11170638111024489,1,16.0
SPY,2015-07-31,175.95358276367188,0.11957426824005803,0.1676551533578166,0,-0.11035621847816901,1,15.0
SPY,2015-08-03,175.3600311279297,0.11980074418866142,0.1679959907879374,0,-0.107344987707088,1,14.0
SPY,2015-08-04,175.01736450195312,0.1183117646814924,0.16814729402667788,0,-0.10559725780557838,1,13.0
SPY,2015-08-05,175.59410095214844,0.09949288613614315,0.16814729402667788,0,-0.10853491151820926,1,12.0
SPY,2015-08-06,174.1563720703125,0.10507520988164418,0.16814729402667788,0,-0.10117551898136179,1,11.0
SPY,2015-08-07,173.8220672607422,0.09588876168992883,0.16814729402667788,0,-0.09944684694507,1,11.0
SPY,2015-08-10,176.01210021972656,0.09833376645844959,0.1679959907879374,0,-0.110651991841617,1,9.0
SPY,2015-08-11,174.42384338378906,0.1022712897317471,0.1676551533578166,0,-0.10255382689992976,1,8.0
SPY,2015-08-12,174.6328582763672,0.10244450345823133,0.16724301639774883,0,-0.10362796390551154,1,7.0
SPY,2015-08-13,174.41555786132812,0.09753398252342989,0.16714355874101694,0,-0.10251119417544186,1,6.0
SPY,2015-08-14,175.05078125,0.09867849082989501,0.16699016364808456,0,-0.10576799700979622,1,5.0
SPY,2015-08-17,176.02880859375,0.10112320639570092,0.16699016364808456,0,-0.11073640733744416,1,4.0
SPY,2015-08-18,175.51885986328125,0.10070825545252125,0.16699016364808456,0,-0.10815275997052543,1,3.0
SPY,2015-08-19,174.13137817382812,0.10412212297202911,0.16675748169634816,0,-0.10104650647211844,1,2.0
SPY,2015-08-20,170.49522399902344,0.12597077246310476,0.16675748169634816,0,-0.0818745119623755,1,2.0
SPY,2015-08-21,165.3629150390625,0.16045972097536856,0.16675748169634816,0,-0.053378983400176994,1,2.0
SPY,2015-08-24,158.39999389648438,0.2155270610549675,0.16699016364808456,1,-0.011767570871972444,0,
SPY,2015-08-25,156.5360107421875,0.20776256574660587,0.16699016364808456,1,0.009170908251536547,0,
SPY,2015-08-26,162.54600524902344,0.2555188697102198,0.16770699893982519,1,-0.028142291822242704,0,
SPY,2015-08-27,166.5666046142578,0.2745982141489022,0.1688690794947459,1,-0.051601078736022155,1,21.0
SPY,2015-08-28,166.574951171875,0.2747530330231679,0.16958810725573983,1,-0.051648600084128304,1,20.0
SPY,2015-08-31,165.22914123535156,0.27541220912106296,0.1710708236025289,1,-0.04392417128312931,0,
SPY,2015-09-01,160.2974853515625,0.2919063943201447,0.17253877163505071,1,-0.014509879625970057,0,
SPY,2015-09-02,163.34002685546875,0.30232907347084514,0.17276670641606728,1,-0.03286664526787042,0,
SPY,2015-09-03,163.4571075439453,0.302188318273982,0.17358129241948173,1,-0.03355938136679015,0,
SPY,2015-09-04,160.98287963867188,0.3051482756145789,0.17472605710528102,1,-0.018705663053519284,0,
SPY,2015-09-08,165.02857971191406,0.3167944619390786,0.17539273617229217,1,-0.04276223905863841,0,
SPY,2015-09-09,162.82177734375,0.3182515779666855,0.17578611424182397,1,-0.029788332298723352,0,
SPY,2015-09-10,163.7078399658203,0.3194212968677759,0.1762028268880061,1,-0.03503956702533206,0,
SPY,2015-09-11,164.4518280029297,0.32055442934180844,0.17683889596133218,1,-0.039405094773702465,0,
SPY,2015-09-14,163.84161376953125,0.3196148276646607,0.1773507221532491,1,-0.03582744029256657,0,
SPY,2015-09-15,165.88949584960938,0.32304569623366575,0.17820627070895673,1,-0.04773001252606068,0,
SPY,2015-09-16,167.32725524902344,0.32565891235258965,0.17905299609449254,1,-0.05591239215831467,1,8.0
SPY,2015-09-17,166.95103454589844,0.32499922310609586,0.17926125007669869,1,-0.05378491026160226,1,7.0
SPY,2015-09-18,164.2228546142578,0.3218116414542518,0.17953125932153957,1,-0.03806575214013763,0,
SPY,2015-09-21,165.0714874267578,0.3040629092322352,0.17998090533792566,1,-0.043011057831186084,0,
SPY,2015-09-22,162.9289093017578,0.26390861680748107,0.18036982382222788,1,-0.03042628339094089,0,
SPY,2015-09-23,162.66842651367188,0.25955918321745086,0.1806280936788814,1,-0.02887369405095641,0,
SPY,2015-09-24,162.0802459716797,0.2229193589101386,0.18196191863987032,1,-0.025349528638005436,0,
SPY,2015-09-25,162.03826904296875,0.20316764398754522,0.1839621359299266,1,-0.025097039929035114,0,
SPY,2015-09-28,157.97158813476562,0.2201919084599842,0.18499657866881447,1,0.0005848644611625708,0,
SPY,2015-09-29,158.06398010253906,0.21949428114683905,0.1856990402009283,1,0.018658096371606092,0,
SPY,2015-09-30,161.01315307617188,0.2045048509991488,0.18651127616415625,1,0.002609134548591907,0,
SPY,2015-10-01,161.43325805664062,0.19273019949097556,0.18752829538095803,1,0.014937583237315977,0,
SPY,2015-10-02,163.8446807861328,0.20035382496345527,0.18826132516019473,1,0.014307686218449467,0,
SPY,2015-10-05,166.76034545898438,0.20090266154566133,0.18863108941546824,1,-0.003426632332937385,0,
SPY,2015-10-06,166.1889190673828,0.182041479358679,0.1895481360964854,0,0.007584270720351949,0,
SPY,2015-10-07,167.55020141601562,0.1763719872307902,0.19028575867205952,0,-0.000601972393054262,0,
SPY,2015-10-08,169.06256103515625,0.17788715926611104,0.19028575867205952,0,-0.009542149397040567,0,
SPY,2015-10-09,169.1633758544922,0.17757728595439373,0.19028575867205952,0,-0.010132423909854027,0,
SPY,2015-10-12,169.3230438232422,0.17655927130632768,0.19028575867205952,0,-0.011065847628428327,0,
SPY,2015-10-13,168.25595092773438,0.17390203040832036,0.19028575867205952,0,-0.004793946977651453,0,
SPY,2015-10-14,167.4493408203125,0.17231709407833157,0.19028575867205952,0,0.01284586420945577,0,
SPY,2015-10-15,170.0204620361328,0.18023834539913727,0.19028575867205952,0,-0.0024708186100000917,0,
SPY,2015-10-16,170.79344177246094,0.16839764857538603,0.19028575867205952,0,-0.006985452401604975,0,
SPY,2015-10-19,170.87744140625,0.1680381088017127,0.19028575867205952,0,-0.007473596756172873,0,
SPY,2015-10-20,170.6590118408203,0.15925519779144984,0.19028575867205952,0,-0.0062032442057886605,0,
SPY,2015-10-21,169.60037231445312,0.16159157447118153,0.19028575867205952,0,0.0034182851353989907,0,
SPY,2015-10-22,172.4654998779297,0.1680980855854569,0.19028575867205952,0,-0.013251259721240083,0,
SPY,2015-10-23,174.35606384277344,0.16979562477426138,0.19028575867205952,0,-0.023950696090761614,0,
SPY,2015-10-26,173.92755126953125,0.1332742036949297,0.19028575867205952,0,-0.02154596264987474,0,
SPY,2015-10-27,173.5914306640625,0.1346268724346534,0.19028575867205952,0,-0.019651407358756035,0,
SPY,2015-10-28,175.5659637451172,0.1270677964297579,0.19028575867205952,0,-0.03067706794719327,0,
SPY,2015-10-29,175.46511840820312,0.12813597005181213,0.19028575867205952,0,-0.033280773530034335,0,
SPY,2015-10-30,174.70892333984375,0.12499539911675975,0.1895481360964854,0,-0.029096509225899236,0,
SPY,2015-11-02,176.77589416503906,0.11751427973586613,0.18863108941546824,0,-0.04044890090231623,0,
SPY,2015-11-03,177.2884521484375,0.11510196206516515,0.18826132516019473,0,-0.043223055509461594,0,
SPY,2015-11-04,176.7506561279297,0.1156076959510186,0.18785486442962482,0,-0.04031188762735649,0,
SPY,2015-11-05,176.57423400878906,0.1137946897133261,0.18716652962647282,0,-0.042539260172577364,0,
SPY,2015-11-06,176.4818115234375,0.1140696361656158,0.18651127616415625,0,-0.04203784362184326,0,
SPY,2015-11-09,174.83494567871094,0.12114012963690036,0.1856990402009283,0,-0.03301427485099251,0,
SPY,2015-11-10,175.23825073242188,0.11747080478813639,0.1856990402009283,0,-0.03523976060075851,0,
SPY,2015-11-11,174.54925537109375,0.11684071801590731,0.1856990402009283,0,-0.03143157861609924,0,
SPY,2015-11-12,172.11253356933594,0.1193223444852328,0.1856990402009283,0,-0.017718853924091227,0,
SPY,2015-11-13,170.18011474609375,0.12548483230951346,0.18651127616415625,0,-0.006564915173814523,0,
SPY,2015-11-16,172.76795959472656,0.1367204555593967,0.18716652962647282,0,-0.02144531239995051,0,
SPY,2015-11-17,172.6419677734375,0.1366368229497652,0.18785486442962482,0,-0.02073117615074216,0,
SPY,2015-11-18,175.381103515625,0.14417395810989486,0.18822193932419012,0,-0.036025584629455154,0,
SPY,2015-11-19,175.22987365722656,0.13285748034187855,0.1882666343002748,0,-0.03519363907534612,0,
SPY,2015-11-20,175.86842346191406,0.12793882222263286,0.18863108941546824,0,-0.044463713437945196,0,
SPY,2015-11-23,175.66680908203125,0.12762950666793993,0.1895481360964854,0,-0.0663182627578719,1,30.0
SPY,2015-11-24,175.9020538330078,0.12733076002191873,0.19028575867205952,0,-0.07780200013584415,1,29.0
SPY,2015-11-25,175.87684631347656,0.12095692939815585,0.19028575867205952,0,-0.07766982626201979,1,28.0
SPY,2015-11-27,176.07850646972656,0.12098601983395098,0.19028575867205952,0,-0.07872615761488755,1,27.0
SPY,2015-11-30,175.34750366210938,0.12090910358264426,0.19028575867205952,0,-0.08977995529594118,1,26.0
SPY,2015-12-01,177.0196075439453,0.11826462737138937,0.19028575867205952,0,-0.09837777387203706,1,24.0
SPY,2015-12-02,175.2130889892578,0.12320788422286617,0.19028575867205952,0,-0.0940020979267624,1,24.0
SPY,2015-12-03,172.7595672607422,0.132065918318521,0.19051654924522105,0,-0.0811351663062907,1,23.0
SPY,2015-12-04,176.12889099121094,0.15072511547048104,0.19079891733875748,0,-0.10907898034642083,1,22.0
SPY,2015-12-07,175.06178283691406,0.15220116773852338,0.19122020001739398,0,-0.10364827428653511,1,21.0
SPY,2015-12-08,173.885498046875,0.15041892198129722,0.19160883624245223,0,-0.09758471571882876,1,20.0
SPY,2015-12-09,172.53271484375,0.15239286009853795,0.19184082290847193,0,-0.09050911710018761,1,20.0
SPY,2015-12-10,172.97801208496094,0.1523554796903593,0.19191204006217885,0,-0.09285041918928127,1,18.0
SPY,2015-12-11,169.62550354003906,0.15995283406016608,0.19205990093406328,0,-0.07492135393835708,1,21.0
SPY,2015-12-14,170.48255920410156,0.1561066539849216,0.19366421604287387,0,-0.07957194046762905,1,20.0
SPY,2015-12-15,172.2722625732422,0.150968299019319,0.1958338218790183,0,-0.08913409037261621,1,16.0
SPY,2015-12-16,174.79295349121094,0.15964572539480354,0.19662836623092,0,-0.10226969670013641,1,14.0
SPY,2015-12-17,172.1294403076172,0.15873547370892446,0.1968908407986213,0,-0.0883783106950603,1,14.0
SPY,2015-12-18,169.06289672851562,0.16986427150748146,0.1968908407986213,0,-0.07184288102951464,1,16.0
SPY,2015-12-21,170.45755004882812,0.17256075766966752,0.1968908407986213,0,-0.07943689729557668,1,15.0
SPY,2015-12-22,172.0043182373047,0.176621797253274,0.1968908407986213,0,-0.08771516459340123,1,11.0
SPY,2015-12-23,174.1343231201172,0.18277647259096624,0.1968908407986213,0,-0.09999012448840339,1,9.0
SPY,2015-12-24,173.84693908691406,0.18281530289012185,0.1968908407986213,0,-0.09850233028675881,1,8.0
SPY,2015-12-28,173.4496612548828,0.18279155096323002,0.1968908407986213,0,-0.09716898545877228,1,7.0
SPY,2015-12-29,175.3007049560547,0.186622053634239,0.1968908407986213,0,-0.11832207614096413,1,6.0
SPY,2015-12-30,174.0582275390625,0.18470368471632692,0.1968908407986213,0,-0.11202840691921157,1,5.0
SPY,2015-12-31,172.31703186035156,0.1845673320676501,0.1968908407986213,0,-0.10305580401398429,1,5.0
SPY,2016-01-04,169.90817260742188,0.18454429247918464,0.1968908407986213,0,-0.09033945086448247,1,7.0
SPY,2016-01-05,170.19552612304688,0.16897103729122442,0.1968908407986213,0,-0.09187529709248776,1,6.0
SPY,2016-01-06,168.0486602783203,0.17282622366899886,0.1968908407986213,0,-0.08027376510648054,1,5.0
SPY,2016-01-07,164.0168914794922,0.18955808355873635,0.1968908407986213,0,-0.05766558430352342,1,24.0
SPY,2016-01-08,162.21652221679688,0.1910026555724378,0.1968908407986213,0,-0.047207032400083504,0,
SPY,2016-01-11,162.37710571289062,0.19046084418797823,0.1968908407986213,0,-0.0481493008628634,0,
SPY,2016-01-12,163.68728637695312,0.18401600496521456,0.1968908407986213,0,-0.055768074493284026,1,21.0
SPY,2016-01-13,159.6048126220703,0.19986272448855721,0.1968908407986213,1,-0.031615907706612933,0,
SPY,2016-01-14,162.2249755859375,0.2061634752176405,0.1968908407986213,1,-0.0472566814176939,0,
SPY,2016-01-15,158.74269104003906,0.20540821003338297,0.1968908407986213,1,-0.026356674540083724,0,
SPY,2016-01-19,158.9539794921875,0.2025724769030914,0.1968908407986213,1,-0.02765088303891028,0,
SPY,2016-01-20,156.91693115234375,0.19868447546251083,0.1968908407986213,1,-0.015028139655462791,0,
SPY,2016-01-21,157.7959747314453,0.1967985812947747,0.1968908407986213,0,-0.020515181963767337,0,
SPY,2016-01-22,161.03321838378906,0.21020720671328524,0.1968908407986213,1,-0.04020572185099636,0,
SPY,2016-01-25,158.5989532470703,0.2057789201381588,0.1968908407986213,1,-0.025474264285317738,0,
SPY,2016-01-26,160.76280212402344,0.21558155334424484,0.1968908407986213,1,-0.03859126890906972,0,
SPY,2016-01-27,159.0131378173828,0.21690176170243333,0.1968908407986213,1,-0.028012630162790098,0,
SPY,2016-01-28,159.8414764404297,0.21275738304189198,0.1968908407986213,1,-0.03304971251137545,0,
SPY,2016-01-29,163.73797607421875,0.2355057931161596,0.1968908407986213,1,-0.05606038805181235,1,9.0
SPY,2016-02-01,163.67884826660156,0.23419547606461935,0.1968908407986213,1,-0.0557193966508549,1,8.0
SPY,2016-02-02,160.72898864746094,0.2373063756585615,0.1968908407986213,1,-0.0383890118559439,0,
SPY,2016-02-03,161.69252014160156,0.23885946850812917,0.1968908407986213,1,-0.044119286029276505,0,
SPY,2016-02-04,161.94606018066406,0.2361855863097676,0.1968908407986213,1,-0.04561579686312367,0,
SPY,2016-02-05,158.86094665527344,0.23043352729819122,0.1968908407986213,1,-0.027081451729791373,0,
SPY,2016-02-08,156.7226104736328,0.23196752160165995,0.1968908407986213,1,-0.013806871072487459,0,
SPY,2016-02-09,156.73104858398438,0.23184617644826463,0.1968908407986213,1,-0.013859965890170578,0,
SPY,2016-02-10,156.59573364257812,0.2289883789646132,0.1968908407986213,1,-0.013007838710010655,0,
SPY,2016-02-11,154.5587615966797,0.21648337078486005,0.1968908407986213,1,0.020616807134014925,0,
SPY,2016-02-12,157.74526977539062,0.22144141606010714,0.1968908407986213,1,0.0168787097380787,0,
SPY,2016-02-16,160.40780639648438,0.21669020214943943,0.1968908407986213,1,0.011697518550797703,0,
SPY,2016-02-17,163.02798461914062,0.22374209716678042,0.1968908407986213,1,-0.004562437138496578,0,
SPY,2016-02-18,162.36024475097656,0.21847425383376626,0.1968908407986213,1,-0.0004684956196834289,0,
SPY,2016-02-19,162.2841796875,0.2181044503979919,0.1968908407986213,1,0.001666501182459923,0,
SPY,2016-02-22,164.63392639160156,0.2122214427969977,0.1968908407986213,1,-0.012629838650703995,0,
SPY,2016-02-23,162.55462646484375,0.20982187813395972,0.1968908407986213,1,0.004575722929679227,0,
SPY,2016-02-24,163.29843139648438,0.20519770700424741,0.1968908407986213,1,0.0018634029052340129,0,
SPY,2016-02-25,165.27626037597656,0.20399224201655805,0.19758349668159547,1,-0.010125702289008665,0,
SPY,2016-02-26,164.8959197998047,0.20413758145663713,0.1982805453607352,1,-0.007842508373803181,0,
SPY,2016-02-29,163.60272216796875,0.1882628603723948,0.1986120957249247,0,0.023507004563010803,0,
SPY,2016-03-01,167.4485321044922,0.205567760254218,0.19884311640618438,1,0.0014637448631558136,0,
SPY,2016-03-02,168.2008056640625,0.19264571824134508,0.19910523755951307,0,-0.00301527468228846,0,
SPY,2016-03-03,168.8600311279297,0.1922580219122022,0.1995987630276062,0,-0.006907478856514548,0,
SPY,2016-03-04,169.40943908691406,0.19228085668988823,0.20092580709718735,0,-0.010128154977425141,0,
SPY,2016-03-07,169.544677734375,0.17495860025310384,0.20196978538310112,0,-0.010917734050442385,0,
SPY,2016-03-08,167.69363403320312,0.17189083756459683,0.20215048178270278,0,0.00493977690566938,0,
SPY,2016-03-09,168.52200317382812,0.17150901847043754,0.20303299696222463,0,0.0008023173670879125,0,
SPY,2016-03-10,168.65721130371094,0.17103183717734013,0.20400652012404585,0,0.013180080663204752,0,
SPY,2016-03-11,171.37889099121094,0.16416916339337967,0.20428027920170436,0,-0.0029103003012869166,0,
SPY,2016-03-14,171.15908813476562,0.15527313106432625,0.2046335225266153,0,-0.0016298356381810875,0,
SPY,2016-03-15,170.880126953125,0.14897598918273008,0.20501795888187144,0,0.005787316498196304,0,
SPY,2016-03-16,171.8690643310547,0.14126751043177632,0.2055531251476929,0,0.0040701867278618575,0,
SPY,2016-03-17,172.95945739746094,0.13950265575340065,0.2062350532970461,0,-0.002259800578223059,0,
SPY,2016-03-18,173.6391143798828,0.1388561939589933,0.20649397164064404,0,-0.006165148146953681,0,
SPY,2016-03-21,173.885498046875,0.1327319905090357,0.20649397164064404,0,-0.007573343067948102,0,
SPY,2016-03-22,173.79200744628906,0.12040770794618656,0.20649397164064404,0,-0.007039471772268713,0,
SPY,2016-03-23,172.6450653076172,0.1253470245759447,0.20649397164064404,0,-0.00044288431792682825,0,
SPY,2016-03-24,172.568603515625,0.12087291864331408,0.20628448529988863,0,0.0005910982809429477,0,
SPY,2016-03-28,172.6706085205078,0.11988812778539383,0.2055531251476929,0,0.003493063580596978,0,
SPY,2016-03-29,174.26779174804688,0.11592307846167951,0.20501795888187144,0,-0.0057040592728329065,0,
SPY,2016-03-30,175.03240966796875,0.08874524178472021,0.2046335225266153,0,-0.010047577684238918,0,
SPY,2016-03-31,174.6076202392578,0.08978832560812758,0.20428027920170436,0,-0.007639198695107097,0,
SPY,2016-04-01,175.7970428466797,0.09122577810697105,0.20400652012404585,0,-0.014353397936904155,0,
SPY,2016-04-04,175.2278594970703,0.09295352437286061,0.20303299696222463,0,-0.011151774427357375,0,
SPY,2016-04-05,173.47769165039062,0.10186182384887266,0.20215048178270278,0,-0.0011755616176361006,0,
SPY,2016-04-06,175.37225341796875,0.09675578492708312,0.20196978538310112,0,-0.011965949245101193,0,
SPY,2016-04-07,173.2737579345703,0.10852769353420218,0.20196978538310112,0,0.00034344079595838295,0,
SPY,2016-04-08,173.74105834960938,0.1085993263354123,0.20196978538310112,0,-0.0023471201428665323,0,
SPY,2016-04-11,173.33326721191406,0.09469778829864584,0.20196978538310112,0,0.0008819876880892252,0,
SPY,2016-04-12,174.9474639892578,0.09926177986276953,0.20196978538310112,0,-0.008352901702057824,0,
SPY,2016-04-13,176.71461486816406,0.10357432991053478,0.20196978538310112,0,-0.018269399229041583,0,
SPY,2016-04-14,176.7230987548828,0.10256273341167045,0.20196978538310112,0,-0.018316528841774482,0,
SPY,2016-04-15,176.5277099609375,0.10120636718625767,0.20196978538310112,0,-0.017229957506837312,0,
SPY,2016-04-18,177.7681121826172,0.1029528732922779,0.20196978538310112,0,-0.024087374898188574,0,
SPY,2016-04-19,178.32882690429688,0.10319019229543751,0.20196978538310112,0,-0.027155911743671823,0,
SPY,2016-04-20,178.49880981445312,0.1029808879153326,0.20196978538310112,0,-0.028082342958658746,0,
SPY,2016-04-21,177.53871154785156,0.10180780938177458,0.20196978538310112,0,-0.02282638244351587,0,
SPY,2016-04-22,177.53871154785156,0.10171369209329548,0.20196978538310112,0,-0.02282638244351587,0,
SPY,2016-04-25,177.2328643798828,0.10229420323643815,0.20196978538310112,0,-0.021140093703619245,0,
SPY,2016-04-26,177.49624633789062,0.097961819972192,0.20196978538310112,0,-0.02259259787796042,0,
SPY,2016-04-27,177.86154174804688,0.09721791804260005,0.20196978538310112,0,-0.02460001575109294,0,
SPY,2016-04-28,176.2472686767578,0.1028985641796077,0.20196978538310112,0,-0.015666192605177542,0,
SPY,2016-04-29,175.29583740234375,0.10206841747113239,0.20196978538310112,0,-0.010323647210508713,0,
SPY,2016-05-02,176.68910217285156,0.10521118370301809,0.20196978538310112,0,-0.01812764405915046,0,
SPY,2016-05-03,175.15138244628906,0.10359014165245144,0.20196978538310112,0,-0.009507418117401745,0,
SPY,2016-05-04,174.17433166503906,0.09803644198192851,0.20196978538310112,0,-0.0039511369954976505,0,
SPY,2016-05-05,174.14036560058594,0.08777385992091992,0.20196978538310112,0,-0.0037568577440294515,0,
SPY,2016-05-06,174.77757263183594,0.08819311461553764,0.20196978538310112,0,-0.007388977846860545,0,
SPY,2016-05-09,174.92196655273438,0.08764753838772374,0.20196978538310112,0,-0.008208354625205194,0,
SPY,2016-05-10,177.09695434570312,0.0923261150752995,0.20196978538310112,0,-0.020388884379814787,0,
SPY,2016-05-11,175.4402313232422,0.09176176258361088,0.20196978538310112,0,-0.011138188139472982,0,
SPY,2016-05-12,175.49119567871094,0.09178015994647765,0.20196978538310112,0,-0.01142536325782706,0,
SPY,2016-05-13,173.96194458007812,0.09650727559809076,0.20196978538310112,0,-0.02013074555490546,0,
SPY,2016-05-16,175.6781463623047,0.09995501794446658,0.20196978538310112,0,-0.029703099291832902,0,
SPY,2016-05-17,174.0384063720703,0.1035628729812356,0.20196978538310112,0,-0.020561239953669097,0,
SPY,2016-05-18,174.08944702148438,0.10340589425813021,0.20196978538310112,0,-0.02084839802803473,0,
SPY,2016-05-19,173.48614501953125,0.10260669213973347,0.20196978538310112,0,-0.017443376136408784,0,
SPY,2016-05-20,174.58212280273438,0.10592779841175491,0.20196978538310112,0,-0.02361159206370822,0,
SPY,2016-05-23,174.34423828125,0.10589558582450613,0.20196978538310112,0,-0.02227935595717212,0,
SPY,2016-05-24,176.60414123535156,0.11639077879287296,0.20196978538310112,0,-0.034790692080450825,0,
SPY,2016-05-25,177.80210876464844,0.11880104816837195,0.20196978538310112,0,-0.04129392996607839,0,
SPY,2016-05-26,177.85301208496094,0.1138321730385576,0.20196978538310112,0,-0.04156832128279764,0,
SPY,2016-05-27,178.61769104003906,0.11240165344999983,0.20196978538310112,0,-0.04567145647801718,0,
SPY,2016-05-31,178.27783203125,0.10968846630966345,0.20196978538310112,0,-0.04385217727114621,0,
SPY,2016-06-01,178.6431884765625,0.10425207364197737,0.20196978538310112,0,-0.04580766615759391,0,
SPY,2016-06-02,179.18692016601562,0.10149143808689674,0.20196978538310112,0,-0.04870310411290146,0,
SPY,2016-06-03,178.65164184570312,0.10256108216745556,0.20196978538310112,0,-0.04585281626058646,0,
SPY,2016-06-06,179.5607452392578,0.10312089656976023,0.20196978538310112,0,-0.050683596181511525,1,15.0
SPY,2016-06-07,179.84107971191406,0.10310433099153729,0.20196978538310112,0,-0.052163381077569126,1,14.0
SPY,2016-06-08,180.42727661132807,0.09500265106612822,0.20196978538310112,0,-0.05524284277315461,1,13.0
SPY,2016-06-09,180.1809539794922,0.08739172662264132,0.20196978538310112,0,-0.05395127968463642,1,12.0
SPY,2016-06-10,178.47323608398438,0.09551006801382726,0.20196978538310112,0,-0.04489902980586713,0,
SPY,2016-06-13,177.09695434570312,0.09422174197414222,0.20196978538310112,0,-0.03747660953698473,0,
SPY,2016-06-14,176.7485809326172,0.0885325611720595,0.20196978538310112,0,-0.03557946526040079,0,
SPY,2016-06-15,176.50221252441406,0.08118428945603846,0.20196978538310112,0,-0.03423329090607452,0,
SPY,2016-06-16,177.02891540527344,0.0815636626870938,0.20196978538310112,0,-0.03710667521593913,0,
SPY,2016-06-17,176.36973571777344,0.08175011912002124,0.20196978538310112,0,-0.033507873424101775,0,
SPY,2016-06-20,177.5054473876953,0.08185882703525517,0.20196978538310112,0,-0.039691663291927304,0,
SPY,2016-06-21,178.0093231201172,0.08172287478220026,0.20196978538310112,0,-0.042409925785308555,0,
SPY,2016-06-22,177.7189483642578,0.06909990935215012,0.20196978538310112,0,-0.04084532062321,0,
SPY,2016-06-23,180.03335571289062,0.07944908886251949,0.20196978538310112,0,-0.05317567257179756,1,2.0
SPY,2016-06-24,173.5685577392578,0.1541332459987203,0.20215048178270278,0,-0.01790990742936105,0,
SPY,2016-06-27,170.4599609375,0.16367611285558806,0.20303299696222463,0,0.018035738838505733,0,
SPY,2016-06-28,173.53433227539062,0.1787357728273004,0.20400652012404585,0,0.01702790161672474,0,
SPY,2016-06-29,176.4892578125,0.18988617604599053,0.20428027920170436,0,0.00846788974961954,0,
SPY,2016-06-30,178.89752197265625,0.1961284934728981,0.2046335225266153,0,-0.005107798995379498,0,
SPY,2016-07-01,179.27328491210938,0.19595866325536532,0.20501795888187144,0,-0.007193127091374207,0,
SPY,2016-07-05,177.98374938964844,0.1967376608179107,0.2055531251476929,0,0.005373984629910122,0,
SPY,2016-07-06,179.05126953125,0.19795573400411967,0.20715492894739032,0,-0.0006201475605199791,0,
SPY,2016-07-07,178.9402313232422,0.1975311269077478,0.20876913728429547,0,0.014890304251879094,0,
SPY,2016-07-08,181.60470581054688,0.2046842821137205,0.21057762463888274,0,0.0035267390745783445,0,
SPY,2016-07-11,182.24517822265625,0.20151489227306554,0.2140811014062534,0,0.007123217249041858,0,
SPY,2016-07-12,183.5689392089844,0.19985959980433446,0.21986246046946872,0,-0.00013939716254884882,0,
SPY,2016-07-13,183.54335021972656,0.1995078220063459,0.22454618337302046,0,0.0029312401833714308,0,
SPY,2016-07-14,184.56814575195312,0.1995199969679822,0.2258580280888337,0,-0.0026374317555646343,0,
SPY,2016-07-15,184.3204803466797,0.199895407534107,0.22627006086735002,0,-0.0012973082695351135,0,
SPY,2016-07-18,184.81576538085935,0.19874217879623468,0.2273771000683818,0,-0.003973716831270679,0,
SPY,2016-07-19,184.6279296875,0.1984700731343172,0.228417485571662,0,-0.002960385382341002,0,
SPY,2016-07-20,185.3965301513672,0.19860182472128676,0.22856125484167295,0,-0.007093823638512409,0,
SPY,2016-07-21,184.6962432861328,0.1992743347134358,0.2298945795729437,0,-0.003329160419895394,0,
SPY,2016-07-22,185.524658203125,0.19529530298580094,0.2320547827972849,0,-0.007779549919793016,0,
SPY,2016-07-25,185.020751953125,0.13561872052487728,0.2320547827972849,0,-0.005077225554038112,0,
SPY,2016-07-26,185.1061553955078,0.11074746501279308,0.2320547827972849,0,-0.005536258532499505,0,
SPY,2016-07-27,184.90977478027344,0.0993710912078914,0.2320547827972849,0,-0.004480103434102323,0,
SPY,2016-07-28,185.12327575683597,0.08527425755984486,0.2320547827972849,0,-0.01609991362682517,0,
SPY,2016-07-29,185.42218017578125,0.07437583163453644,0.2320547827972849,0,-0.017685981072148027,0,
SPY,2016-08-01,185.2684326171875,0.07493941566393235,0.2320547827972849,0,-0.017101321127296898,0,
SPY,2016-08-02,184.08135986328125,0.07374126211427141,0.2320547827972849,0,-0.011134324428902054,0,
SPY,2016-08-03,184.6194000244141,0.0721597135358043,0.2320547827972849,0,-0.014016196254683422,0,
SPY,2016-08-04,184.81576538085935,0.07174018682603923,0.2320547827972849,0,-0.015063796607784785,0,
SPY,2016-08-05,186.32742309570312,0.05817506159324059,0.2320547827972849,0,-0.023054495914145434,0,
SPY,2016-08-08,186.2164001464844,0.0579102517708065,0.2320547827972849,0,-0.022472037167202252,0,
SPY,2016-08-09,186.32742309570312,0.05314340276708975,0.2320547827972849,0,-0.023054495914145434,0,
SPY,2016-08-10,185.86622619628903,0.054296070539336536,0.2320547827972849,0,-0.02063036407157437,0,
SPY,2016-08-11,186.728759765625,0.05325653630298131,0.2320547827972849,0,-0.025154247745609926,0,
SPY,2016-08-12,186.5665435791016,0.053055658291275544,0.2320547827972849,0,-0.024306637250471996,0,
SPY,2016-08-15,187.1045379638672,0.0531619393275463,0.2320547827972849,0,-0.027112114638271456,0,
SPY,2016-08-16,186.13951110839844,0.05677586787552749,0.2320547827972849,0,-0.022068247642255123,0,
SPY,2016-08-17,186.4896697998047,0.055340900120264644,0.2320547827972849,0,-0.02390444212454368,0,
SPY,2016-08-18,186.90809631347656,0.05355580559558879,0.2320547827972849,0,-0.02608960301028418,0,
SPY,2016-08-19,186.6348419189453,0.05197457075742956,0.2320547827972849,0,-0.024663688678743134,0,
SPY,2016-08-22,186.62631225585935,0.05076779281275314,0.2298945795729437,0,-0.02461911141613471,0,
SPY,2016-08-23,187.0020751953125,0.05107689940905073,0.22856125484167295,0,-0.026579046830743858,0,
SPY,2016-08-24,186.04556274414065,0.05465061112012041,0.228417485571662,0,-0.021574416522960438,0,
SPY,2016-08-25,185.9174652099609,0.05466291532442989,0.2273771000683818,0,-0.02090027918744841,0,
SPY,2016-08-26,185.56732177734372,0.054885262098955896,0.22627006086735002,0,-0.019052834638288108,0,
SPY,2016-08-29,186.4811248779297,0.05740637113971367,0.2258580280888337,0,-0.0238597155588387,0,
SPY,2016-08-30,186.17369079589844,0.05222168593573086,0.22454618337302046,0,-0.02224778644577252,0,
SPY,2016-08-31,185.6441192626953,0.052783930171987334,0.21986246046946872,0,-0.019458634056345292,0,
SPY,2016-09-01,185.65272521972656,0.052706371625473585,0.2140811014062534,0,-0.01950408718315877,0,
SPY,2016-09-02,186.4896697998047,0.04668221920994203,0.21057762463888274,0,-0.02390444212454368,0,
SPY,2016-09-06,187.0533447265625,0.04777540102279227,0.20876913728429547,0,-0.026845852196084263,0,
SPY,2016-09-07,187.0362548828125,0.04776675675281502,0.2066824871387925,0,-0.02675693332663276,0,
SPY,2016-09-08,186.60923767089844,0.04762877589960797,0.20501795888187144,0,-0.0245298649026221,0,
SPY,2016-09-09,182.14280700683597,0.09679197107408007,0.20419165760598185,0,-0.0006097892494969503,0,
SPY,2016-09-12,184.7560272216797,0.11134210212018449,0.202684194719648,0,-0.014745331891992564,0,
SPY,2016-09-13,182.10009765625,0.12101030090917388,0.20092580709718735,0,-0.0003753944993980518,0,
SPY,2016-09-14,182.03173828125,0.12019940855712843,0.1995987630276062,0,0.0014205802827782499,0,
SPY,2016-09-15,183.8507537841797,0.12612652793540846,0.19919210313818567,0,-0.008487453940598244,0,
SPY,2016-09-16,183.1400909423828,0.12609465935264483,0.19859843162066754,0,-0.004639955994987233,0,
SPY,2016-09-19,183.1744079589844,0.12615352662934912,0.19515141627774982,0,-0.004826432848032858,0,
SPY,2016-09-20,183.18304443359372,0.12616264552704692,0.19205609420583372,0,-0.011292299162587782,0,
SPY,2016-09-21,185.2429962158203,0.1330137110577805,0.19205609420583372,0,-0.028171713789483355,0,
SPY,2016-09-22,186.4102783203125,0.13388015224033314,0.19205609420583372,0,-0.03867750592145891,0,
SPY,2016-09-23,185.38885498046875,0.13533358588353542,0.19205609420583372,0,-0.0344457829381668,0,
SPY,2016-09-26,183.88677978515625,0.13818948618215485,0.19205609420583372,0,-0.026558674137455496,0,
SPY,2016-09-27,185.02838134765625,0.13891953047360717,0.19205609420583372,0,-0.03256468321840145,0,
SPY,2016-09-28,185.9467620849609,0.1400972505651797,0.19205609420583372,0,-0.037342792552268134,0,
SPY,2016-09-29,184.26449584960935,0.1434544632174651,0.19205609420583372,0,-0.028554090698228562,0,
SPY,2016-09-30,185.65493774414065,0.146169786282328,0.19205609420583372,0,-0.03582962619960983,0,
SPY,2016-10-03,185.2086639404297,0.14540489132599183,0.19205609420583372,0,-0.03350638725934241,0,
SPY,2016-10-04,184.26449584960935,0.14577411930805637,0.19205609420583372,0,-0.028554090698228562,0,
SPY,2016-10-05,185.07989501953125,0.14691793145805734,0.19205609420583372,0,-0.03283395150096513,0,
SPY,2016-10-06,185.2086639404297,0.14682535563567498,0.19205609420583372,0,-0.03350638725934241,0,
SPY,2016-10-07,184.5735015869141,0.11769165148253956,0.1916762466679296,0,-0.030180447444319247,0,
SPY,2016-10-10,185.53477478027344,0.10780818980153274,0.19122020001739398,0,-0.03520517415321578,0,
SPY,2016-10-11,183.1915435791016,0.10474967112367159,0.19079891733875748,0,-0.02286433519043274,0,
SPY,2016-10-12,183.4319000244141,0.10477677005505463,0.18992283146760364,0,-0.024144706025333473,0,
SPY,2016-10-13,182.83108520507807,0.0991365166482759,0.189237129117297,0,-0.02093787540629599,0,
SPY,2016-10-14,182.9254913330078,0.09824582963569925,0.18921004092356816,0,-0.021443160172853193,0,
SPY,2016-10-17,182.2903289794922,0.09898298069242989,0.18916589046604,0,-0.018033530770608097,0,
SPY,2016-10-18,183.4319000244141,0.1016307490764588,0.18868461874661874,0,-0.024144706025333473,0,
SPY,2016-10-19,183.92111206054688,0.09344278648388403,0.18812389266409363,0,-0.026740384955217023,0,
SPY,2016-10-20,183.57778930664065,0.09018344204396728,0.18775681776952832,0,-0.024920218296903274,0,
SPY,2016-10-21,183.6636657714844,0.08850452646217348,0.18615246250471945,0,-0.02537614083466566,0,
SPY,2016-10-24,184.44476318359372,0.0851234825762808,0.1832610103948249,0,-0.02950353464641775,0,
SPY,2016-10-25,183.82672119140625,0.08285731783112335,0.1816128229095557,0,-0.02624063812642008,0,
SPY,2016-10-26,183.45762634277344,0.0806317956220027,0.18149724055734365,0,-0.024281550507985528,0,
SPY,2016-10-27,182.96841430664065,0.07475276775058715,0.18145721192408013,0,-0.021672722032441416,0,
SPY,2016-10-28,182.42767333984372,0.069164468186827,0.1813995247356001,0,-0.018772824070433902,0,
SPY,2016-10-31,182.43621826171875,0.06899278139825128,0.18133651666946876,0,-0.018818782650587895,0,
SPY,2016-11-01,181.11448669433597,0.07119327651321838,0.18133651666946876,0,-0.011658349424269132,0,
SPY,2016-11-02,180.02438354492188,0.07058188434055031,0.18133651666946876,0,-0.005673635993930559,0,
SPY,2016-11-03,179.2003936767578,0.07100670674055663,0.18133651666946876,0,-0.0011015765649357023,0,
SPY,2016-11-04,179.00299072265625,0.0707105409958335,0.18133651666946876,0,0.022056850399875927,0,
SPY,2016-11-07,182.95123291015625,0.10699332404964935,0.18133651666946876,0,0.004504127309904016,0,
SPY,2016-11-08,183.7752685546875,0.0984709477045459,0.18096046994212547,0,0.010602051030662807,0,
SPY,2016-11-09,185.72366333007807,0.10513501536202229,0.18096046994212547,0,0.00018444597113331795,0,
SPY,2016-11-10,186.18716430664065,0.10428726617706452,0.18096046994212547,0,-0.002305448910593366,0,
SPY,2016-11-11,185.75791931152344,0.10490855689759145,0.18096046994212547,0,0.0007857838670506379,0,
SPY,2016-11-14,185.9038848876953,0.10370426840096697,0.18045533737748626,0,0.0059098459977950935,0,
SPY,2016-11-15,187.3544006347656,0.10486893479088971,0.1800656522568917,0,-0.0018780045507341692,0,
SPY,2016-11-16,187.00254821777344,0.1051859255825272,0.17901688196532434,0,0.0028914603269953876,0,
SPY,2016-11-17,187.96380615234372,0.10573467333463382,0.177799256654821,0,-0.0022373854518070724,0,
SPY,2016-11-18,187.5432586669922,0.10641142118679997,0.17696720914044672,0,0.004897226266563637,0,
SPY,2016-11-21,188.95947265625,0.10833796464390141,0.1755618227065594,0,-0.00263428030254087,0,
SPY,2016-11-22,189.32861328125,0.10700129913551666,0.17423539294091436,0,-0.004578879160272886,0,
SPY,2016-11-23,189.4315643310547,0.10627991397492366,0.17231643862517784,0,-0.005119864237126848,0,
SPY,2016-11-25,190.13536071777344,0.10528617872269173,0.16967536986641807,0,-0.008802467210739406,0,
SPY,2016-11-28,189.2427673339844,0.10653458006087464,0.16780781667763825,0,-0.004127327588445251,0,
SPY,2016-11-29,189.61183166503903,0.10632515413703116,0.16656717534973317,0,-0.006065714441373493,0,
SPY,2016-11-30,189.15692138671875,0.10205614540042172,0.1653269484918424,0,-0.0036753661572038743,0,
SPY,2016-12-01,188.46170043945312,0.09986246575704255,0.16371584448380683,0,0.0005008490792586251,0,
SPY,2016-12-02,188.55609130859372,0.09680093069960824,0.16284526490221085,0,0.006008798748455613,0,
SPY,2016-12-05,189.6890869140625,0.09653081840793849,0.1626492436335777,0,0.003167285848231449,0,
SPY,2016-12-06,190.28988647460935,0.06589091294539354,0.16210961583407563,0,0.013080676695503612,0,
SPY,2016-12-07,192.7790069580078,0.0763045332775211,0.16110711670278705,0,0.0011019501795359599,0,
SPY,2016-12-08,193.25112915039065,0.06997800002709911,0.1604959673888745,0,-0.0013437920502529233,0,
SPY,2016-12-09,194.41845703125,0.07142327943628665,0.160145928082893,0,-0.007339926639190697,0,
SPY,2016-12-12,194.1952667236328,0.07057413450938976,0.15970950093575595,0,-0.006199053790585274,0,
SPY,2016-12-13,195.4913482666016,0.07204827314446131,0.15955243149287335,0,-0.012787821401980315,0,
SPY,2016-12-14,193.87771606445312,0.07874672503553705,0.15945380108396612,0,-0.004571315688609245,0,
SPY,2016-12-15,194.6759185791016,0.0779900832188165,0.15915578429000893,0,-0.008652733075874441,0,
SPY,2016-12-16,194.29515075683597,0.07828939926032291,0.1588675381771958,0,-0.006709950981389268,0,
SPY,2016-12-19,194.71826171875,0.07693191004786308,0.158722694369355,0,-0.008868309958047216,0,
SPY,2016-12-20,195.46939086914065,0.07442062467805617,0.15826563904299418,0,-0.012676926237845554,0,
SPY,2016-12-21,194.9254913330078,0.07608450646089969,0.15787302181928237,0,-0.009922004045985644,0,
SPY,2016-12-22,194.5887451171875,0.07686985914184703,0.15779783196415897,0,-0.008208621196922672,0,
SPY,2016-12-23,194.8736572265625,0.07636500835305277,0.15774070570841214,0,-0.009658654915262632,0,
SPY,2016-12-27,195.3571319580078,0.07314799496179558,0.1575326791947103,0,-0.01210957652255229,0,
SPY,2016-12-28,193.7426300048828,0.08109397015291418,0.15733311876636086,0,-0.0038772581208788015,0,
SPY,2016-12-29,193.6994171142578,0.08021803064834246,0.15723427863445827,0,-0.0036550305905372893,0,
SPY,2016-12-30,192.99143981933597,0.08020163174543457,0.15714483088404466,0,0.007650210663646906,0,
SPY,2017-01-03,194.4678649902344,0.0833150158960917,0.15677770297555207,0,0.002974425496008015,0,
SPY,2017-01-04,195.6248321533203,0.08327346673049868,0.15640450486428142,0,-0.002957380108325358,0,
SPY,2017-01-05,195.46939086914065,0.08343591805830526,0.15596725653220825,0,-0.0021645112886666817,0,
SPY,2017-01-06,196.16873168945312,0.0718850151576407,0.15547080754006382,0,-0.005721791203780691,0,
SPY,2017-01-09,195.52117919921875,0.07310367283364474,0.15537335367223967,0,-0.0024288112170154363,0,
SPY,2017-01-10,195.52117919921875,0.07023065573037965,0.1553529021688278,0,-0.0024288112170154363,0,
SPY,2017-01-11,196.07374572753903,0.07057079104216536,0.15522657542952434,0,-0.005240123085888171,0,
SPY,2017-01-12,195.5815887451172,0.06736803975849641,0.1549470649151758,0,-0.0027369323592068007,0,
SPY,2017-01-13,196.03054809570312,0.06013556516527322,0.15473331664889828,0,-0.0050209160727694435,0,
SPY,2017-01-17,195.33987426757807,0.06025615649326317,0.15466892067097315,0,-0.001502914357159435,0,
SPY,2017-01-18,195.7715759277344,0.06011892898970709,0.15456391418015242,0,-0.0037047296487336956,0,
SPY,2017-01-19,195.0462951660156,0.06140328746271706,0.15445032090570787,0,0.0010623854982347858,0,
SPY,2017-01-20,195.7628936767578,0.06125781695627411,0.1543885781039142,0,-0.002602046515079115,0,
SPY,2017-01-23,195.2535095214844,0.06114896981212152,0.1541289422395059,0,0.006102155541666043,0,
SPY,2017-01-24,196.5054168701172,0.06464889589849004,0.15387706916355295,0,-0.00030757454140051266,0,
SPY,2017-01-25,198.2063140869141,0.07077624850662753,0.15384286168434452,0,-0.008886383304121614,0,
SPY,2017-01-26,197.9990997314453,0.07080517034887261,0.15364146405292028,0,-0.007849141369392965,0,
SPY,2017-01-27,197.6882781982422,0.06310955425918424,0.1532719655306779,0,-0.006289201377710163,0,
SPY,2017-01-30,196.4622802734375,0.06805860056356976,0.1530934221536656,0,-8.807526194221094e-05,0,
SPY,2017-01-31,196.44497680664065,0.06617130914352577,0.1529384769369708,0,0.00039559684324119715,0,
SPY,2017-02-01,196.52268981933597,0.06120238242977374,0.15275222492298543,0,0.0006591967536149212,0,
SPY,2017-02-02,196.65223693847656,0.05779173498674411,0.15264112610630254,0,0.005092645362851034,0,
SPY,2017-02-03,198.00770568847656,0.06217007517233248,0.15250833087731572,0,-0.001787751876777377,0,
SPY,2017-02-06,197.6537170410156,0.061734058004994125,0.15234164037251668,0,4.3849376157867326e-05,0,
SPY,2017-02-07,197.66238403320312,0.06020932900839598,0.1520233539548658,0,0.0013100198687632236,0,
SPY,2017-02-08,197.92132568359372,0.06023160726342765,0.15087103884804318,0,0.005932785916121119,0,
SPY,2017-02-09,199.09555053710935,0.06268888062135172,0.14986311277613185,0,0.003946527593734039,0,
SPY,2017-02-10,199.88128662109372,0.0623971340901579,0.14942516772370046,0,0.005442378364843847,0,
SPY,2017-02-13,200.9691162109375,0.06416747963788488,0.1489746533029957,0,0.003995380052346675,0,
SPY,2017-02-14,201.7720642089844,0.062270292181728845,0.14879872238328407,0,0.0040066294929854696,0,
SPY,2017-02-15,202.82534790039065,0.0635426414438526,0.14858962300552933,0,-0.0012072346509974796,0,
SPY,2017-02-16,202.65269470214844,0.061031783473034174,0.14809044629773183,0,-0.0003562972106039286,0,
SPY,2017-02-17,202.9721527099609,0.06068496056956223,0.14753758300518385,0,-0.0019296371074897234,0,
SPY,2017-02-21,204.1808624267578,0.060016925204614234,0.14721170371322082,0,-0.007838013295821011,0,
SPY,2017-02-22,203.9995574951172,0.05888323906529439,0.14699869646559038,0,-0.006956227749888466,0,
SPY,2017-02-23,204.1377410888672,0.05329679718985177,0.14638480351109404,0,-0.007628432490024428,0,
SPY,2017-02-24,204.396728515625,0.05247204552981444,0.1455141365566562,0,-0.008885848694889842,0,
SPY,2017-02-27,204.71617126464844,0.05113011203253322,0.14519467633026623,0,-0.010432400816947851,0,
SPY,2017-02-28,204.16363525390625,0.045018407132094956,0.1451608170008724,0,-0.007754295419126422,0,
SPY,2017-03-01,207.02142333984372,0.061205724663333724,0.14496495250126623,0,-0.02145156359131417,0,
SPY,2017-03-02,205.71774291992188,0.06863210906774288,0.14477857050452195,0,-0.019929286025919923,0,
SPY,2017-03-03,205.8472137451172,0.06864156689794633,0.14401300770893852,0,-0.020545716832921723,0,
SPY,2017-03-06,205.2342071533203,0.06882263805016572,0.1428845393099666,0,-0.01762022044383027,0,
SPY,2017-03-07,204.62124633789065,0.06977771201506634,0.14227532952358052,0,-0.014677416011176114,0,
SPY,2017-03-08,204.2413330078125,0.07070866929125294,0.14168964770459105,0,-0.012844598047389688,0,
SPY,2017-03-09,204.5004119873047,0.07071137348566131,0.14074839634351968,0,-0.014095212711940808,0,
SPY,2017-03-10,205.2169342041016,0.06927662242706409,0.13979723314255849,0,-0.01753753430434768,0,
SPY,2017-03-13,205.32054138183597,0.06875298138631888,0.13895972958612007,0,-0.018033296504347818,0,
SPY,2017-03-14,204.5348663330078,0.06931180127011628,0.13807970626633287,0,-0.014261290530263926,0,
SPY,2017-03-15,206.30479431152344,0.0738627813115732,0.1376564418975664,0,-0.02271812997124112,0,
SPY,2017-03-16,205.8990173339844,0.07297163351313167,0.13724065551793646,0,-0.020792144657864275,0,
SPY,2017-03-17,205.53741455078125,0.07330587840937912,0.13605691511320375,0,-0.01906942042004134,0,
SPY,2017-03-20,205.3119964599609,0.07349951850982563,0.13497882573907113,0,-0.017992427831742486,0,
SPY,2017-03-21,202.6758575439453,0.08485505453852686,0.13390017554463585,0,-0.005219774945577016,0,
SPY,2017-03-22,203.15280151367188,0.08536985752285317,0.13295835221758479,0,-0.007555230947206448,0,
SPY,2017-03-23,202.9359893798828,0.0853546035831563,0.13277781572567474,0,-0.006494925829796605,0,
SPY,2017-03-24,202.78858947753903,0.08516356442432682,0.13252323080828335,0,-0.00577278189019903,0,
SPY,2017-03-27,202.5804901123047,0.08486995714318356,0.13197523090234314,0,-0.0047514690635163115,0,
SPY,2017-03-28,204.0546417236328,0.08874694111918179,0.13197523090234314,0,-0.011941441382494755,0,
SPY,2017-03-29,204.245361328125,0.07213992351969696,0.13156604873148275,0,-0.012864067660463996,0,
SPY,2017-03-30,204.89572143554688,0.07013668659141774,0.13127944875777378,0,-0.01599733870438025,0,
SPY,2017-03-31,204.41883850097656,0.07045846814937937,0.12957118810912086,0,-0.013701786688799178,0,
SPY,2017-04-03,204.06326293945312,0.06997903958596141,0.1280433458295071,0,-0.011983184643649336,0,
SPY,2017-04-04,204.1933441162109,0.06930075478883585,0.12797164585725088,0,-0.012612599821476556,0,
SPY,2017-04-05,203.58636474609372,0.06978823773714943,0.12782836648812876,0,-0.00966876916282966,0,
SPY,2017-04-06,204.1586761474609,0.07041725200197267,0.12771528525045572,0,-0.012444932611934023,0,
SPY,2017-04-07,203.9505920410156,0.06918506221866624,0.12749507978959826,0,-0.011437362534757467,0,
SPY,2017-04-10,204.07192993164065,0.06919985030211784,0.12729375876128282,0,-0.012025145995329112,0,
SPY,2017-04-11,203.8291778564453,0.06803828524436145,0.1262182294476241,0,-0.010848509026213038,0,
SPY,2017-04-12,202.9359893798828,0.061061704429914855,0.12506320046579772,0,-0.006494925829796605,0,
SPY,2017-04-13,201.6179351806641,0.0642437564314998,0.12494136196994278,0,0.0040000808280606925,0,
SPY,2017-04-17,203.40423583984372,0.07306731507940423,0.12459808842121653,0,-0.004817070883625929,0,
SPY,2017-04-18,202.7971954345703,0.07357173242360857,0.1235371086497839,0,-0.0018381527219746285,0,
SPY,2017-04-19,202.42442321777344,0.057814051106337264,0.1227067096164573,0,0.004925943874783956,0,
SPY,2017-04-20,204.07192993164065,0.06425082544407569,0.12260474542666613,0,-0.003186990814605495,0,
SPY,2017-04-21,203.4215545654297,0.06525270010494887,0.12246490310197054,0,0.005243621560619527,0,
SPY,2017-04-24,205.65884399414065,0.07556836747665621,0.12206096410734919,0,-0.005692066319940459,0,
SPY,2017-04-25,206.85546875,0.0773615733677435,0.12170869470671448,0,-0.011443973656878659,0,
SPY,2017-04-26,206.72543334960935,0.07395863412084758,0.12129432433118766,0,-0.010822147514776725,0,
SPY,2017-04-27,206.89886474609372,0.07395454242994536,0.12063736970275887,0,-0.011651318310558878,0,
SPY,2017-04-28,206.44790649414065,0.07396684137753529,0.12031474679533277,0,-0.009492400831647818,0,
SPY,2017-05-01,206.9681854248047,0.0736138940810646,0.11973804045596553,0,-0.011982349871168863,0,
SPY,2017-05-02,207.0462188720703,0.07309514485711209,0.1186468604235424,0,-0.012354722878600954,0,
SPY,2017-05-03,206.79476928710935,0.07341988376911923,0.11777709322189496,0,-0.011153807614269318,0,
SPY,2017-05-04,207.03759765625,0.072180928561379,0.11720961185935456,0,-0.012313596517088077,0,
SPY,2017-05-05,207.8526306152344,0.07269428441915084,0.11651374243991999,0,-0.016186518257826132,0,
SPY,2017-05-08,207.8179626464844,0.07245873096545309,0.11572011256170495,0,-0.01602239955217366,0,
SPY,2017-05-09,207.6272430419922,0.07275254041667034,0.11535132689228259,0,-0.01511854986444916,0,
SPY,2017-05-10,208.0000915527344,0.07240554631800042,0.11492615062117484,0,-0.016883989385169662,0,
SPY,2017-05-11,207.57522583007807,0.07053725136583619,0.11450215622293039,0,-0.014871743980475749,0,
SPY,2017-05-12,207.22833251953125,0.06548813366673421,0.11429177980381558,0,-0.013222672167326754,0,
SPY,2017-05-15,208.3729248046875,0.06142023991932583,0.11373965545316692,0,-0.018643039125572525,0,
SPY,2017-05-16,208.18215942382807,0.059965698000317896,0.11288083735544141,0,-0.017743783709458172,0,
SPY,2017-05-17,204.48822021484372,0.09049492349271174,0.11288083735544141,0,0.004028477749240089,0,
SPY,2017-05-18,205.3119964599609,0.0870410053978601,0.11288083735544141,0,0.006504189753248069,0,
SPY,2017-05-19,206.6473846435547,0.08864895431052089,0.11288083735544141,0,0.005077368171513275,0,
SPY,2017-05-22,207.6966094970703,0.08192462996217449,0.11288083735544141,0,0.0022128176655140663,0,
SPY,2017-05-23,208.1562042236328,0.07980245650630585,0.11288083735544141,0,0.0023326228904336777,0,
SPY,2017-05-24,208.64175415039065,0.08002988186283463,0.11288083735544141,0,0.0034495806720509226,0,
SPY,2017-05-25,209.6389923095703,0.08147809357708535,0.11288083735544141,0,-0.00132375944771701,0,
SPY,2017-05-26,209.59564208984372,0.08086436699657924,0.11288083735544141,0,-0.0011172053703897289,0,
SPY,2017-05-30,209.4135589599609,0.0807799158891368,0.11288083735544141,0,-0.00024868612772210863,0,
SPY,2017-05-31,209.36148071289065,0.08083203768299511,0.11288083735544141,0,0.001172533732573644,0,
SPY,2017-06-01,211.02638244628903,0.08459466814790999,0.11288083735544141,0,-0.0067262600936744965,0,
SPY,2017-06-02,211.72879028320312,0.08499197828572227,0.11288083735544141,0,-0.01002143435022207,0,
SPY,2017-06-05,211.57269287109372,0.08455973124802632,0.11288083735544141,0,-0.009291032472528604,0,
SPY,2017-06-06,210.8963165283203,0.08573953738338176,0.11288083735544141,0,-0.006113679168119113,0,
SPY,2017-06-07,211.2865447998047,0.08559426582449614,0.11288083735544141,0,-0.007949302640487765,0,
SPY,2017-06-08,211.3906097412109,0.08553327162593154,0.11288083735544141,0,-0.00843767673534046,0,
SPY,2017-06-09,211.06971740722656,0.08532083475629151,0.11288083735544141,0,-0.00693019024172159,0,
SPY,2017-06-12,211.02638244628903,0.08490691866995996,0.11288083735544141,0,-0.0067262600936744965,0,
SPY,2017-06-13,212.0582733154297,0.08448249219871665,0.11288083735544141,0,-0.011559601829141508,0,
SPY,2017-06-14,211.7894744873047,0.0845908711029133,0.11288083735544141,0,-0.0103050936844713,0,
SPY,2017-06-15,211.38194274902344,0.04919739044910436,0.11226913756088963,0,-0.008397021120213788,0,
SPY,2017-06-16,211.42807006835935,0.04862358094454017,0.11188004432148248,0,-0.008613359410803323,0,
SPY,2017-06-19,213.1883087158203,0.05143885918942395,0.11159734223444445,0,-0.016798972823909297,0,
SPY,2017-06-20,211.75050354003903,0.057526653674344466,0.11125700475905378,0,-0.01012294843636885,0,
SPY,2017-06-21,211.6982269287109,0.05748321238656312,0.11094410662378715,0,-0.009878508893166438,0,
SPY,2017-06-22,211.60238647460935,0.057377522868131525,0.11094410662378715,0,-0.00943005604296776,0,
SPY,2017-06-23,211.85508728027344,0.05538814607992457,0.11093488241309471,0,-0.010611608141234852,0,
SPY,2017-06-26,211.99452209472656,0.055321464840451716,0.11086299280613893,0,-0.011262356969448772,0,
SPY,2017-06-27,210.28662109375,0.06318766858801506,0.11070303256938345,0,-0.003232050516989049,0,
SPY,2017-06-28,212.1687164306641,0.0702759170647849,0.11051636714650201,0,-0.012074128374968018,0,
SPY,2017-06-29,210.30409240722656,0.07245621510583142,0.11038921987850486,0,-0.0033148584410264137,0,
SPY,2017-06-30,210.69610595703125,0.07170347152950161,0.11030343820007565,0,-0.005169254746100083,0,
SPY,2017-07-03,211.05343627929688,0.07200073489429114,0.11018955170920863,0,-0.006853582644608669,0,
SPY,2017-07-05,211.5414276123047,0.07153097750616781,0.11004432163387377,0,-0.009144608329494375,0,
SPY,2017-07-06,209.60696411132807,0.07845154244115442,0.11004432163387377,0,0.006485133876138027,0,
SPY,2017-07-07,210.9662933349609,0.08212919595653122,0.11004432163387377,0,0.0003305393715427041,0,
SPY,2017-07-10,211.19281005859372,0.08205072498382256,0.11004432163387377,0,-0.0007423740305063653,0,
SPY,2017-07-11,211.03602600097656,0.08209324768839403,0.11004432163387377,0,0.002147072941985906,0,
SPY,2017-07-12,212.6218719482422,0.08463100731825243,0.11004432163387377,0,-0.005327467939565622,0,
SPY,2017-07-13,212.9791259765625,0.08463046796744765,0.11004432163387377,0,-0.00699594491968647,0,
SPY,2017-07-14,213.9725341796875,0.08557299178335083,0.11004432163387377,0,-0.011606155187256495,0,
SPY,2017-07-17,213.9463806152344,0.08560214216771467,0.11004432163387377,0,-0.011485330417746464,0,
SPY,2017-07-18,214.05958557128903,0.0806328775335677,0.11004432163387377,0,-0.012008104296013844,0,
SPY,2017-07-19,215.21853637695312,0.07821120429847017,0.11004432163387377,0,-0.017328436005315195,0,
SPY,2017-07-20,215.31439208984372,0.07812542281386575,0.11004432163387377,0,-0.017765911096458753,0,
SPY,2017-07-21,215.12274169921875,0.07823735904385415,0.11004432163387377,0,-0.016890849978621558,0,
SPY,2017-07-24,215.0704498291016,0.07831376286917545,0.11004432163387377,0,-0.016651818461159373,0,
SPY,2017-07-25,215.59326171875,0.07853692924494877,0.11004432163387377,0,-0.019036429728107596,0,
SPY,2017-07-26,215.6019744873047,0.0712384699308216,0.10984040502838104,0,-0.019076071798031502,0,
SPY,2017-07-27,215.4015350341797,0.06553595867398719,0.10968875084658025,0,-0.01816328417237778,0,
SPY,2017-07-28,215.1488800048828,0.05556446003706839,0.10964911326806762,0,-0.01701028730715337,0,
SPY,2017-07-31,215.0268402099609,0.05581362946222586,0.10962184495238725,0,-0.016452385499033717,0,
SPY,2017-08-01,215.50613403320312,0.055931066314351775,0.10952921144440193,0,-0.018639832731613737,0,
SPY,2017-08-02,215.61070251464844,0.05575817614662432,0.10929313044735152,0,-0.01911578008137571,0,
SPY,2017-08-03,215.1923828125,0.042682157826415316,0.10929313044735152,0,-0.01720900629433142,0,
SPY,2017-08-04,215.58453369140625,0.038199289803656646,0.10929313044735152,0,-0.0189967150198308,0,
SPY,2017-08-07,215.98536682128903,0.038298028659238634,0.10929313044735152,0,-0.020817294918047957,0,
SPY,2017-08-08,215.45382690429688,0.039864977461509916,0.10929313044735152,0,-0.01840158153176119,0,
SPY,2017-08-09,215.4450836181641,0.03186112697940083,0.10929313044735152,0,-0.018361745877607305,0,
SPY,2017-08-10,212.40402221679688,0.06138918713859394,0.10929313044735152,0,-0.004307293548686086,0,
SPY,2017-08-11,212.7176971435547,0.05909489971494449,0.10929313044735152,0,-0.00577554861614582,0,
SPY,2017-08-14,214.8264617919922,0.06924178356353745,0.10929313044735152,0,-0.015534985876349272,0,
SPY,2017-08-15,214.8002777099609,0.06923996781414697,0.10929313044735152,0,-0.015414979920297611,0,
SPY,2017-08-16,215.1749725341797,0.06675071437947638,0.10929313044735152,0,-0.01712948652244728,0,
SPY,2017-08-17,211.82025146484372,0.08689296027453312,0.10952921144440193,0,-0.0015631920006061728,0,
SPY,2017-08-18,211.4891357421875,0.08693333053109167,0.10962184495238725,0,0.0007828196977925916,0,
SPY,2017-08-21,211.6546936035156,0.08710463112260695,0.10964911326806762,0,0.0044874912425216795,0,
SPY,2017-08-22,213.86790466308597,0.09524388032763342,0.10968875084658025,0,-0.005907443090052533,0,
SPY,2017-08-23,213.1011657714844,0.09589059282043479,0.10984040502838104,0,-0.0023306938851616055,0,
SPY,2017-08-24,212.6044921875,0.0960870777862114,0.11004432163387377,0,0.002336138709366331,0,
SPY,2017-08-25,213.1011657714844,0.09664011859734876,0.11018955170920863,0,4.0670787304630807e-05,0,
SPY,2017-08-28,213.10983276367188,0.096656774121491,0.11030343820007565,0,0.0011447501805408322,0,
SPY,2017-08-29,213.35379028320312,0.09633539949703337,0.11038921987850486,0,0.004737614281543623,0,
SPY,2017-08-30,214.3645782470703,0.09807247629697584,0.11060750654447836,0,0.00020343668481626054,0,
SPY,2017-08-31,215.6542205810547,0.1003224308167961,0.11086299280613893,0,-0.005777919446633084,0,
SPY,2017-09-01,215.95921325683597,0.10024053155406397,0.11093488241309471,0,-0.007182029269482748,0,
SPY,2017-09-05,214.4081878662109,0.10323690090392552,0.11094410662378715,0,0.002113304280588979,0,
SPY,2017-09-06,215.14010620117188,0.10375729206874418,0.11129059954169358,0,-0.0012959396491571962,0,
SPY,2017-09-07,215.114013671875,0.10375735458697566,0.11188004432148248,0,-0.0011748005633821501,0,
SPY,2017-09-08,214.86129760742188,0.08953992757436172,0.11274085142043253,0,0.01066567716415201,0,
SPY,2017-09-11,217.15293884277344,0.09636747934608178,0.11274085142043253,0,0.0033709416579681406,0,
SPY,2017-09-12,217.88494873046875,0.09108304519989553,0.11274085142043253,0,0.0001597416345386904,0,
SPY,2017-09-13,217.98947143554688,0.09103547180326595,0.11274085142043253,0,-0.00031982006638875404,0,
SPY,2017-09-14,217.9197540283203,0.09102760941685659,0.11274085142043253,0,0.0003015070661955832,0,
SPY,2017-09-15,218.2131805419922,0.06749379707093953,0.11188004432148248,0,-0.001043576595158635,0,
SPY,2017-09-18,218.6772918701172,0.06654556418193326,0.11129059954169358,0,-0.003163718967695406,0,
SPY,2017-09-19,218.8961639404297,0.06651145961129593,0.11094410662378715,0,-0.004160445528200718,0,
SPY,2017-09-20,218.97496032714844,0.058064528117282105,0.11093488241309471,0,-0.0045187904208164875,0,
SPY,2017-09-21,218.38829040527344,0.05715654382278342,0.11086299280613893,0,-0.0018445679047280894,0,
SPY,2017-09-22,218.43206787109372,0.055754530340422166,0.11060750654447836,0,-0.0020446150669316543,0,
SPY,2017-09-25,217.98545837402344,0.0568883474682475,0.11038921987850486,0,0.0006025523777124508,0,
SPY,2017-09-26,218.11680603027344,0.05678012780688009,0.11030343820007565,0,0.003894504062155857,0,
SPY,2017-09-27,218.9662628173828,0.05759803967924868,0.11018955170920863,0,0.001199567419849279,0,
SPY,2017-09-28,219.2289276123047,0.056156417896431304,0.11004432163387377,0,0.0035151833802486987,0,
SPY,2017-09-29,219.9995574951172,0.05394119276823791,0.10984040502838104,0,0.00433863732219919,0,
SPY,2017-10-02,220.9540557861328,0.055217319537832654,0.10968875084658025,0,0.00214005854101873,0,
SPY,2017-10-03,221.42691040039065,0.04559759824112302,0.10964911326806762,0,0.0011865126492667244,0,
SPY,2017-10-04,221.68963623046875,0.04511557570117694,0.10962184495238725,0,0.0031203858417148123,0,
SPY,2017-10-05,223.0031890869141,0.047267434897066286,0.10952921144440193,0,-0.002788281444955354,0,
SPY,2017-10-06,222.7491912841797,0.04723765211652308,0.10929313044735152,0,-0.0016511748008695148,0,
SPY,2017-10-09,222.3813934326172,0.03551638232765411,0.10908511862686587,0,0.0026386053452633895,0,
SPY,2017-10-10,222.9681701660156,0.03501417101584047,0.10886476153845295,0,7.842631642285269e-05,0,
SPY,2017-10-11,223.3184051513672,0.034949801286156684,0.10868620955346339,0,-0.0014900178642257567,0,
SPY,2017-10-12,222.98565673828125,0.03586406008439089,0.10864632106787388,0,0.001217291742452442,0,
SPY,2017-10-13,223.2570953369141,0.03585760489029765,0.10843985615953457,0,0.0013336407092783276,0,
SPY,2017-10-16,223.55484008789065,0.035679696713129885,0.10824063906080698,0,0.0,0,
SPY,2017-10-17,223.7124938964844,0.03570636377526513,0.1081411474981187,0,-0.0007047161553109804,0,
SPY,2017-10-18,223.931396484375,0.03560641697943334,0.10803675602906435,0,-0.0016815703487591538,0,
SPY,2017-10-19,223.99267578125,0.03286020455292752,0.10791431253894887,0,-0.0019546875442790768,0,
SPY,2017-10-20,225.14862060546875,0.03532975389800986,0.10769136501535673,0,-0.00707879316911697,0,
SPY,2017-10-23,224.2729034423828,0.038289945943503906,0.10742583677675208,0,-0.003201739235861978,0,
SPY,2017-10-24,224.6669769287109,0.038181291266599006,0.10721569270684084,0,-0.004950157143802869,0,
SPY,2017-10-25,223.55484008789065,0.04335197740161145,0.10699631202533118,0,0.0012926177181042942,0,
SPY,2017-10-26,223.84381103515625,0.04335783518210795,0.10682380983303,0,0.003208013072818483,0,
SPY,2017-10-27,225.67401123046875,0.049535555792516374,0.10664998744033127,0,-0.004927932628035148,0,
SPY,2017-10-30,224.83335876464844,0.051177143521727586,0.10664998744033127,0,-0.0012073557896985498,0,
SPY,2017-10-31,225.1836395263672,0.05102761775401268,0.10664998744033127,0,-0.0027610115035370253,0,
SPY,2017-11-01,225.48133850097656,0.051042000938251154,0.10635890781707194,0,-0.004077648287270641,0,
SPY,2017-11-02,225.56890869140625,0.047416605788134655,0.10635890781707194,0,-0.004464284506324967,0,
SPY,2017-11-03,226.3220367431641,0.04793053150331291,0.1061860641416251,0,-0.007777112035868505,0,
SPY,2017-11-06,226.67233276367188,0.04710133301216159,0.1061860641416251,0,-0.009310478392815735,0,
SPY,2017-11-07,226.51466369628903,0.04700993738746264,0.10611571649421664,0,-0.00862089348741113,0,
SPY,2017-11-08,226.8999938964844,0.04704085262788183,0.1060650320826857,0,-0.0103044911950263,0,
SPY,2017-11-09,226.07684326171875,0.048997208891362026,0.10596210285048202,0,-0.006700988622432291,0,
SPY,2017-11-10,226.0067596435547,0.04907853205394498,0.10585869416366633,0,-0.006392971336816933,0,
SPY,2017-11-13,226.2169189453125,0.04902082730613779,0.10583103180600117,0,-0.007316048887068605,0,
SPY,2017-11-14,225.6915283203125,0.0500963519341883,0.10574678963641167,0,-0.0050051653311626865,0,
SPY,2017-11-15,224.56190490722656,0.05363853199540904,0.10565679011351402,0,0.005537447486354097,0,
SPY,2017-11-16,226.47088623046875,0.06124899602130737,0.10551987680006819,0,-0.0029384861712669075,0,
SPY,2017-11-17,225.80540466308597,0.059912834442124835,0.1053799295963734,0,0.0017060647774826965,0,
SPY,2017-11-20,226.19064331054688,0.058173910794904415,0.10527550674134803,0,0.0056524616440101205,0,
SPY,2017-11-21,227.67059326171875,0.06195596728609414,0.10508679463303437,0,-0.0008846817357457404,0,
SPY,2017-11-22,227.46917724609372,0.05864698844323982,0.1049677797097954,0,0.001809501577067163,0,
SPY,2017-11-24,227.99456787109372,0.05885467677281636,0.1048246783231864,0,-0.000499067987020485,0,
SPY,2017-11-27,227.8807830810547,0.05242890294721576,0.10467446231416182,0,0.009529746601720346,0,
SPY,2017-11-28,230.1925506591797,0.06008411704200325,0.10431713496388698,0,-0.0006087141376195371,0,
SPY,2017-11-29,230.05242919921875,0.0603939405783815,0.10395941704421409,0,0.0018271883611788997,0,
SPY,2017-11-30,232.06658935546875,0.06622698274517794,0.10393303291192496,0,-0.006867903904576811,0,
SPY,2017-12-01,231.58493041992188,0.06731557585951885,0.10388880449295117,0,-0.0048023509025080235,0,
SPY,2017-12-04,231.30470275878903,0.06744189257664299,0.10386131353326332,0,-0.0035966602864277997,0,
SPY,2017-12-05,230.4727783203125,0.06942642846661046,0.10386131353326332,0,0.00018994636216640437,0,
SPY,2017-12-06,230.5165557861328,0.06923894876380499,0.10386131353326332,0,0.0031531462654099673,0,
SPY,2017-12-07,231.243408203125,0.06965723966207245,0.10386131353326332,0,0.005453135277293519,0,
SPY,2017-12-08,232.50440979003903,0.06918413257134105,0.10385918743346398,0,0.0005647285571976912,0,
SPY,2017-12-11,233.2048797607422,0.06909782085359095,0.10382909929944212,0,-0.0024406354249716378,0,
SPY,2017-12-12,233.61654663085935,0.06905907310387355,0.10378868439058805,0,-0.0041984824066734205,0,
SPY,2017-12-13,233.5902557373047,0.0678226374756548,0.10377689609250548,0,-0.004086403623172918,0,
SPY,2017-12-14,232.63571166992188,0.06667598219080655,0.103711465068699,0,0.008327684862417195,0,
SPY,2017-12-15,234.57302856445312,0.06644947849630542,0.10361767046809837,0,0.0013130832555670047,0,
SPY,2017-12-18,236.06056213378903,0.06589273275760917,0.10341128336552946,0,-0.004996682388021201,0,
SPY,2017-12-19,235.15391540527344,0.06932798974756699,0.10341128336552946,0,-0.0011604013666300927,0,
SPY,2017-12-20,235.0307159423828,0.06764722851428301,0.10318171457736346,0,-0.011609317240249606,0,
SPY,2017-12-21,235.51475524902344,0.06702230229532624,0.10304591121319892,0,-0.013640697143675329,0,
SPY,2017-12-22,235.453125,0.06735244410721311,0.10295525697426691,0,-0.013382515947474971,0,
SPY,2017-12-26,235.17149353027344,0.06768683726059464,0.10251803222348448,0,-0.035779839074229325,0,
SPY,2017-12-27,235.28594970703125,0.05977854033567411,0.10207266435594842,0,-0.03624888940770565,0,
SPY,2017-12-28,235.76995849609372,0.05951920663605121,0.1018956920400122,0,-0.038227360333224825,0,
SPY,2017-12-29,234.88104248046875,0.05502033646982152,0.10163210605218709,0,-0.034587496111910365,0,
SPY,2018-01-02,236.56219482421875,0.05866104511596288,0.10150054933115825,0,-0.041448294367536165,0,
SPY,2018-01-03,238.05845642089844,0.060823586835476263,0.1013557691889169,0,-0.0474730503334988,0,
SPY,2018-01-04,239.06185913085935,0.05851003012880186,0.10120176723568688,0,-0.05147104535487523,1,24.0
SPY,2018-01-05,240.65493774414065,0.06055836812566058,0.10110744925135454,0,-0.05775008207810994,1,23.0
SPY,2018-01-08,241.09503173828125,0.06045162695881534,0.10104036289928213,0,-0.05947006165158808,1,22.0
SPY,2018-01-09,241.64073181152344,0.05915284081270459,0.10100101497504896,0,-0.06159407134314754,1,21.0
SPY,2018-01-10,241.27105712890625,0.06023709373433813,0.10075340861613383,0,-0.06015624901182259,1,20.0
SPY,2018-01-11,243.0313873291016,0.06340149746253675,0.10032976250610197,0,-0.06696374559286711,1,19.0
SPY,2018-01-12,244.6157073974609,0.06483981342844974,0.10007002242771221,0,-0.07300680831394635,1,15.0
SPY,2018-01-16,243.77957153320312,0.06399986617908825,0.10007002242771221,0,-0.06982732839027306,1,17.0
SPY,2018-01-17,246.10313415527344,0.06559221075505961,0.10007002242771221,0,-0.07860947762718606,1,13.0
SPY,2018-01-18,245.6894989013672,0.0653968392454137,0.10007002242771221,0,-0.0770582529945798,1,12.0
SPY,2018-01-19,246.8072509765625,0.06214674787081093,0.10007002242771221,0,-0.08123811419767579,1,11.0
SPY,2018-01-22,248.81411743164065,0.06423390496286525,0.10007002242771221,0,-0.08864859567619399,1,10.0
SPY,2018-01-23,249.34214782714844,0.06422405181929518,0.10007002242771221,0,-0.09057855916878921,1,9.0
SPY,2018-01-24,249.2453155517578,0.064307066581812,0.10007002242771221,0,-0.09022524722304703,1,8.0
SPY,2018-01-25,249.35096740722656,0.06320348028822421,0.09991615977955486,0,-0.09061072553776528,1,7.0
SPY,2018-01-26,252.2379913330078,0.06937167469329121,0.09991615977955486,0,-0.10101926304373998,1,6.0
SPY,2018-01-29,250.5657196044922,0.07807948024462946,0.10007002242771221,0,-0.09501947954077294,1,5.0
SPY,2018-01-30,247.99549865722656,0.0884095650878391,0.10007002242771221,0,-0.08564027748611547,1,4.0
SPY,2018-01-31,248.1187286376953,0.08714260579520758,0.10032976250610197,0,-0.08609440092679832,1,3.0
SPY,2018-02-01,247.8370819091797,0.0867044968092926,0.10075340861613383,0,-0.08505582138830381,1,2.0
SPY,2018-02-02,242.44163513183597,0.12104763719404592,0.10100101497504896,1,-0.06469408518216302,1,4.0
SPY,2018-02-05,232.3021697998047,0.19385084461572497,0.10109575251289207,1,-0.023870093282681193,0,
SPY,2018-02-06,236.87896728515625,0.20785494145977043,0.10120176723568688,1,-0.04273014216605142,0,
SPY,2018-02-07,235.5940399169922,0.2081076095491252,0.1013557691889169,1,-0.03750920262325674,0,
SPY,2018-02-08,226.7570953369141,0.24604125216415748,0.10150054933115825,1,0.005641907916779099,0,
SPY,2018-02-09,230.16336059570312,0.25174164309252384,0.10163210605218709,1,-0.009240926105341107,0,
SPY,2018-02-12,233.543212890625,0.25723947298383826,0.1018956920400122,1,-0.023579254709160558,0,
SPY,2018-02-13,234.12413024902344,0.2577563726787348,0.10250279573407824,1,-0.026001985588871568,0,
SPY,2018-02-14,237.2839508056641,0.2604388874950646,0.10295525697426691,1,-0.038972348471037366,0,
SPY,2018-02-15,240.3116607666016,0.2654833520554105,0.10304591121319892,1,-0.05321325424715706,1,25.0
SPY,2018-02-16,240.3820953369141,0.2647124550748191,0.10318171457736346,1,-0.053490673068726124,1,24.0
SPY,2018-02-20,238.8770294189453,0.2628418889341429,0.10341128336552946,1,-0.047527107076345,0,
SPY,2018-02-21,237.688720703125,0.2625612937478316,0.10361767046809837,1,-0.042765283137474075,0,
SPY,2018-02-22,237.996826171875,0.26279974106052073,0.103711465068699,1,-0.044004498197130815,0,
SPY,2018-02-23,241.7903594970703,0.2704878037096317,0.10377689609250548,1,-0.05900344522863943,1,20.0
SPY,2018-02-26,244.59800720214844,0.2705091828973629,0.10378868439058805,1,-0.06980478759324327,1,19.0
SPY,2018-02-27,241.5438537597656,0.27279653008147936,0.10382909929944212,1,-0.05804311837318654,1,18.0
SPY,2018-02-28,239.09701538085935,0.27274374560767844,0.10385918743346398,1,-0.048403448695302886,0,
SPY,2018-03-01,235.62042236328125,0.2763065993349883,0.10386131353326332,1,-0.034362586308949394,0,
SPY,2018-03-02,236.83499145507807,0.2776383029219148,0.10388880449295117,1,-0.039314698111964974,0,
SPY,2018-03-05,239.5723114013672,0.27144488658236526,0.10393303291192496,1,-0.05029135490332193,1,19.0
SPY,2018-03-06,240.1796417236328,0.22117033272969605,0.10395941704421409,1,-0.052692835950365446,1,13.0
SPY,2018-03-07,240.0915985107422,0.2109184304016269,0.10395941704421409,1,-0.052345452006759885,1,12.0
SPY,2018-03-08,241.2535095214844,0.21011898025786754,0.10395941704421409,1,-0.05690949029112413,1,11.0
SPY,2018-03-09,245.45184326171875,0.15787369864032225,0.10395941704421409,1,-0.0730405922392311,1,9.0
SPY,2018-03-12,245.14376831054688,0.153368262309564,0.10397984326326244,1,-0.07187567184883215,1,9.0
SPY,2018-03-13,243.55953979492188,0.15075799652185515,0.10402474833064364,1,-0.065838704346182,1,8.0
SPY,2018-03-14,242.3096923828125,0.15291665690542486,0.10409857736992624,1,-0.061020246337407436,1,7.0
SPY,2018-03-15,242.0455322265625,0.14675480843076674,0.10409857736992624,1,-0.05999547617882861,1,6.0
SPY,2018-03-16,242.30813598632807,0.14013123797597815,0.10409857736992624,1,-0.061014215071549915,1,5.0
SPY,2018-03-19,239.0295867919922,0.1487323649452146,0.10409857736992624,1,-0.04813500990709063,0,
SPY,2018-03-20,239.4361267089844,0.14715261123287032,0.10409857736992624,1,-0.049751186711230466,0,
SPY,2018-03-21,238.9764862060547,0.14614127223149953,0.10409857736992624,1,-0.04792350546366286,0,
SPY,2018-03-22,233.0028076171875,0.17191739125234728,0.10409857736992624,1,-0.02351436194930845,0,
SPY,2018-03-23,228.03643798828125,0.17441071887313006,0.10409857736992624,1,-0.0022476351987033016,0,
SPY,2018-03-26,234.2752990722656,0.19838255049517015,0.10409857736992624,1,-0.028818248596114926,0,
SPY,2018-03-27,230.28988647460935,0.2022118500579903,0.10409857736992624,1,-0.012010910480180548,0,
SPY,2018-03-28,229.6093597412109,0.2001331979940064,0.10409857736992624,1,-0.009082663180148831,0,
SPY,2018-03-29,232.5432281494141,0.20079465840994873,0.10409857736992624,1,-0.021584515385316583,0,
SPY,2018-04-02,227.52389526367188,0.21291061398947134,0.10409857736992624,1,0.008739048190309573,0,
SPY,2018-04-03,230.4400634765625,0.21399947123962657,0.10409857736992624,1,-0.004026322132257176,0,
SPY,2018-04-04,232.90557861328125,0.21814530121049377,0.10409857736992624,1,-0.014569599769387764,0,
SPY,2018-04-05,234.74366760253903,0.22067148346965923,0.10431275109651217,1,-0.02228571320853978,0,
SPY,2018-04-06,229.51223754882807,0.23196895667627987,0.10431275109651217,1,0.004928425801097092,0,
SPY,2018-04-09,230.64337158203125,0.22195761171196035,0.10431275109651217,1,0.006206632104224008,0,
SPY,2018-04-10,234.31060791015625,0.23185784990330094,0.10494986754514302,1,-0.00954168397828048,0,
SPY,2018-04-11,233.08241271972656,0.23160201285276574,0.10560987632296581,1,-0.004322602341598869,0,
SPY,2018-04-12,234.99993896484372,0.23417645948329385,0.10633179097249333,1,-0.01244701952268401,0,
SPY,2018-04-13,234.31060791015625,0.23422210974560687,0.10707708557774206,1,-0.00954168397828048,0,
SPY,2018-04-16,236.2370758056641,0.23665629927944734,0.10742583677675208,1,-0.017618680957468658,0,
SPY,2018-04-17,238.7644195556641,0.2355268567484764,0.10742583677675208,1,-0.028017279255403427,0,
SPY,2018-04-18,238.9412841796875,0.23545668387235708,0.10742583677675208,1,-0.02873674202656884,0,
SPY,2018-04-19,237.61566162109372,0.2361833960358203,0.10777815481784456,1,-0.02331820826360509,0,
SPY,2018-04-20,235.6008453369141,0.2195107760347794,0.1081362475917526,1,-0.014965800293089582,0,
SPY,2018-04-23,235.5654754638672,0.2034955624767923,0.10843985615953457,1,-0.01481789859178173,0,
SPY,2018-04-24,232.39306640625,0.1866616644985412,0.10843985615953457,1,-0.0013691297870954688,0,
SPY,2018-04-25,232.9674530029297,0.17599230326329646,0.10843985615953457,1,-0.003831277093456098,0,
SPY,2018-04-26,235.33567810058597,0.1786060038837863,0.10843985615953457,1,-0.013855901451855113,0,
SPY,2018-04-27,235.55665588378903,0.1733959573718813,0.10843985615953457,1,-0.014781011956579992,0,
SPY,2018-04-30,233.7451171875,0.1554630271406122,0.10843985615953457,1,-0.007145505629713167,0,
SPY,2018-05-01,234.1604461669922,0.14957216086080077,0.10843985615953457,1,-0.008906525693865963,0,
SPY,2018-05-02,232.58750915527344,0.1471089275662393,0.10843985615953457,1,-0.002203983440110191,0,
SPY,2018-05-03,232.07489013671875,0.14422392550636043,0.10843985615953457,1,0.012946454988605582,0,
SPY,2018-05-04,235.07943725585935,0.1263481775228266,0.10864632106787388,1,0.0033831259509993217,0,
SPY,2018-05-07,235.87474060058597,0.1258647244527458,0.10864632106787388,1,0.0,0,
SPY,2018-05-08,235.87474060058597,0.11333858787079405,0.10864632106787388,1,0.007867754040276065,0,
SPY,2018-05-09,238.15464782714844,0.11588170573588312,0.10864632106787388,1,-0.0017807873458380863,0,
SPY,2018-05-10,240.381591796875,0.11685271410430802,0.11290177151284567,1,-0.011028493209953694,0,
SPY,2018-05-11,241.11502075195312,0.11601611379157098,0.11715367729387141,0,-0.014036768416388234,0,
SPY,2018-05-14,241.23001098632807,0.113255665223763,0.11725247033425194,0,-0.014506760282745668,0,
SPY,2018-05-15,239.5685577392578,0.11063912123579793,0.11733642250674324,0,-0.007672178321968981,0,
SPY,2018-05-16,240.57598876953125,0.11155254123122037,0.11741334143477221,0,-0.01182762976529561,0,
SPY,2018-05-17,240.3727569580078,0.10947833951319551,0.11741334143477221,0,-0.010992143816547784,0,
SPY,2018-05-18,239.77186584472656,0.10483737750852588,0.11741334143477221,0,-0.008513596011732183,0,
SPY,2018-05-21,241.57456970214844,0.10732265709516431,0.11741334143477221,0,-0.015912372990843582,0,
SPY,2018-05-22,240.90298461914065,0.09351843001197199,0.11741334143477221,0,-0.013168950896191078,0,
SPY,2018-05-23,241.5656890869141,0.09355013751817079,0.11741334143477221,0,-0.015876195238922808,0,
SPY,2018-05-24,241.0708770751953,0.08909114745447945,0.11741334143477221,0,-0.013856223828347725,0,
SPY,2018-05-25,240.49647521972656,0.08999920068389682,0.11741334143477221,0,-0.011500917729684756,0,
SPY,2018-05-29,237.7305450439453,0.0958131917302197,0.11741334143477221,0,0.005722562307649115,0,
SPY,2018-05-30,240.90298461914065,0.10547169544718774,0.11741334143477221,0,-0.0075217487305718755,0,
SPY,2018-05-31,239.4272003173828,0.10488057365821905,0.11741334143477221,0,-0.0014042991629458212,0,
SPY,2018-06-01,241.7779083251953,0.10791621026629353,0.11741334143477221,0,-0.011113237943934373,0,
SPY,2018-06-04,242.92654418945312,0.1007313248944467,0.11741334143477221,0,-0.01578901680695377,0,
SPY,2018-06-05,243.1034240722656,0.10056474627908378,0.11741334143477221,0,-0.016505119938920232,0,
SPY,2018-06-06,245.13584899902344,0.10321489774627729,0.11741334143477221,0,-0.024659290443711734,0,
SPY,2018-06-07,245.10934448242188,0.09929915754107084,0.11741334143477221,0,-0.02455382349758939,0,
SPY,2018-06-08,245.833984375,0.09509360731848449,0.11741334143477221,0,-0.02742912657805452,0,
SPY,2018-06-11,246.16098022460935,0.09482754018033708,0.11741334143477221,0,-0.028721072355852972,0,
SPY,2018-06-12,246.47911071777344,0.09480796257412501,0.11741334143477221,0,-0.029974701693249894,0,
SPY,2018-06-13,245.69259643554688,0.09151661131962739,0.11741334143477221,0,-0.026869444301257372,0,
SPY,2018-06-14,246.3111267089844,0.09099459040480255,0.11741334143477221,0,-0.02931314514721184,0,
SPY,2018-06-15,245.99696350097656,0.09113449458850276,0.1175739789827474,0,-0.02807347904747004,0,
SPY,2018-06-18,245.4909210205078,0.09091151738954584,0.1177413537645774,0,-0.026069999222425477,0,
SPY,2018-06-19,244.55003356933597,0.08936138242228368,0.11937735508388736,0,-0.022322878428056026,0,
SPY,2018-06-20,244.9672698974609,0.0885153562985228,0.1220127018880427,0,-0.023988090325413602,0,
SPY,2018-06-21,243.4315948486328,0.09168286526032357,0.12310797950416244,0,-0.01783097198595429,0,
SPY,2018-06-22,243.8754730224609,0.09134846286689256,0.12316683273369394,0,-0.01961861954699151,0,
SPY,2018-06-25,240.55560302734372,0.10416075755670653,0.12506974794298414,0,-0.006088530504053891,0,
SPY,2018-06-26,241.08824157714844,0.09491688287717732,0.12694610646427507,0,-0.0082843885860715,0,
SPY,2018-06-27,239.09097290039065,0.08768664315332295,0.12765299932620244,0,0.005717443528542088,0,
SPY,2018-06-28,240.4579620361328,0.08743451853701878,0.12838135046329913,0,3.6868633378484006e-05,0,
SPY,2018-06-29,240.80409240722656,0.08004763856568671,0.12838135046329913,0,-0.0014005784174055957,0,
SPY,2018-07-02,241.31903076171875,0.07843329047136748,0.12838135046329913,0,-0.0035314387201487163,0,
SPY,2018-07-03,240.46682739257807,0.07912723127538192,0.12838135046329913,0,0.008158074180509178,0,
SPY,2018-07-05,242.42857360839844,0.07883160979016103,0.12838135046329913,0,0.008458251517406756,0,
SPY,2018-07-06,244.4790954589844,0.08504450784390584,0.12838135046329913,0,0.005228064442158953,0,
SPY,2018-07-09,246.6803741455078,0.09043896394203338,0.12922997923275545,0,-0.0037421956404144474,0,
SPY,2018-07-10,247.5681304931641,0.09117685574625958,0.13019809281286931,0,-0.007314683698390723,0,
SPY,2018-07-11,245.7572479248047,0.09498317257141006,0.1303697181042186,0,0.008957560831412303,0,
SPY,2018-07-12,247.9853363037109,0.09957504434463268,0.13052847124027395,0,-0.00010767927353017015,0,
SPY,2018-07-13,248.1806182861328,0.09929178813612224,0.1306854276883609,0,-0.000894448828495098,0,
SPY,2018-07-16,247.9586334228516,0.09921669944690702,0.13093284324916976,0,0.001217583740573902,0,
SPY,2018-07-17,248.9617156982422,0.0995741818115515,0.1313408712677563,0,-0.002816384330552535,0,
SPY,2018-07-18,249.48545837402344,0.0982037165803562,0.13207215618087154,0,-0.004909763313519,0,
SPY,2018-07-19,248.54458618164065,0.0995999134305355,0.1326936910397714,0,-0.0011428225525333957,0,
SPY,2018-07-20,248.2605438232422,0.09641825265494709,0.13320487781475168,0,0.0009652118687377698,0,
SPY,2018-07-23,248.7220001220703,0.09642240773936595,0.13383939740757234,0,-0.0008918884348056988,0,
SPY,2018-07-24,249.97369384765625,0.08011545061315037,0.13383939740757234,0,-0.005894724273965313,0,
SPY,2018-07-25,252.1040496826172,0.08344491880324593,0.13383939740757234,0,-0.014295215965291153,0,
SPY,2018-07-26,251.5094146728516,0.07577988468571421,0.13383939740757234,0,-0.011964748238495027,0,
SPY,2018-07-27,249.8049774169922,0.08161309676996671,0.13383939740757234,0,-0.0052233129371734854,0,
SPY,2018-07-30,248.5001678466797,0.08546988276201038,0.13383939740757234,0,0.003250150576821653,0,
SPY,2018-07-31,249.7250823974609,0.0862791438468206,0.13383939740757234,0,-0.0016708437250605446,0,
SPY,2018-08-01,249.30783081054688,0.08501860143956683,0.13383939740757234,0,0.0032758544500464115,0,
SPY,2018-08-02,250.66607666015625,0.08287474547492431,0.13383939740757234,0,-0.00216044264877302,0,
SPY,2018-08-03,251.74005126953125,0.0796375608000212,0.13383939740757234,0,-0.006417430535368029,0,
SPY,2018-08-06,252.6633453369141,0.07510947959194918,0.13383939740757234,0,-0.010048225855593174,0,
SPY,2018-08-07,253.4976959228516,0.07499175828169416,0.13383939740757234,0,-0.013306507315708038,0,
SPY,2018-08-08,253.39126586914065,0.0682801483743031,0.13383939740757234,0,-0.012892073767407086,0,
SPY,2018-08-09,253.0449676513672,0.06290187075202862,0.13383939740757234,0,-0.011541192464462613,0,
SPY,2018-08-10,251.3495330810547,0.06864126738667417,0.13383939740757234,0,-0.004873715453135974,0,
SPY,2018-08-13,250.40855407714844,0.07021566058466641,0.13383939740757234,0,-0.0011342547807767778,0,
SPY,2018-08-14,252.0063934326172,0.07222731484266103,0.13383939740757234,0,-0.0074675345710280006,0,
SPY,2018-08-15,250.12452697753903,0.07744044471692427,0.13383939740757234,0,0.008091367575025599,0,
SPY,2018-08-16,252.14837646484372,0.08084527039259194,0.13383939740757234,0,0.0035206486058891873,0,
SPY,2018-08-17,253.03610229492188,0.08111173321238448,0.13383939740757234,0,0.002139845361875281,0,
SPY,2018-08-20,253.5775604248047,0.08115931545766915,0.13383939740757234,0,0.0004201953983817841,0,
SPY,2018-08-21,254.17225646972656,0.07993305743998166,0.13383939740757234,0,-0.001920524008711566,0,
SPY,2018-08-22,254.02142333984372,0.07473103469602675,0.13320487781475168,0,-0.001327883241423966,0,
SPY,2018-08-23,253.68411254882807,0.0743175437815831,0.1326936910397714,0,0.006018185862367131,0,
SPY,2018-08-24,255.21083068847656,0.07164154124018396,0.13207215618087154,0,0.00031317455020918317,0,
SPY,2018-08-27,257.22589111328125,0.07143705522933906,0.1313408712677563,0,-0.007523095281427361,0,
SPY,2018-08-28,257.3501281738281,0.07053790221098274,0.13093284324916976,0,-0.035734660966892706,0,
SPY,2018-08-29,258.73486328125,0.07075887829538034,0.13038532695337512,0,-0.06202136202110253,1,30.0
SPY,2018-08-30,257.6874389648437,0.07239445418787431,0.12973773049208492,0,-0.05820875230432543,1,29.0
SPY,2018-08-31,257.6963195800781,0.07170776062750997,0.12881176995662325,0,-0.05824120789280873,1,28.0
SPY,2018-09-04,257.25244140625,0.07177359997331419,0.12788579295443717,0,-0.05661624305071811,1,27.0
SPY,2018-09-05,256.56005859375,0.07226942683787135,0.1275473319626045,0,-0.05407031792705097,1,26.0
SPY,2018-09-06,255.78790283203125,0.07333406706092715,0.12634764018210956,0,-0.05121480738059225,1,25.0
SPY,2018-09-07,255.29075622558597,0.07355455703154093,0.12473974820862768,0,-0.049367167670756995,0,
SPY,2018-09-10,255.7346343994141,0.06858771030443647,0.12336588168366827,0,-0.051017179475322805,1,23.0
SPY,2018-09-11,256.5778503417969,0.06683534229808498,0.1220793091707269,0,-0.05413591105035087,1,22.0
SPY,2018-09-12,256.6400451660156,0.06406104595759034,0.12170328650254023,0,-0.07816453637820953,1,21.0
SPY,2018-09-13,258.1578369140625,0.05811410622631724,0.1214677527037323,0,-0.08358429925067223,1,20.0
SPY,2018-09-14,258.2023010253906,0.052968815719138376,0.12072054075430674,0,-0.0837421119796028,1,19.0
SPY,2018-09-17,256.835205078125,0.05693581886291582,0.12072054075430674,0,-0.08393429353885984,1,18.0
SPY,2018-09-18,258.2289428710937,0.059141517921237924,0.12072054075430674,0,-0.08887857043416814,1,17.0
SPY,2018-09-19,258.50408935546875,0.05890416015604899,0.12072054075430674,0,-0.08984834951506726,1,16.0
SPY,2018-09-20,260.5989074707031,0.06391401617216223,0.12072054075430674,0,-0.09716458189513066,1,15.0
SPY,2018-09-21,260.36083984375,0.06370623424831155,0.12072054075430674,0,-0.09633905112158403,1,14.0
SPY,2018-09-24,259.49591064453125,0.06317865499186555,0.12072054075430674,0,-0.09332704704438177,1,13.0
SPY,2018-09-25,259.2552185058594,0.057667234766617906,0.12072054075430674,0,-0.09248529329539057,1,12.0
SPY,2018-09-26,258.4794006347656,0.0589048712732405,0.12072054075430674,0,-0.08976141616625444,1,11.0
SPY,2018-09-27,259.20166015625,0.0565832774834107,0.12072054075430674,0,-0.09229777524512794,1,10.0
SPY,2018-09-28,259.2284240722656,0.054425587685689385,0.12072054075430674,0,-0.09239149053193518,1,9.0
SPY,2018-10-01,260.1289978027344,0.05555787960056424,0.12072054075430674,0,-0.09553365610394382,1,8.0
SPY,2018-10-02,259.9774169921875,0.05510609392783197,0.12072054075430674,0,-0.09500630360115214,1,7.0
SPY,2018-10-03,260.1201477050781,0.05377757123789336,0.12072054075430674,0,-0.09550288334166102,1,6.0
SPY,2018-10-04,258.0871276855469,0.06050556464179746,0.12072054075430674,0,-0.08837792223931906,1,5.0
SPY,2018-10-05,256.642578125,0.06374305423245218,0.12072054075430674,0,-0.08324672662308497,1,4.0
SPY,2018-10-08,256.642578125,0.0635084040411406,0.12072054075430674,0,-0.08324672662308497,1,3.0
SPY,2018-10-09,256.2680358886719,0.0626518063806312,0.12072054075430674,0,-0.08190686845473782,1,2.0
SPY,2018-10-10,248.15380859375,0.1300237539694414,0.1214677527037323,1,-0.05188671124062649,1,13.0
SPY,2018-10-11,242.68777465820312,0.14574680032318,0.12170328650254023,1,-0.03277340543909235,0,
SPY,2018-10-12,246.0583953857422,0.15734803396460054,0.1220793091707269,1,-0.04602291884318943,0,
SPY,2018-10-15,244.67620849609372,0.1574315274038309,0.12336588168366827,1,-0.040633859470785905,0,
SPY,2018-10-16,250.0263519287109,0.17739966391986567,0.12473974820862768,1,-0.06116268139948866,1,6.0
SPY,2018-10-17,250.07090759277344,0.17724991682540098,0.12634764018210956,1,-0.06132995603602909,1,5.0
SPY,2018-10-18,246.4596405029297,0.17895755119606352,0.1275473319626045,1,-0.0475760276805709,0,
SPY,2018-10-19,246.3258819580078,0.1790139648965665,0.12788579295443717,1,-0.04705884757885559,0,
SPY,2018-10-22,245.22021484375,0.1791105351305449,0.12881176995662325,1,-0.04276215574728548,0,
SPY,2018-10-23,243.97186279296875,0.1791359647919941,0.12973773049208492,1,-0.037864173610007934,0,
SPY,2018-10-24,236.57989501953125,0.20439231127470148,0.13038532695337512,1,-0.007802121964590958,0,
SPY,2018-10-25,240.82421875,0.21789358703975165,0.13093284324916976,1,-0.025288772688196515,0,
SPY,2018-10-26,236.5886993408203,0.22293816337323896,0.1313408712677563,1,-0.007839045236602171,0,
SPY,2018-10-29,235.2779235839844,0.2209152368702312,0.13207215618087154,1,-0.002311537570041211,0,
SPY,2018-10-30,238.76437377929688,0.2314095345291632,0.1326936910397714,1,-0.016879838023086124,0,
SPY,2018-10-31,241.31460571289065,0.23688308799366153,0.13320487781475168,1,-0.03754193699898978,0,
SPY,2018-11-01,243.8827362060547,0.24164564638891578,0.13383939740757234,1,-0.0663597841695156,1,30.0
SPY,2018-11-02,242.43820190429688,0.2416985053570482,0.13452043732963537,1,-0.061826624782939654,1,29.0
SPY,2018-11-05,243.77566528320312,0.2433413143881345,0.13532862346944766,1,-0.08094675528080053,1,28.0
SPY,2018-11-06,245.3183441162109,0.24536601094207344,0.13601286099868443,1,-0.10159236229381718,1,26.0
SPY,2018-11-07,250.5702667236328,0.23157591938031125,0.1364295808457613,1,-0.13844494001810936,1,9.0
SPY,2018-11-08,250.11557006835935,0.21575689324912387,0.136596813744979,1,-0.15968472582315751,1,8.0
SPY,2018-11-09,247.67233276367188,0.2141965432310002,0.13673351275107176,1,-0.15139518616138747,1,9.0
SPY,2018-11-12,243.04449462890625,0.2240015466555058,0.1368939889598641,1,-0.13523680444274666,1,23.0
SPY,2018-11-13,242.5896759033203,0.2084291302786574,0.13714880563988996,1,-0.1336155050487291,1,22.0
SPY,2018-11-14,240.93121337890625,0.20916911992135714,0.1373996074349632,1,-0.1276517023663828,1,21.0
SPY,2018-11-15,243.44573974609372,0.2078316850372221,0.13890097145422167,1,-0.13666209950070363,1,20.0
SPY,2018-11-16,244.07884216308597,0.2081448349353137,0.1403014256476071,1,-0.13890146325154407,1,19.0
SPY,2018-11-19,239.9503326416016,0.21600557913911658,0.14126857506922186,1,-0.12408567421401762,1,18.0
SPY,2018-11-20,235.50982666015625,0.22456020735780538,0.14222662706584657,1,-0.10757042787357973,1,20.0
SPY,2018-11-21,236.31234741210935,0.1971074108519695,0.1423083172931358,1,-0.11060113388251747,1,18.0
SPY,2018-11-23,234.73406982421875,0.18659906353668215,0.14242504158644054,1,-0.10462109741768,1,18.0
SPY,2018-11-26,238.5236053466797,0.18556966825595164,0.1425575849174209,1,-0.1188463987352002,1,16.0
SPY,2018-11-27,239.3262176513672,0.18446511189125198,0.14318009928652814,1,-0.12180146454301355,1,15.0
SPY,2018-11-28,244.8368377685547,0.19443642070745562,0.14417358328887508,1,-0.14156735663866538,1,11.0
SPY,2018-11-29,244.30178833007807,0.19154587504091844,0.14463049529573477,1,-0.13968728892839588,1,11.0
SPY,2018-11-30,245.79080200195312,0.18908549194927646,0.1459695932397916,1,-0.14489910881115664,1,9.0
SPY,2018-12-03,249.0453948974609,0.19272028137872804,0.14806531202044743,1,-0.1560737996202416,1,3.0
SPY,2018-12-04,240.97581481933597,0.2269813198587791,0.14888136568727195,1,-0.12781316251399155,1,8.0
SPY,2018-12-06,240.61016845703125,0.22552771858086013,0.14894320925789484,1,-0.12648773247742273,1,7.0
SPY,2018-12-07,235.0193328857422,0.2230900300650492,0.14915500451446678,1,-0.1057078953582491,1,9.0
SPY,2018-12-10,235.4652557373047,0.22378418460203847,0.14936191961713813,1,-0.10740150099948464,1,8.0
SPY,2018-12-11,235.5187225341797,0.22257384938230515,0.14938121833137613,1,-0.10760413619605613,1,7.0
SPY,2018-12-12,236.7046661376953,0.21533838392670915,0.15012349478221446,1,-0.11207524014069259,1,5.0
SPY,2018-12-13,236.6244354248047,0.21535512306766405,0.15097205338014785,1,-0.11177417725025662,1,4.0
SPY,2018-12-14,232.25518798828125,0.22333791211419252,0.15295966698054297,1,-0.09506463275001042,1,4.0
SPY,2018-12-17,227.69873046875,0.22711956124725285,0.15553174147723786,1,-0.07695605765911029,1,4.0
SPY,2018-12-18,227.44906616210935,0.2262146957968212,0.15674860129892432,1,-0.07594285883727325,1,3.0
SPY,2018-12-19,224.04281616210935,0.22475505921852434,0.1572884633750587,1,-0.06189389404115109,1,3.0
SPY,2018-12-20,220.3958740234375,0.2228505870263005,0.1577642018290551,1,-0.046370832624843206,0,
SPY,2018-12-21,215.8800811767578,0.22953763710175354,0.15959576440676404,1,-0.026422758912142186,0,
SPY,2018-12-24,210.17593383789065,0.2427491822875388,0.16142915052109338,1,0.04211806369785576,0,
SPY,2018-12-26,220.7949676513672,0.3031344742460311,0.16304591233461677,1,-0.008002131856219452,0,
SPY,2018-12-27,222.4901123046875,0.3048668433459076,0.16508809556174509,1,-0.015560130119019688,0,
SPY,2018-12-28,222.20306396484372,0.28875869578077906,0.16664374685026373,1,-0.014288402244150844,0,
SPY,2018-12-31,224.1493225097656,0.29266242572620577,0.16860615484123753,1,-0.022847204021824497,0,
SPY,2019-01-02,224.38253784179688,0.2908332714793182,0.1699456898209178,1,-0.02386282233130277,0,
SPY,2019-01-03,219.02813720703125,0.2908499169734261,0.17191522020500788,1,0.03349563626828278,0,
SPY,2019-01-04,226.3646240234375,0.3048696151556206,0.17392336464559055,1,0.007884647636756004,0,
SPY,2019-01-07,228.14942932128903,0.3073308598780118,0.17465162092190922,1,0.00939546486119136,0,
SPY,2019-01-08,230.29299926757807,0.2998045316540022,0.17842526347376544,1,0.0024534731928123055,0,
SPY,2019-01-09,231.36929321289065,0.30032137967958517,0.1851842712350938,1,-0.0022097843582327137,0,
SPY,2019-01-10,232.18544006347656,0.3007094535424007,0.1891596764816793,1,-0.005717081550592584,0,
SPY,2019-01-11,232.2751007080078,0.2999860390828927,0.192278948619201,1,-0.006100885268868206,0,
SPY,2019-01-14,230.85801696777344,0.30053252934768987,0.2026162439590647,1,0.011460648001115237,0,
SPY,2019-01-15,233.50379943847656,0.2963438026669403,0.21326637261175393,1,0.00242012872719255,0,
SPY,2019-01-16,234.06890869140625,0.28671352021007457,0.21747804437215532,1,0.007203483194849536,0,
SPY,2019-01-17,235.8447265625,0.28736720952397504,0.21891605441600964,1,-0.00038036220782167174,0,
SPY,2019-01-18,238.98382568359372,0.2828184245259585,0.21967206049669968,1,-0.013510560945940164,0,
SPY,2019-01-22,235.7550201416016,0.28039651018366324,0.22039780199775455,1,0.002092367460579281,0,
SPY,2019-01-23,236.2483062744141,0.26573431231998706,0.22069615409933224,1,0.0,0,
SPY,2019-01-24,236.3738555908203,0.23947362710800665,0.22191373213356372,1,-0.000531147220543482,0,
SPY,2019-01-25,238.3739013671875,0.17699202677938716,0.22372839435451156,0,-0.008917062986267044,0,
SPY,2019-01-28,236.5622100830078,0.18088616565898397,0.22524761803699192,0,-0.0013269397867207156,0,
SPY,2019-01-29,236.2483062744141,0.18089797834263657,0.22775599007046,0,0.015830889164593076,0,
SPY,2019-01-30,239.9883270263672,0.18543789140735664,0.22971368941124165,0,0.00878230530189228,0,
SPY,2019-01-31,242.09597778320312,0.18614484925200198,0.23162346708763215,0,0.0004816588325149418,0,
SPY,2019-02-01,242.21258544921875,0.15502041244035977,0.232862579685729,0,0.00029646626823676137,0,
SPY,2019-02-04,243.91668701171875,0.11533061995527402,0.232862579685729,0,-0.006692013249152806,0,
SPY,2019-02-05,244.93917846679688,0.11432317235993444,0.232862579685729,0,-0.010838548462796749,0,
SPY,2019-02-06,244.61624145507807,0.11341277077104035,0.2312915060624428,0,-0.009532679149431789,0,
SPY,2019-02-07,242.28439331054688,0.12163934917392098,0.22971368941124165,0,0.0012215375023223451,0,
SPY,2019-02-08,242.58035278320312,0.12160832173715463,0.22775599007046,0,0.0005542924135282234,0,
SPY,2019-02-11,242.71481323242188,0.12157672037459903,0.22524761803699192,0,0.012859601681268984,0,
SPY,2019-02-12,245.8360290527344,0.12292646762768392,0.22372839435451156,0,0.0010215311049330822,0,
SPY,2019-02-13,246.6342315673828,0.11901138996966792,0.22191373213356372,0,-0.0022181566637409222,0,
SPY,2019-02-14,246.087158203125,0.12030742177712232,0.22069615409933224,0,0.00029167447937594737,0,
SPY,2019-02-15,248.768798828125,0.12267529776783404,0.22039780199775455,0,-0.010491119841170904,0,
SPY,2019-02-19,249.19932556152344,0.11617129358264575,0.21967206049669968,0,-0.01220063500492019,0,
SPY,2019-02-20,249.7015380859375,0.10033328182807194,0.21891605441600964,0,-0.014187347688035756,0,
SPY,2019-02-21,248.8137359619141,0.10289185994367069,0.21747804437215532,0,-0.010669830605515518,0,
SPY,2019-02-22,250.3563537597656,0.10334508087061871,0.21326637261175393,0,-0.016765774664214472,0,
SPY,2019-02-25,250.6972198486328,0.10133407183241164,0.2026162439590647,0,-0.018102651096402078,0,
SPY,2019-02-26,250.51780700683597,0.0949185490643104,0.192278948619201,0,-0.01739944761628076,0,
SPY,2019-02-27,250.4100646972656,0.09444482329304041,0.1891596764816793,0,-0.016976670468617172,0,
SPY,2019-02-28,249.94369506835935,0.08273926476485947,0.18659339406032227,0,-0.015142448464039893,0,
SPY,2019-03-01,251.5043792724609,0.08048127953750003,0.18420132404663847,0,-0.0212538793203082,0,
SPY,2019-03-04,250.58953857421875,0.08275037435532452,0.1832359852063163,0,-0.017680718247667482,0,
SPY,2019-03-05,250.2486114501953,0.08094042171072928,0.18243575318330674,0,-0.016342451930584367,0,
SPY,2019-03-06,248.73292541503903,0.08418829588137329,0.18238878158381527,0,-0.010348408293228695,0,
SPY,2019-03-07,246.652099609375,0.09006516460948108,0.181413106613791,0,-0.0019994318446144854,0,
SPY,2019-03-08,246.158935546875,0.08262359465015813,0.1794891088100927,0,0.014501119247183558,0,
SPY,2019-03-11,249.728515625,0.09572669026833908,0.17689807805548197,0,0.003770879607542632,0,
SPY,2019-03-12,250.6702117919922,0.0960049610956563,0.1747680057652153,0,0.002787510021808659,0,
SPY,2019-03-13,252.32943725585935,0.08870073063103169,0.17414055553066254,0,-0.003806451386621945,0,
SPY,2019-03-14,252.1680450439453,0.08864592208925805,0.17392336464559055,0,-0.0031688690939203346,0,
SPY,2019-03-15,253.4138946533203,0.08871616163213615,0.17340924426836785,0,-0.008069554104705334,0,
SPY,2019-03-18,254.3326568603516,0.08205270548756016,0.17224034423640636,0,-0.011652846226694491,0,
SPY,2019-03-19,254.3957672119141,0.08207192887031828,0.1708019573482311,0,-0.011898034804413538,0,
SPY,2019-03-20,253.63006591796875,0.08320708663756453,0.1700635189813758,0,-0.008914985651459872,0,
SPY,2019-03-21,256.49468994140625,0.08931275993473127,0.1699456898209178,0,-0.019983775972305384,0,
SPY,2019-03-22,251.5581817626953,0.11435447228294796,0.1699456898209178,0,-0.0007522086613845902,0,
SPY,2019-03-25,251.36895751953125,0.11432568842694045,0.1699456898209178,0,0.0021862098387517293,0,
SPY,2019-03-26,253.24269104003903,0.1171417820739006,0.1699456898209178,0,-0.005228929715537123,0,
SPY,2019-03-27,251.9185028076172,0.11890323128954909,0.1699456898209178,0,0.003790370660794018,0,
SPY,2019-03-28,252.8733673095703,0.11922912409265603,0.1699456898209178,0,0.006305518440429925,0,
SPY,2019-03-29,254.4678649902344,0.119267595190453,0.1699456898209178,0,-0.005735210927080403,0,
SPY,2019-04-01,257.4856262207031,0.1244761599155516,0.1699456898209178,0,-0.017388108905597388,0,
SPY,2019-04-02,257.6117248535156,0.1241128099256512,0.1699456898209178,0,-0.017869088628561403,0,
SPY,2019-04-03,258.0171813964844,0.12088984050875816,0.1699456898209178,0,-0.01941244090422045,0,
SPY,2019-04-04,258.70172119140625,0.11468797484413445,0.1699456898209178,0,-0.022007132595930234,0,
SPY,2019-04-05,259.95391845703125,0.11378237448204535,0.1699456898209178,0,-0.0267181213805312,0,
SPY,2019-04-08,260.152099609375,0.10520372210834264,0.16860615484123753,0,-0.027459557350295483,0,
SPY,2019-04-09,258.8188781738281,0.10798290617339022,0.16664374685026373,0,-0.022449830956975725,0,
SPY,2019-04-10,259.70172119140625,0.10660912697360204,0.16508809556174509,0,-0.025772963884677313,0,
SPY,2019-04-11,259.629638671875,0.10652312675731916,0.1630959342649393,0,-0.025502483442930046,0,
SPY,2019-04-12,261.38623046875,0.10749748126573992,0.1619243373297628,0,-0.03449818005712468,0,
SPY,2019-04-15,261.2151184082031,0.10747630102347003,0.16156026864902506,0,-0.04034898312365787,0,
SPY,2019-04-16,261.38623046875,0.10743143118330994,0.16123033671690745,0,-0.04097720237839497,0,
SPY,2019-04-17,260.74664306640625,0.10714518977862311,0.16118079915508499,0,-0.04898950696769455,0,
SPY,2019-04-18,261.2601623535156,0.10070508358045846,0.1610655662088557,0,-0.05327221566987772,1,29.0
SPY,2019-04-22,261.4853820800781,0.06613335092919767,0.16085088515534057,0,-0.0540876408803419,1,28.0
SPY,2019-04-23,263.8365783691406,0.0697731228241233,0.1603157375641689,0,-0.06251719845832415,1,27.0
SPY,2019-04-24,263.25103759765625,0.06899270385195168,0.1598491902981909,0,-0.06043198577358999,1,26.0
SPY,2019-04-25,263.0887756347656,0.06440872717462713,0.15899611665338015,0,-0.05985250019922528,1,25.0
SPY,2019-04-26,264.3140563964844,0.06476752156262831,0.1580065631666478,0,-0.06421074228588863,1,22.0
SPY,2019-04-29,264.72833251953125,0.06297257676422617,0.15756322182492127,0,-0.06567516863566791,1,21.0
SPY,2019-04-30,264.86346435546875,0.05130841209522751,0.1572884633750587,0,-0.06615185586065564,1,20.0
SPY,2019-05-01,262.8726806640625,0.06035368463675324,0.15674860129892432,0,-0.05907965021758077,1,21.0
SPY,2019-05-02,262.3051147460937,0.0613400537744971,0.15562937882049394,0,-0.057043722238910854,1,20.0
SPY,2019-05-03,264.8724365234375,0.06884318630651554,0.154919983962672,0,-0.06618348860627654,1,17.0
SPY,2019-05-06,263.7824401855469,0.06987433128694968,0.15458006826746096,0,-0.062324791351959674,1,18.0
SPY,2019-05-07,259.3773803710937,0.09365940228859135,0.15316944883206174,0,-0.046400058922651755,0,
SPY,2019-05-08,259.01708984375,0.09194069755323245,0.15154904754514376,0,-0.04507360966846197,0,
SPY,2019-05-09,258.2332763671875,0.0916525294013895,0.15107730635617886,0,-0.04217512894437914,0,
SPY,2019-05-10,259.5305480957031,0.09355981272355242,0.15095237239465667,0,-0.04696284713480725,0,
SPY,2019-05-13,253.0084381103516,0.12664272807340515,0.15095237239465667,0,-0.022395235170806327,0,
SPY,2019-05-14,255.29666137695312,0.13214862978723232,0.15095237239465667,0,-0.03115750396177852,0,
SPY,2019-05-15,256.7920837402344,0.1343495097242535,0.15095237239465667,0,-0.03679953433113525,0,
SPY,2019-05-16,259.1702575683594,0.13885757226791628,0.15095237239465667,0,-0.04563796417329147,0,
SPY,2019-05-17,257.49462890625,0.14025945490710903,0.15095237239465667,0,-0.039427518588259436,0,
SPY,2019-05-20,255.79202270507807,0.14165101595458976,0.15095237239465667,0,-0.03303374349617061,0,
SPY,2019-05-21,258.0982360839844,0.1416736864310755,0.15095237239465667,0,-0.04167398277690104,0,
SPY,2019-05-22,257.3055114746094,0.14179585460574015,0.15095237239465667,0,-0.0387215057261634,0,
SPY,2019-05-23,254.16162109375,0.14717794697360426,0.15107730635617886,0,-0.026830826879888137,0,
SPY,2019-05-24,254.7381134033203,0.14604901028678424,0.15154904754514376,0,-0.029033184967256043,0,
SPY,2019-05-28,252.36888122558597,0.14779346023678888,0.15316944883206174,0,-0.019917774974882563,0,
SPY,2019-05-29,250.67535400390625,0.14814387348124305,0.15458006826746096,0,-0.013296478141933465,0,
SPY,2019-05-30,251.3599548339844,0.1482241495182506,0.154919983962672,0,-0.015983851516706782,0,
SPY,2019-05-31,247.9727935791016,0.15357720079009002,0.154919983962672,0,-0.002542774678338189,0,
SPY,2019-06-03,247.34225463867188,0.14628051651227875,0.154919983962672,0,0.02170671584179029,0,
SPY,2019-06-04,252.71124267578125,0.1708188513607747,0.154919983962672,1,0.008662222996163926,0,
SPY,2019-06-05,254.90028381347656,0.16559692933246356,0.15562937882049394,1,0.006502487706631754,0,
SPY,2019-06-06,256.5577697753906,0.1676143727092326,0.1570233597487869,1,0.010007392750108979,0,
SPY,2019-06-07,259.125244140625,0.17129020004104234,0.15879513664924633,1,0.0025723658982623743,0,
SPY,2019-06-10,260.3143005371094,0.1711348550810133,0.1598491902981909,1,-0.0020071561723656872,0,
SPY,2019-06-11,260.251220703125,0.14203526051787135,0.1603157375641689,0,-0.0017652621180893613,0,
SPY,2019-06-12,259.79180908203125,0.13952255818971976,0.16093246572144979,0,0.0030164957526601643,0,
SPY,2019-06-13,260.86376953125,0.13884134792698466,0.16118079915508499,0,-0.0011051728688308282,0,
SPY,2019-06-14,260.5754699707031,0.1353172661640111,0.16123033671690745,0,0.0003802759184623472,0,
SPY,2019-06-17,260.674560546875,0.13294415841876014,0.16161029057934762,0,0.008683549010370717,0,
SPY,2019-06-18,263.404052734375,0.13438426330263367,0.16604675770832295,0,-0.001768810541818877,0,
SPY,2019-06-19,263.9986572265625,0.1314895891633495,0.17039635893981428,0,-0.004017127846645652,0,
SPY,2019-06-20,266.5209350585937,0.1337194775423189,0.17107916013148486,0,-0.013442824627136307,0,
SPY,2019-06-21,266.13360595703125,0.12377638364024092,0.1714866455901562,0,-0.03462602512239321,0,
SPY,2019-06-24,265.8077392578125,0.12440839150896427,0.1715101205324163,0,-0.033442525982814164,0,
SPY,2019-06-25,263.20074462890625,0.1250462388183233,0.1717818353453118,0,-0.023868806323150138,0,
SPY,2019-06-26,262.9381408691406,0.12127251734275545,0.17251394609955636,0,-0.022893916485423493,0,
SPY,2019-06-27,263.8705139160156,0.12133693314006518,0.17362643515343984,0,-0.02634647115963218,0,
SPY,2019-06-28,265.2283935546875,0.10580289047896584,0.17362643515343984,0,-0.0313312478052018,0,
SPY,2019-07-01,267.63629150390625,0.1052096431110677,0.17362643515343984,0,-0.04004626731460981,0,
SPY,2019-07-02,268.3332214355469,0.08234176486700275,0.17362643515343984,0,-0.042539512413816705,0,
SPY,2019-07-03,270.4786682128906,0.08177404661680684,0.17362643515343984,0,-0.050134124333115815,1,22.0
SPY,2019-07-05,270.1708374023437,0.0819027169977999,0.17362643515343984,0,-0.04905185362903541,0,
SPY,2019-07-08,268.68634033203125,0.08183863381699572,0.17362643515343984,0,-0.043797847282593505,0,
SPY,2019-07-09,269.021240234375,0.08119686101699922,0.17362643515343984,0,-0.04498820685155158,0,
SPY,2019-07-10,270.3066711425781,0.0815984049997914,0.17362643515343984,0,-0.049529721389178216,0,
SPY,2019-07-11,270.9402160644531,0.08044780994687496,0.17362643515343984,0,-0.05175222503649124,1,17.0
SPY,2019-07-12,272.1532897949219,0.08057350699380894,0.17362643515343984,0,-0.05597886681859299,1,16.0
SPY,2019-07-15,272.24383544921875,0.07996961489811402,0.17362643515343984,0,-0.05629283907450444,1,15.0
SPY,2019-07-16,271.3657531738281,0.08205354013174451,0.17362643515343984,0,-0.05323920197595333,1,14.0
SPY,2019-07-17,269.5191345214844,0.08145060277086351,0.17362643515343984,0,-0.04675244120461486,0,
SPY,2019-07-18,270.5057067871094,0.08185323827662848,0.17362643515343984,0,-0.05022906879577471,1,12.0
SPY,2019-07-19,269.0031433105469,0.07904701755975221,0.17362643515343984,0,-0.04492395936558213,0,
SPY,2019-07-22,269.6639404296875,0.07900658523361347,0.17362643515343984,0,-0.04726432231958266,0,
SPY,2019-07-23,271.5920104980469,0.0818728937405745,0.17362643515343984,0,-0.05402792755165531,1,9.0
SPY,2019-07-24,272.868408203125,0.07176838879325047,0.17362643515343984,0,-0.05845290510875756,1,8.0
SPY,2019-07-25,271.56494140625,0.07492258964361956,0.17362643515343984,0,-0.05393363480262148,1,7.0
SPY,2019-07-26,273.3843994140625,0.07679669341198284,0.17362643515343984,0,-0.060230000022325814,1,6.0
SPY,2019-07-29,272.8864440917969,0.0767273073338044,0.17362643515343984,0,-0.058515134797884505,1,5.0
SPY,2019-07-30,272.21661376953125,0.0723202635341052,0.17362643515343984,0,-0.0561984682949338,1,4.0
SPY,2019-07-31,269.2385559082031,0.0832399296860247,0.17362643515343984,0,-0.04575904381671714,0,
SPY,2019-08-01,266.8940124511719,0.08361695968777233,0.17362643515343984,0,-0.03737646764086511,0,
SPY,2019-08-02,264.8843994140625,0.08712828278308507,0.17362643515343984,0,-0.030073278760219813,0,
SPY,2019-08-05,256.91845703125,0.13595475100630888,0.17498480674240977,0,0.0002821099304595176,0,
SPY,2019-08-06,260.52117919921875,0.14724683027507335,0.17703376002258725,0,-0.013550694537668773,0,
SPY,2019-08-07,260.675048828125,0.14558665761834005,0.17843596594441277,0,-0.014132969631693526,0,
SPY,2019-08-08,265.7896728515625,0.16358184572492238,0.17868038554674295,0,-0.033104132594269475,0,
SPY,2019-08-09,263.97918701171875,0.16352838533591765,0.17887253946233178,0,-0.02647273374666337,0,
SPY,2019-08-12,260.765625,0.1676782163375275,0.1796812627256815,0,-0.014475407641260762,0,
SPY,2019-08-13,264.8209533691406,0.1788054169982376,0.18089794671441037,0,-0.02956721131854434,0,
SPY,2019-08-14,256.9909362792969,0.2054095540663643,0.1816217683886352,1,0.0026414667289074156,0,
SPY,2019-08-15,257.6697692871094,0.2050451205888869,0.18195708786211545,1,0.0007032776076434377,0,
SPY,2019-08-16,261.4718017578125,0.213331155061263,0.18218524013599816,1,-0.01384783776856613,0,
SPY,2019-08-19,264.6218566894531,0.21824508323093814,0.18238878158381527,1,-0.025586979504053087,0,
SPY,2019-08-20,262.5942687988281,0.21731522396117445,0.18243575318330674,1,-0.018063174624905143,0,
SPY,2019-08-21,264.7305908203125,0.21897463725379457,0.1832359852063163,1,-0.025987205078866205,0,
SPY,2019-08-22,264.6490173339844,0.2186633214184818,0.18420132404663847,1,-0.025686982466251562,0,
SPY,2019-08-23,257.8509826660156,0.23318624892359133,0.18502713845094365,1,0.007090797644906388,0,
SPY,2019-08-26,260.7022705078125,0.23837248579429368,0.1859168951744191,1,-0.003923704612082468,0,
SPY,2019-08-27,259.6793518066406,0.23844413254296737,0.18639090107596162,1,0.007041459845745335,0,
SPY,2019-08-28,261.50787353515625,0.23835926765619436,0.1866634135683869,1,0.0017316891291840886,0,
SPY,2019-08-29,264.8481750488281,0.24178667037664525,0.18714179905040618,1,-0.0109022883444172,0,
SPY,2019-08-30,264.7305908203125,0.2403014602078377,0.18876672516879636,1,-0.010462965140433766,0,
SPY,2019-09-03,263.1826171875,0.21319041174767597,0.19249986153213494,1,-0.004642758414687975,0,
SPY,2019-09-04,266.1698303222656,0.21129930950952433,0.19613500734959316,1,-0.015813612084496276,0,
SPY,2019-09-05,269.5914611816406,0.21531762080470834,0.19772866421293636,1,-0.028304818228445994,0,
SPY,2019-09-06,269.7996520996094,0.20484996906062772,0.19881959115449435,1,-0.02905462687461935,0,
SPY,2019-09-09,269.9355773925781,0.20289352825704435,0.19999772697080925,1,-0.029543543658296145,0,
SPY,2019-09-10,269.87213134765625,0.19678810638274152,0.20105174044992927,0,-0.029315392557193842,0,
SPY,2019-09-11,271.7911682128906,0.19122423842788802,0.20155032977016538,0,-0.036169108807234784,0,
SPY,2019-09-12,272.7326354980469,0.1512670608032148,0.2022761470999836,0,-0.03949623264345603,0,
SPY,2019-09-13,272.55157470703125,0.1518170502004022,0.20345401287774,0,-0.03885815314573893,0,
SPY,2019-09-16,271.70965576171875,0.14643157375387644,0.20609707419997014,0,-0.03587996112039227,0,
SPY,2019-09-17,272.397705078125,0.1415874027416764,0.2082741901461757,0,-0.038315231760776,0,
SPY,2019-09-18,272.56060791015625,0.13748841569463194,0.2082741901461757,0,-0.03889000730691483,0,
SPY,2019-09-19,272.5424499511719,0.13561613409765813,0.2082741901461757,0,-0.03882597399456322,0,
SPY,2019-09-20,271.2547912597656,0.1372797187711244,0.2082741901461757,0,-0.034263237672775615,0,
SPY,2019-09-23,271.19110107421875,0.09263196178790761,0.2082741901461757,0,-0.034036430991662536,0,
SPY,2019-09-24,269.0632629394531,0.09394748070257601,0.2082741901461757,0,-0.026397282872832273,0,
SPY,2019-09-25,270.65460205078125,0.09277277438748156,0.2082741901461757,0,-0.032121671340348934,0,
SPY,2019-09-26,270.0907592773437,0.09195792121521947,0.2082741901461757,0,-0.03010112386718944,0,
SPY,2019-09-27,268.6356811523437,0.08523226910474017,0.2082741901461757,0,-0.024847619820113187,0,
SPY,2019-09-30,269.8815612792969,0.08621675495319212,0.2082741901461757,0,-0.029349309248091204,0,
SPY,2019-10-01,266.67144775390625,0.09490766431165486,0.2082741901461757,0,-0.017664897823258308,0,
SPY,2019-10-02,261.9607238769531,0.10713328001300632,0.2082741901461757,0,0.0016317702534585088,0,
SPY,2019-10-03,264.10699462890625,0.10042429832542436,0.2082741901461757,0,-0.006508010276559784,0,
SPY,2019-10-04,267.6809387207031,0.11274905032523616,0.2082741901461757,0,-0.01977262614307984,0,
SPY,2019-10-07,266.52587890625,0.11353883440174578,0.2082741901461757,0,-0.0155245536736619,0,
SPY,2019-10-08,262.38818359375,0.12537907778742208,0.2082741901461757,0,0.009496232584192299,0,
SPY,2019-10-09,264.8798828125,0.12776274422821968,0.2082741901461757,0,0.006763688213628605,0,
SPY,2019-10-10,266.67144775390625,0.1298938430115153,0.2082741901461757,0,0.009241510638809292,0,
SPY,2019-10-11,269.43603515625,0.1361054450293271,0.2082741901461757,0,-0.0011139578293056784,0,
SPY,2019-10-14,269.1358947753906,0.13580059256010904,0.20724732271621243,0,0.006825568981675412,0,
SPY,2019-10-15,271.8004455566406,0.1403606516263664,0.20724732271621243,0,-0.003044679210590817,0,
SPY,2019-10-16,271.36395263671875,0.14043143769233904,0.20724732271621243,0,-0.0014410618738932568,0,
SPY,2019-10-17,272.1641540527344,0.1408810852762173,0.20724732271621243,0,-0.004376967518942898,0,
SPY,2019-10-18,270.972900390625,0.14073303699330356,0.20724732271621243,0,0.0034903888170609854,0,
SPY,2019-10-21,272.8099365234375,0.14278569931140028,0.20724732271621243,0,-0.0032668727646799622,0,
SPY,2019-10-22,271.918701171875,0.14020118281367497,0.20724732271621243,0,0.0029094640857836307,0,
SPY,2019-10-23,272.7098388671875,0.13907932285790278,0.20724732271621243,0,0.0016341478371684204,0,
SPY,2019-10-24,273.1554870605469,0.138831775660132,0.20724014351607295,0,0.004095183436399141,0,
SPY,2019-10-25,274.27410888671875,0.1375028968806135,0.2062434844314341,0,0.005337686680506826,0,
SPY,2019-10-28,275.8200378417969,0.1378914698533182,0.2062434844314341,0,-0.00029707666602751814,0,
SPY,2019-10-29,275.73809814453125,0.1291861022695271,0.20607610084931724,0,0.00039577722523431724,0,
SPY,2019-10-30,276.5838317871094,0.10670038015624832,0.20503887285033864,0,-0.002663217073983204,0,
SPY,2019-10-31,275.84722900390625,0.10629430612426405,0.204045147026727,0,0.009264338095458013,0,
SPY,2019-11-01,278.4027709960937,0.10130002917916676,0.20381650767481346,0,0.0029068142311348133,0,
SPY,2019-11-04,279.5212707519531,0.09872552653349065,0.20356254499332538,0,-0.0011063008489792248,0,
SPY,2019-11-05,279.2120361328125,0.0738771049606792,0.20320005019625192,0,0.00022821617580515152,0,
SPY,2019-11-06,279.2757568359375,0.07055172375785863,0.2022761470999836,0,0.0035164372131284427,0,
SPY,2019-11-07,280.2578125,0.06897930066045566,0.20155032977016538,0,0.0005517511429209421,0,
SPY,2019-11-08,280.948974609375,0.06248466409136653,0.20105174044992927,0,-0.0019097045709514093,0,
SPY,2019-11-11,280.4124450683594,0.06308823792436286,0.19999772697080925,0,0.002107730758535986,0,
SPY,2019-11-12,281.00347900390625,0.05597816625439183,0.19881959115449435,0,0.0003237429682831916,0,
SPY,2019-11-13,281.0944519042969,0.05489018840500091,0.19772866421293636,0,0.0014561004496518315,0,
SPY,2019-11-14,281.5037536621094,0.05471879116680621,0.1960375741311486,0,0.0,0,
SPY,2019-11-15,283.540771484375,0.05310645013556859,0.1943099589607818,0,-0.0071842148541867434,0,
SPY,2019-11-18,283.7499694824219,0.050595870006138924,0.19271163487331006,0,-0.007916179953815439,0,
SPY,2019-11-19,283.66802978515625,0.04751370587342262,0.1908041042262186,0,-0.007629608894192397,0,
SPY,2019-11-20,282.6131286621094,0.05169703691470185,0.18901635439562042,0,-0.00392541919496725,0,
SPY,2019-11-21,282.15850830078125,0.05308522722590521,0.18781898745430906,0,-0.002320520627270617,0,
SPY,2019-11-22,282.7859802246094,0.05234395626660302,0.18714179905040618,0,-0.004534264964202173,0,
SPY,2019-11-25,284.9776916503906,0.054985618613625734,0.1866634135683869,0,-0.012190210286856629,0,
SPY,2019-11-26,285.623291015625,0.05454279407637589,0.18639090107596162,0,-0.014422974186969473,0,
SPY,2019-11-27,286.8964538574219,0.055198772176908745,0.1859168951744191,0,-0.018796677765813397,0,
SPY,2019-11-29,285.8324279785156,0.056443674955206795,0.18502713845094365,0,-0.01514409805430339,0,
SPY,2019-12-02,283.4043884277344,0.06042755267328015,0.18420132404663847,0,-0.006706440842957018,0,
SPY,2019-12-03,281.5037536621094,0.0649303746845206,0.1832359852063163,0,0.006170214265232676,0,
SPY,2019-12-04,283.2406921386719,0.06781284992161919,0.18243575318330674,0,0.0017980373508643677,0,
SPY,2019-12-05,283.7499694824219,0.06789157748929857,0.18238878158381527,0,0.00483893223849341,0,
SPY,2019-12-06,286.3417358398437,0.07351200234338526,0.18218524013599816,0,-0.0042561713151849645,0,
SPY,2019-12-09,285.4413452148437,0.07479357990347217,0.18195708786211545,0,-0.0011152163579604135,0,
SPY,2019-12-10,285.1230163574219,0.07446455120664631,0.1816217683886352,0,0.0028390509125046925,0,
SPY,2019-12-11,285.9324951171875,0.07467463202395376,0.18089794671441037,0,0.008618875244998492,0,
SPY,2019-12-12,288.3969116210937,0.07947360382635459,0.1796812627256815,0,0.000599141392924496,0,
SPY,2019-12-13,288.5697021484375,0.07950702017250182,0.17887253946233178,0,0.006870137138356158,0,
SPY,2019-12-16,290.5522155761719,0.07915466283403892,0.17868038554674295,0,0.00021899385714352348,0,
SPY,2019-12-17,290.6158447265625,0.07921808083054287,0.17843596594441277,0,6.269098698918896e-05,0,
SPY,2019-12-18,290.6340637207031,0.07914051886901627,0.17703376002258725,0,0.004098809502433909,0,
SPY,2019-12-19,291.8253173828125,0.07751785273674973,0.17498480674240977,0,0.004384299053848961,0,
SPY,2019-12-20,293.1047668457031,0.0771369815879986,0.17362643515343984,0,0.0010912641911979826,0,
SPY,2019-12-23,293.5525817871094,0.07713837621193223,0.17251394609955636,0,-0.0004359021620560233,0,
SPY,2019-12-24,293.5616760253906,0.07417309164798296,0.1717818353453118,0,-0.00046686762800574044,0,
SPY,2019-12-26,295.1244812011719,0.07537609646845737,0.1715101205324163,0,-0.0057598055309479035,0,
SPY,2019-12-27,295.05126953125,0.07489453844519973,0.1714866455901562,0,-0.005513102695009597,0,
SPY,2019-12-30,293.42462158203125,0.07678961788638598,0.17107916013148486,0,0.0020245580366717864,0,
SPY,2019-12-31,294.1374206542969,0.06744541525010317,0.17049090666284336,0,-0.0004037021070635305,0,
SPY,2020-01-02,296.88824462890625,0.06431442616169399,0.1702137038795896,0,-0.009665481618110427,0,
SPY,2020-01-03,294.6401062011719,0.07242884645020689,0.16962136582220738,0,-0.002109113560171849,0,
SPY,2020-01-06,295.7640686035156,0.07271507029703514,0.1655489673739698,0,-0.005901297794367655,0,
SPY,2020-01-07,294.9325561523437,0.06969216049863276,0.16161029057934762,0,-0.003098604665600746,0,
SPY,2020-01-08,296.50439453125,0.06870786267701375,0.16123033671690745,0,-0.008383409552385257,0,
SPY,2020-01-09,298.514892578125,0.06979788805816463,0.16118079915508499,0,-0.015061948104099332,0,
SPY,2020-01-10,297.6557312011719,0.072122816101899,0.16093246572144979,0,-0.0400967521371377,0,
SPY,2020-01-13,299.702880859375,0.07027127736349208,0.16070885234372206,0,-0.050160253929876886,1,30.0
SPY,2020-01-14,299.2459411621094,0.07120074029470436,0.16037524512694099,0,-0.09143363787416925,1,30.0
SPY,2020-01-15,299.9221496582031,0.06872086984631187,0.15998213034738779,0,-0.0972907703404885,1,28.0
SPY,2020-01-16,302.4171142578125,0.072453465326818,0.1598491902981909,0,-0.10473819135456874,1,26.0
SPY,2020-01-17,303.3583679199219,0.0721847344528656,0.1596130746611874,0,-0.1075159899750987,1,25.0
SPY,2020-01-21,302.7643737792969,0.07320693690771392,0.15907289745242242,0,-0.10576502348607997,1,24.0
SPY,2020-01-22,302.80084228515625,0.07280971577604908,0.15825940019252516,0,-0.10587272270261627,1,23.0
SPY,2020-01-23,303.1481628417969,0.07282919588160669,0.15781002391455776,0,-0.1068971352563568,1,22.0
SPY,2020-01-24,300.4522399902344,0.08180187694335746,0.15641160223422101,0,-0.165890875561021,1,22.0
SPY,2020-01-27,295.6361999511719,0.10067714301941827,0.15467770561071703,0,-0.1523028814625007,1,22.0
SPY,2020-01-28,298.7341613769531,0.10712752327909032,0.15467770561071703,0,-0.16109375078213417,1,21.0
SPY,2020-01-29,298.48748779296875,0.10482351456256378,0.15467770561071703,0,-0.24037112157465446,1,20.0
SPY,2020-01-30,299.4560546875,0.10502475357365075,0.15467770561071703,0,-0.24282808102581832,1,19.0
SPY,2020-01-31,294.0186767578125,0.1203531354915635,0.15467770561071703,0,-0.2544990847384021,1,18.0
SPY,2020-02-03,296.20281982421875,0.12037058519602152,0.15467770561071703,0,-0.25999626621707417,1,17.0
SPY,2020-02-04,300.7173156738281,0.13102324606083474,0.15467770561071703,0,-0.27110551603653577,1,15.0
SPY,2020-02-05,304.1899719238281,0.1354989158746828,0.15467770561071703,0,-0.2794266318488614,1,13.0
SPY,2020-02-06,305.2135314941406,0.13495386856910077,0.15467770561071703,0,-0.31090064159063524,1,12.0
SPY,2020-02-07,303.5869140625,0.13547366941988495,0.15467770561071703,0,-0.3249218229791587,1,11.0
SPY,2020-02-10,305.85321044921875,0.13665777234544452,0.15467770561071703,0,-0.3299239847386771,1,10.0
SPY,2020-02-11,306.38330078125,0.1351266763043658,0.15467770561071703,0,-0.3310833195213181,1,9.0
SPY,2020-02-12,308.35723876953125,0.13601863815440174,0.15467770561071703,0,-0.3353653660588366,1,8.0
SPY,2020-02-13,308.0281677246094,0.13628482391778812,0.15467770561071703,0,-0.33465532705461865,1,7.0
SPY,2020-02-14,308.5216979980469,0.13380610813345656,0.15467770561071703,0,-0.33571965329325804,1,6.0
SPY,2020-02-18,307.7266845703125,0.1341402062669378,0.15467770561071703,0,-0.3340034816971895,1,5.0
SPY,2020-02-19,309.1979675292969,0.13448695218830156,0.15467770561071703,0,-0.3371725495146518,1,4.0
SPY,2020-02-20,307.9276733398437,0.13571144907663527,0.1561264465748869,0,-0.334438187091719,1,3.0
SPY,2020-02-21,304.7565612792969,0.1413851727181749,0.1573862011021609,0,-0.3275127542705415,1,2.0
SPY,2020-02-24,294.64923095703125,0.18380790160738217,0.15767135676149502,1,-0.3044444750558929,1,3.0
SPY,2020-02-25,285.720703125,0.205817101042808,0.15781002391455776,1,-0.2827089592348023,1,3.0
SPY,2020-02-26,284.6697082519531,0.20082097635315316,0.15825940019252516,1,-0.28006073504911044,1,8.0
SPY,2020-02-27,271.8847961425781,0.25315741398024083,0.15907289745242242,1,-0.24620683679119415,1,7.0
SPY,2020-02-28,270.74249267578125,0.2514465975037903,0.1596130746611874,1,-0.24302646959034857,1,6.0
SPY,2020-03-02,282.4673767089844,0.29712425577869245,0.1598491902981909,1,-0.2744475383299133,1,5.0
SPY,2020-03-03,274.3795471191406,0.30972691381911127,0.15998213034738779,1,-0.2530605773479738,1,4.0
SPY,2020-03-04,285.91259765625,0.34289202274164354,0.16037092757650398,1,-0.2831903798828108,1,3.0
SPY,2020-03-05,276.4084167480469,0.35579790954732005,0.16069560246907247,1,-0.25854319877853915,1,2.0
SPY,2020-03-06,271.8390808105469,0.3568160683357927,0.16070885234372206,1,-0.24608007096842788,1,1.0
SPY,2020-03-09,250.6099548339844,0.4462466540559128,0.16093246572144979,1,-0.18221564403353308,1,3.0
SPY,2020-03-10,263.57769775390625,0.4918066598146306,0.16118079915508499,1,-0.22244976620121493,1,2.0
SPY,2020-03-11,250.72869873046875,0.5128215267277703,0.16123033671690745,1,-0.1826029427408732,1,1.0
SPY,2020-03-12,226.73971557617188,0.6004544025128611,0.16161029057934762,1,-0.09612261798994237,1,6.0
SPY,2020-03-13,246.1228485107422,0.6921553249110544,0.1655489673739698,1,-0.16730648230023892,1,1.0
SPY,2020-03-16,219.19119262695312,0.7829750557145957,0.16971591354523646,1,-0.06499482001771817,1,5.0
SPY,2020-03-17,231.02577209472656,0.8201403380500893,0.17049090666284336,1,-0.11289161094692679,1,1.0
SPY,2020-03-18,219.3282165527344,0.8273041445862966,0.17108104718173936,1,-0.06557895863153029,1,3.0
SPY,2020-03-19,219.79432678222656,0.8289049086126158,0.1715101205324163,1,-0.0675605530266673,1,2.0
SPY,2020-03-20,210.32244873046875,0.8340116084937954,0.1717818353453118,1,-0.02556811339081,0,
SPY,2020-03-23,204.9449005126953,0.8325831522590931,0.1738723176885263,1,0.09060305470763774,0,
SPY,2020-03-24,223.51353454589844,0.9098502836268678,0.17703376002258725,1,0.012338253829843548,0,
SPY,2020-03-25,226.85960388183597,0.9145420871063942,0.17859926653665384,1,-0.0025932453475108197,0,
SPY,2020-03-26,240.10585021972656,0.9354250504720438,0.17887253946233178,1,-0.05761854172872083,1,4.0
SPY,2020-03-27,232.9541931152344,0.9392399941504765,0.17971554801151238,1,-0.028687579117313233,0,
SPY,2020-03-30,240.51950073242188,0.9325918889040091,0.18054279051568878,1,-0.059239269246370796,1,2.0
SPY,2020-03-31,236.9344940185547,0.9297241652569875,0.18054279051568878,1,-0.04500481364350595,0,
SPY,2020-04-01,226.27130126953125,0.9208731654069708,0.18054279051568878,1,0.008287524185854211,0,
SPY,2020-04-02,231.4925537109375,0.9247672232801069,0.18054279051568878,1,-0.014454130406926446,0,
SPY,2020-04-03,228.1465301513672,0.9245614347570228,0.18123232690408272,1,0.06716631182670785,0,
SPY,2020-04-06,243.4702911376953,0.9181377596302703,0.18195708786211545,1,0.0010192986756325517,0,
SPY,2020-04-07,243.7184600830078,0.8976176091497376,0.18383498758522956,1,0.029834339166357138,0,
SPY,2020-04-08,251.89962768554688,0.8894401296091197,0.18613858136190387,1,-0.003612503963111302,0,
SPY,2020-04-09,255.73292541503903,0.8064717642742569,0.18709097274546568,1,-0.018547811648087165,0,
SPY,2020-04-13,253.3981170654297,0.7558500834483829,0.18781898745430906,1,-0.009504718547617474,0,
SPY,2020-04-14,260.8715515136719,0.6203713879427372,0.18901635439562042,1,-0.03788037512755549,0,
SPY,2020-04-15,255.32855224609372,0.606437265510895,0.1908041042262186,1,-0.016993449912664604,0,
SPY,2020-04-16,256.56024169921875,0.5679754201715792,0.19271163487331006,1,-0.021712648772458487,0,
SPY,2020-04-17,263.49139404296875,0.571366696309215,0.1943099589607818,1,-0.04744653921677411,0,
SPY,2020-04-20,258.8492431640625,0.5460191691265457,0.1956878168042625,1,-0.030363634777384352,0,
SPY,2020-04-21,250.98963928222656,0.5506283671111369,0.19688462641813817,1,0.02212147628251615,0,
SPY,2020-04-22,256.56024169921875,0.47375566549051845,0.19772866421293636,1,-7.148833479286854e-05,0,
SPY,2020-04-23,256.5419006347656,0.4733907623667096,0.19881959115449435,1,0.009029467552265302,0,
SPY,2020-04-24,260.1177673339844,0.4355503436014332,0.19999772697080925,1,-0.004841768190419704,0,
SPY,2020-04-27,263.8682556152344,0.4174304420846379,0.20064418925683158,1,-0.01898643776307829,0,
SPY,2020-04-28,262.65484619140625,0.4076025223474725,0.20095973580029575,1,-0.014454364136483155,0,
SPY,2020-04-29,269.5308837890625,0.40758774608215315,0.20136728699339349,1,-0.0395967476405088,0,
SPY,2020-04-30,267.0212707519531,0.36331468380915105,0.20155032977016538,1,-0.030570348671556946,0,
SPY,2020-05-01,259.9522705078125,0.37935663290600846,0.20165341161820144,1,-0.00420820754260709,0,
SPY,2020-05-04,260.6693420410156,0.37193955585766764,0.20208061556805174,1,-0.006947516821471766,0,
SPY,2020-05-05,263.07769775390625,0.3020117786802436,0.20256040865509992,1,-0.016038457032224507,0,
SPY,2020-05-06,261.2943420410156,0.3042594778617346,0.20283295685128266,1,-0.009322837301580567,0,
SPY,2020-05-07,264.4473876953125,0.28578325871345966,0.20309320168792205,1,-0.021134828903692227,0,
SPY,2020-05-08,268.822998046875,0.2865890433554924,0.20322943897092582,1,-0.03706773868653068,0,
SPY,2020-05-11,268.8780212402344,0.28344135567061624,0.2033362874792557,1,-0.037264793126911666,0,
SPY,2020-05-12,263.5189819335937,0.2770801830458888,0.20349568738072005,1,-0.017686181454755645,0,
SPY,2020-05-13,258.8583374023437,0.27353530697554096,0.20363403122755824,1,0.011967551139023147,0,
SPY,2020-05-14,261.95623779296875,0.2760963905908273,0.20381650767481346,1,0.004596924758806686,0,
SPY,2020-05-15,263.1604309082031,0.25955647340105803,0.20381650767481346,1,0.019875705665653998,0,
SPY,2020-05-18,271.1762390136719,0.2714511240092736,0.20381650767481346,1,-0.01027121272874576,0,
SPY,2020-05-19,268.39093017578125,0.24687054105754958,0.20381650767481346,1,0.009966986687564239,0,
SPY,2020-05-20,272.9503479003906,0.24239242978150316,0.20381650767481346,1,-0.006903705787442482,0,
SPY,2020-05-21,271.06597900390625,0.24479073066988785,0.20381650767481346,1,0.0018988346473713946,0,
SPY,2020-05-22,271.5806884765625,0.2412606430499771,0.20381650767481346,1,0.01232049421315895,0,
SPY,2020-05-26,274.9266967773437,0.23998533837553196,0.20381650767481346,1,0.005115887824324927,0,
SPY,2020-05-27,279.0173645019531,0.24269357554844811,0.20381650767481346,1,-0.009620095110480453,0,
SPY,2020-05-28,278.5025329589844,0.227593877997339,0.20381650767481346,1,-0.0077893081185552715,0,
SPY,2020-05-29,279.7434997558594,0.2239973972254684,0.20381650767481346,1,-0.012190842113818157,0,
SPY,2020-06-01,280.874267578125,0.19571898993379708,0.20381650767481346,0,-0.016167649316230603,0,
SPY,2020-06-02,283.199951171875,0.19627365932787355,0.20381650767481346,0,-0.024247038975436785,0,
SPY,2020-06-03,286.96875,0.19815768508828216,0.20381650767481346,0,-0.03706173261733636,0,
SPY,2020-06-04,286.2149658203125,0.19558142810142354,0.20381650767481346,0,-0.0345257099817331,0,
SPY,2020-06-05,293.550537109375,0.2076344435262545,0.20381650767481346,1,-0.05865206843410131,1,4.0
SPY,2020-06-08,297.0987854003906,0.20506253877261194,0.20381650767481346,1,-0.06989457885005068,1,3.0
SPY,2020-06-09,294.883544921875,0.20922163715644998,0.20381650767481346,1,-0.06290738945376184,1,2.0
SPY,2020-06-10,293.2380676269531,0.1920757684742634,0.20381650767481346,0,-0.057648984136978276,1,1.0
SPY,2020-06-11,276.33319091796875,0.29012747791283466,0.20381650767481346,1,0.0025293526610936645,0,
SPY,2020-06-12,279.6424255371094,0.2901305873540487,0.20381650767481346,1,-0.009334386663004235,0,
SPY,2020-06-15,282.2530822753906,0.290894381845001,0.20398004187053298,1,-0.01849739681684326,0,
SPY,2020-06-16,287.6857604980469,0.2800646920126024,0.20409306238779662,1,-0.03703216130627218,0,
SPY,2020-06-17,286.4908142089844,0.2770272172525382,0.20429270171033642,1,-0.03301564563364667,0,
SPY,2020-06-18,286.60113525390625,0.2724472994931004,0.2047069471974245,1,-0.03338786580752107,0,
SPY,2020-06-19,284.9632568359375,0.2719343069562251,0.20545311833742672,1,-0.027832085842344534,0,
SPY,2020-06-22,286.7913513183594,0.27227050388108054,0.20607610084931724,1,-0.03402897703759655,0,
SPY,2020-06-23,288.111572265625,0.2700676282484093,0.2062434844314341,1,-0.03845537049669312,0,
SPY,2020-06-24,280.76226806640625,0.2834224105129427,0.20654577505044877,1,-0.013285734875736144,0,
SPY,2020-06-25,283.7721252441406,0.285628923592338,0.20754243413508763,1,-0.023751417545244458,0,
SPY,2020-06-26,277.0321350097656,0.2985893824733537,0.20843332388852606,1,0.014697631769145625,0,
SPY,2020-06-29,281.1038513183594,0.303027739409729,0.20946037925368333,1,0.012809607770357223,0,
SPY,2020-06-30,284.7046813964844,0.30504837796678097,0.210421375830031,1,0.007004885626349822,0,
SPY,2020-07-01,286.6990051269531,0.30232564129875056,0.2105940669890291,1,0.005506808040786959,0,
SPY,2020-07-02,288.2778015136719,0.3027795035224968,0.21087335601423196,1,0.004964172695578695,0,
SPY,2020-07-06,292.7280578613281,0.293807753144273,0.21121059170214065,1,-0.010313994424377637,0,
SPY,2020-07-07,289.7088623046875,0.2922643490431626,0.21169969349579415,1,0.0019121095354770468,0,
SPY,2020-07-08,291.9247436523437,0.29291443027609343,0.2122294315948885,1,-0.005692995560220182,0,
SPY,2020-07-09,290.2628173828125,0.2929408830229606,0.21327982653980748,1,0.001463307137212766,0,
SPY,2020-07-10,293.2265625,0.1953341741898411,0.21627926769730527,0,-0.008658838555404613,0,
SPY,2020-07-13,290.68756103515625,0.19651673076146048,0.21901367352916237,0,0.012959134930841776,0,
SPY,2020-07-14,294.4546203613281,0.19869529752298604,0.22025880302171236,0,0.0058635945256397815,0,
SPY,2020-07-15,297.1598205566406,0.19042052788934927,0.22388541830871614,0,-0.0032933042343319396,0,
SPY,2020-07-16,296.1811828613281,0.19009712335338785,0.22731308325271274,0,0.0002806723979200676,0,
SPY,2020-07-17,297.0397644042969,0.19008203592859724,0.2365090766522399,0,-0.00261059882575454,0,
SPY,2020-07-20,299.4403686523437,0.18914296200621264,0.24533267329563002,0,-0.010606639053034717,0,
SPY,2020-07-21,300.07745361328125,0.18857658794704812,0.24844504654683738,0,-0.012707188838168237,0,
SPY,2020-07-22,301.785400390625,0.18879294448232659,0.25986272500182384,0,-0.018294747324880456,0,
SPY,2020-07-23,298.1846008300781,0.16649426263908432,0.25986272500182384,0,-0.006439930434341212,0,
SPY,2020-07-24,296.2643127441406,0.16714894937740513,0.25986272500182384,0,0.0009034826883302927,0,
SPY,2020-07-27,298.4247436523437,0.1361493711794137,0.25986272500182384,0,-0.006342507686539878,0,
SPY,2020-07-28,296.531982421875,0.1342612307245119,0.25986272500182384,0,0.008687052062621659,0,
SPY,2020-07-29,300.178955078125,0.13377105318769775,0.25986272500182384,0,-0.0035678180252176617,0,
SPY,2020-07-30,299.10797119140625,0.134480064561905,0.25986272500182384,0,0.007902015779748695,0,
SPY,2020-07-31,301.4715270996094,0.1355326597887148,0.25986272500182384,0,0.006952287561652115,0,
SPY,2020-08-03,303.56744384765625,0.12784532215458932,0.25986272500182384,0,0.0038625564449763505,0,
SPY,2020-08-04,304.739990234375,0.11956550063573498,0.25986272500182384,0,0.006210969264109245,0,
SPY,2020-08-05,306.6327209472656,0.11886463205262646,0.25986272500182384,0,0.0020775814185496344,0,
SPY,2020-08-06,308.68243408203125,0.11565952752820684,0.25986272500182384,0,-0.007048310681285641,0,
SPY,2020-08-07,308.9039306640625,0.11281188756563998,0.25986272500182384,0,-0.01880339026318878,0,
SPY,2020-08-10,309.8272705078125,0.10461427360223836,0.25986272500182384,0,-0.021727529002937285,0,
SPY,2020-08-11,307.269775390625,0.10559088203279243,0.25946577478173205,0,-0.02664785309122919,0,
SPY,2020-08-12,311.55389404296875,0.11091746156062356,0.2502324090123671,0,-0.040032234309380854,0,
SPY,2020-08-13,310.9906616210937,0.11003125822208604,0.2387334846296149,0,-0.038293645225150774,0,
SPY,2020-08-14,310.9998779296875,0.11034363466953276,0.22731308325271274,0,-0.03832214485865937,0,
SPY,2020-08-17,311.9876708984375,0.10831031357195295,0.22327397591781842,0,-0.04136694025321985,0,
SPY,2020-08-18,312.6617736816406,0.10831067172287928,0.21691295479895756,0,-0.04343376539156829,0,
SPY,2020-08-19,311.3600769042969,0.1095767832246962,0.21327982653980748,0,-0.03943466827775188,0,
SPY,2020-08-20,312.32940673828125,0.09719452951699516,0.2122294315948885,0,-0.04241583051685438,0,
SPY,2020-08-21,313.4373779296875,0.09153317989684122,0.21169969349579415,0,-0.04580079908742485,0,
SPY,2020-08-24,316.613525390625,0.09386490477502885,0.21121059170214065,0,-0.05537296554957438,1,21.0
SPY,2020-08-25,317.721435546875,0.0871648043021224,0.21087335601423196,0,-0.05866692613342539,1,20.0
SPY,2020-08-26,320.90673828125,0.08448795035280769,0.2105940669890291,0,-0.06801054674483464,1,17.0
SPY,2020-08-27,321.6084289550781,0.08062318219139096,0.210421375830031,0,-0.07004397699285425,1,16.0
SPY,2020-08-28,323.68585205078125,0.07977899286596288,0.20946037925368333,0,-0.07601245571363624,1,14.0
SPY,2020-08-31,322.5132141113281,0.08260991815892059,0.20843332388852606,0,-0.07265289460852664,1,14.0
SPY,2020-09-01,325.5509033203125,0.08561260148210482,0.20754243413508763,0,-0.08130589561789225,1,4.0
SPY,2020-09-02,330.2596740722656,0.0937881812180025,0.20654577505044877,0,-0.09440443676088295,1,3.0
SPY,2020-09-03,318.8939514160156,0.1656065600016231,0.20654577505044877,0,-0.062128039028023996,1,13.0
SPY,2020-09-04,316.290283203125,0.16924025278740695,0.20654577505044877,0,-0.05440757607919566,1,12.0
SPY,2020-09-08,307.6483459472656,0.19758613530981867,0.20654577505044877,0,-0.027845592227215832,0,
SPY,2020-09-09,313.7235412597656,0.20723712287990714,0.20654577505044877,1,-0.04667117311098257,0,
SPY,2020-09-10,308.27618408203125,0.21139084690198634,0.20654577505044877,1,-0.029825490907672614,0,
SPY,2020-09-11,308.43316650390625,0.21136475806765642,0.20654577505044877,1,-0.030319278089527946,0,
SPY,2020-09-14,312.4955444335937,0.21673923830244865,0.20654577505044877,1,-0.04292492842183082,0,
SPY,2020-09-15,314.07440185546875,0.2171754584158436,0.20654577505044877,1,-0.04773616127342806,0,
SPY,2020-09-16,312.8280334472656,0.21758303682879476,0.20654577505044877,1,-0.043942154861074,0,
SPY,2020-09-17,310.0765686035156,0.21939812338488845,0.20754243413508763,1,-0.03545857430115518,0,
SPY,2020-09-18,306.5067443847656,0.2226257859066037,0.20843332388852606,1,-0.02422474860391377,0,
SPY,2020-09-21,303.0954895019531,0.22482339597548323,0.20946037925368333,1,-0.013242671317570509,0,
SPY,2020-09-22,306.182373046875,0.2248586620460243,0.210421375830031,1,-0.023191006783226165,0,
SPY,2020-09-23,299.0816955566406,0.2366899344424215,0.2105940669890291,1,0.0026652220863647713,0,
SPY,2020-09-24,299.8788146972656,0.23275374429242093,0.21087335601423196,1,0.009397411816642665,0,
SPY,2020-09-25,304.7269287109375,0.24215771137578587,0.21121059170214065,1,-0.0066617981727524755,0,
SPY,2020-09-28,309.7883605957031,0.24968090461533682,0.21169969349579415,1,-0.022891309305501983,0,
SPY,2020-09-29,308.10113525390625,0.24990513869267242,0.21312815402218138,1,-0.017540460652279433,0,
SPY,2020-09-30,310.4372863769531,0.24885965734401863,0.23129419448476754,1,-0.024933818528138252,0,
SPY,2020-10-01,312.43017578125,0.24330044748474375,0.24907561698053055,0,-0.031153445222916964,0,
SPY,2020-10-02,309.4638366699219,0.21349625618967483,0.2502324090123671,0,-0.02186664952091666,0,
SPY,2020-10-05,314.9515075683594,0.22219968791066635,0.25229190162360904,0,-0.038909507844273605,0,
SPY,2020-10-06,310.4742431640625,0.2046196553537649,0.2647861157960918,0,-0.025049883915459814,0,
SPY,2020-10-07,315.8785705566406,0.20191997184711774,0.2792883671658227,0,-0.0417301848598004,0,
SPY,2020-10-08,318.6780090332031,0.19244660983651665,0.28302714932203105,0,-0.05014814065025597,1,16.0
SPY,2020-10-09,321.5238952636719,0.19407507763980458,0.28345192986640444,0,-0.058555510576188796,1,13.0
SPY,2020-10-12,326.6964416503906,0.1964905006432057,0.28441874845110743,0,-0.07346129059468265,1,12.0
SPY,2020-10-13,324.5644836425781,0.19858026416509877,0.28513436946148885,0,-0.0673751606555848,1,11.0
SPY,2020-10-14,322.5250244140625,0.1996227400689193,0.28538823843205285,0,-0.06147778776552959,1,10.0
SPY,2020-10-15,322.12646484375,0.19618479200627065,0.2868722222727095,0,-0.06031657609725416,1,9.0
SPY,2020-10-16,321.9317932128906,0.1899476103113963,0.2868722222727095,0,-0.05974835106176746,1,8.0
SPY,2020-10-19,317.03729248046875,0.19439481824756197,0.28839178373308505,0,-0.045232511778688256,0,
SPY,2020-10-20,318.30731201171875,0.1923030831821142,0.28856226976397314,0,-0.04904195413858903,0,
SPY,2020-10-21,317.7047119140625,0.16824480868462852,0.28856226976397314,0,-0.04723824336624738,0,
SPY,2020-10-22,319.4474182128906,0.16846065704240826,0.28856226976397314,0,-0.052435918538759396,1,4.0
SPY,2020-10-23,320.531982421875,0.16147559944794462,0.28856226976397314,0,-0.05564213241079474,1,3.0
SPY,2020-10-26,314.608642578125,0.16919577494946286,0.28856226976397314,0,-0.037862097704784214,0,
SPY,2020-10-27,313.5240478515625,0.16836274841079985,0.28856226976397314,0,-0.03453370965223723,0,
SPY,2020-10-28,302.8081359863281,0.20837755782518264,0.2898912656072409,0,-0.00036735001159493574,0,
SPY,2020-10-29,305.8856506347656,0.21058886131213087,0.2913524219155249,0,-0.010424651218799985,0,
SPY,2020-10-30,302.6968994140625,0.2111165119778582,0.2922967443280523,0,0.011208343129572862,0,
SPY,2020-11-02,306.0896301269531,0.2047046894003461,0.2931867017184485,0,0.01765602902109631,0,
SPY,2020-11-03,311.49395751953125,0.20923888686069728,0.2934753135264155,0,0.022349097690866904,0,
SPY,2020-11-04,318.45556640625,0.21511416065308445,0.2939278364550508,0,0.019270059506560022,0,
SPY,2020-11-05,324.6664123535156,0.22361506354765354,0.29434383850060813,0,-0.000228506028338904,0,
SPY,2020-11-06,324.5922241210937,0.22164395900801098,0.2945731199783095,0,0.008710316561175269,0,
SPY,2020-11-09,328.6709289550781,0.2187503902229377,0.29475542355349965,0,-0.003807467282160526,0,
SPY,2020-11-10,328.1889038085937,0.21737999473768127,0.2955771495534594,0,-0.0023443164993720567,0,
SPY,2020-11-11,330.6268920898437,0.21708793469725654,0.2968078652985756,0,-0.009700865295880878,0,
SPY,2020-11-12,327.4195251464844,0.2204524902507696,0.2975534619400357,0,0.006002022764159065,0,
SPY,2020-11-13,331.95245361328125,0.2250664388052706,0.2979566712660636,0,-0.007735291592177673,0,
SPY,2020-11-16,336.0960693359375,0.2189658282719122,0.298738528193929,0,-0.01996859040736243,0,
SPY,2020-11-17,334.28839111328125,0.22088100847920958,0.30033278731655433,0,-0.014669030255902049,0,
SPY,2020-11-18,330.2652893066406,0.22644988221546358,0.3020557111502032,0,-0.0026662950824944964,0,
SPY,2020-11-19,331.6557922363281,0.22623210531927768,0.30490472040066197,0,-0.006847724959575308,0,
SPY,2020-11-20,329.3847045898437,0.2282441571635587,0.30699325856558324,0,0.005994564394616875,0,
SPY,2020-11-23,331.3592224121094,0.21601484249267958,0.30732542112971856,0,0.012868508955487856,0,
SPY,2020-11-24,336.6985778808594,0.21978468301112933,0.308159729861565,0,-0.0031935280345518624,0,
SPY,2020-11-25,336.179443359375,0.16858362964863144,0.308159729861565,0,-0.0016542410226355608,0,
SPY,2020-11-27,337.1157531738281,0.16777275447285203,0.308159729861565,0,-0.004427059924000165,0,
SPY,2020-11-30,335.6233215332031,0.161706388067643,0.308159729861565,0,0.007181043681386168,0,
SPY,2020-12-01,339.294189453125,0.1615776589076509,0.308159729861565,0,-0.003715778892447452,0,
SPY,2020-12-02,340.0079650878906,0.15507909618760504,0.308159729861565,0,-0.005807269314279773,0,
SPY,2020-12-03,339.9152526855469,0.14084838121246637,0.308159729861565,0,-0.00553610173434238,0,
SPY,2020-12-04,342.8445129394531,0.1293006165915216,0.308159729861565,0,-0.014032791811598222,0,
SPY,2020-12-07,342.1399841308594,0.13001532778255437,0.308159729861565,0,-0.012002504985397233,0,
SPY,2020-12-08,343.1412048339844,0.12472504793104552,0.308159729861565,0,-0.014885293565459645,0,
SPY,2020-12-09,340.0635070800781,0.130375035692318,0.308159729861565,0,-0.00596964911608433,0,
SPY,2020-12-10,339.9524230957031,0.1288302981890789,0.308159729861565,0,-0.005644836452711188,0,
SPY,2020-12-11,339.5536804199219,0.12243388078729858,0.308159729861565,0,-0.004477151160360959,0,
SPY,2020-12-14,338.033447265625,0.11579885163205779,0.308159729861565,0,0.011368027242820045,0,
SPY,2020-12-15,342.6034851074219,0.11719543321665987,0.308159729861565,0,-0.0021227583369994862,0,
SPY,2020-12-16,343.1412048339844,0.11477130039545697,0.308159729861565,0,-0.0036864827454090587,0,
SPY,2020-12-17,345.0599670410156,0.10401942225777389,0.308159729861565,0,-0.009226646502033087,0,
SPY,2020-12-18,343.6822204589844,0.10597321752279501,0.308159729861565,0,-0.005254853607054466,0,
SPY,2020-12-21,342.4533996582031,0.10301308290280603,0.308159729861565,0,-0.0016854233471012003,0,
SPY,2020-12-22,341.876220703125,0.10262652164778582,0.308159729861565,0,0.0008985414100297628,0,
SPY,2020-12-23,342.18341064453125,0.08733931989236297,0.308159729861565,0,0.003319103592312578,0,
SPY,2020-12-24,343.5146789550781,0.0875256525087299,0.308159729861565,0,-0.0005691929196203205,0,
SPY,2020-12-28,346.4656982421875,0.09133046107324218,0.308159729861565,0,-0.009081838190967861,0,
SPY,2020-12-29,345.8046875,0.0896247210042125,0.308159729861565,0,-0.007187683561891367,0,
SPY,2020-12-30,346.29815673828125,0.08249542836768425,0.308159729861565,0,-0.008602424957466437,0,
SPY,2020-12-31,348.0575866699219,0.0836739726345489,0.308159729861565,0,-0.013613936369628044,0,
SPY,2021-01-04,343.31915283203125,0.0989427256488323,0.308159729861565,0,0.003470614180664189,0,
SPY,2021-01-05,345.68365478515625,0.09725566796297479,0.308159729861565,0,-0.003393199581685602,0,
SPY,2021-01-06,347.7503967285156,0.09870906084771748,0.308159729861565,0,-0.009316209576321843,0,
SPY,2021-01-07,352.9170837402344,0.11030509518455492,0.308159729861565,0,-0.023819766668134013,0,
SPY,2021-01-08,354.9278869628906,0.10405879059788378,0.308159729861565,0,-0.02935020378276476,0,
SPY,2021-01-11,352.535400390625,0.10849573281135215,0.308159729861565,0,-0.022762874960612578,0,
SPY,2021-01-12,352.6098327636719,0.10810006043600283,0.308159729861565,0,-0.02296915984403769,0,
SPY,2021-01-13,353.55938720703125,0.10545715832838691,0.308159729861565,0,-0.025593171563534134,0,
SPY,2021-01-14,352.3212280273437,0.09854522748845583,0.308159729861565,0,-0.022168822806197253,0,
SPY,2021-01-15,349.7519226074219,0.10327815432358052,0.308159729861565,0,-0.014985597265640194,0,
SPY,2021-01-19,352.4981384277344,0.10490539715424217,0.308159729861565,0,-0.022659572929994876,0,
SPY,2021-01-20,357.376220703125,0.11219354727236516,0.308159729861565,0,-0.03599998770334756,0,
SPY,2021-01-21,357.7020263671875,0.11037216957348918,0.308159729861565,0,-0.036878027638855615,0,
SPY,2021-01-22,356.4359741210937,0.11142769958949829,0.308159729861565,0,-0.03345704091220203,0,
SPY,2021-01-25,357.8417663574219,0.11152022130787831,0.308159729861565,0,-0.037254134252631466,0,
SPY,2021-01-26,357.2831726074219,0.1121277651985995,0.308159729861565,0,-0.035748930916241095,0,
SPY,2021-01-27,348.551025390625,0.1439550632601363,0.308159729861565,0,-0.011591830016145388,0,
SPY,2021-01-28,351.5486755371094,0.14659890317650173,0.308159729861565,0,-0.02001997127143995,0,
SPY,2021-01-29,344.5106811523437,0.16447115811214794,0.308159729861565,0,0.016645781892803857,0,
SPY,2021-02-01,350.2453308105469,0.1741165708896261,0.308159729861565,0,0.0012492115642643853,0,
SPY,2021-02-02,355.1978759765625,0.17233157423787743,0.308159729861565,0,-0.012711265899392421,0,
SPY,2021-02-03,355.4771423339844,0.1712636737768409,0.308159729861565,0,-0.013486889689675041,0,
SPY,2021-02-04,359.51739501953125,0.174175844433532,0.308159729861565,0,-0.02457331359704107,0,
SPY,2021-02-05,360.9324035644531,0.1675020919865768,0.308159729861565,0,-0.028397401106431297,0,
SPY,2021-02-08,363.5390625,0.1681338764158581,0.308159729861565,0,-0.035364015859712494,0,
SPY,2021-02-09,363.2969970703125,0.16567927619821662,0.308159729861565,0,-0.034721277202701906,0,
SPY,2021-02-10,363.13873291015625,0.16576208634176381,0.308159729861565,0,-0.03430058667168656,0,
SPY,2021-02-11,363.7252502441406,0.16570120833976723,0.308159729861565,0,-0.03585780450288034,0,
SPY,2021-02-12,365.5218811035156,0.16507978222324113,0.308159729861565,0,-0.04059680293445478,0,
SPY,2021-02-16,365.2053833007813,0.16188989566061385,0.308159729861565,0,-0.039765355705875916,0,
SPY,2021-02-17,365.28912353515625,0.16060771743655647,0.308159729861565,0,-0.03998548345944797,0,
SPY,2021-02-18,363.7345275878906,0.15545769385355296,0.308159729861565,0,-0.03588239573052876,0,
SPY,2021-02-19,363.0921936035156,0.15574149480264912,0.308159729861565,0,-0.03417680824320113,0,
SPY,2021-02-22,360.2994079589844,0.1579578793029926,0.308159729861565,0,-0.026690431397972447,0,
SPY,2021-02-23,360.7369079589844,0.1574761475308733,0.308159729861565,0,-0.027870856596693194,0,
SPY,2021-02-24,364.71197509765625,0.16162142452193595,0.30732542112971856,0,-0.03846628223757875,0,
SPY,2021-02-25,355.9239807128906,0.16087740177651272,0.30732542112971856,0,-0.01472538988316563,0,
SPY,2021-02-26,354.090087890625,0.1597466619183793,0.30699325856558324,0,-0.009622485008822013,0,
SPY,2021-03-01,362.6732482910156,0.1612048731272102,0.30490472040066197,0,-0.03306112876919254,0,
SPY,2021-03-02,359.8432006835937,0.15637149616907295,0.3011570339370278,0,-0.02545647475919177,0,
SPY,2021-03-03,355.0768127441406,0.15709860040082307,0.298738528193929,0,-0.012374650380738261,0,
SPY,2021-03-04,350.682861328125,0.16311350924964996,0.2979566712660636,0,0.013326138247295116,0,
SPY,2021-03-05,357.1341857910156,0.17150026800142976,0.2975534619400357,0,-0.004978734163845866,0,
SPY,2021-03-08,355.3561096191406,0.17148370408429153,0.2968078652985756,0,0.014277532483893962,0,
SPY,2021-03-09,360.4297180175781,0.17747466432211437,0.2955771495534594,0,0.004182104474123038,0,
SPY,2021-03-10,362.6732482910156,0.1790224936301218,0.29475542355349965,0,-0.002029858944872065,0,
SPY,2021-03-11,366.3504028320313,0.18261114681655297,0.2945731199783095,0,-0.012046745531076875,0,
SPY,2021-03-12,366.84381103515625,0.18259078576786206,0.29434383850060813,0,-0.013375551484442805,0,
SPY,2021-03-15,369.0314331054688,0.18295907795708705,0.2939278364550508,0,-0.01922427120059156,0,
SPY,2021-03-16,368.5660400390625,0.1830030136631846,0.2934753135264155,0,-0.017985833107286853,0,
SPY,2021-03-17,369.8228454589844,0.18329715962518134,0.2931867017184485,0,-0.02132310862324116,0,
SPY,2021-03-18,364.4420776367188,0.19053630432709176,0.2922967443280523,0,-0.006873533646434504,0,
SPY,2021-03-19,363.7677001953125,0.19054752830538557,0.2913524219155249,0,-0.005032407881247591,0,
SPY,2021-03-22,366.67236328125,0.1901446298048073,0.2898912656072409,0,-0.01291422807262832,0,
SPY,2021-03-23,363.786376953125,0.19266673733024672,0.28883501037507253,0,-0.005083489422301746,0,
SPY,2021-03-24,361.9370727539063,0.18942113562448262,0.28856226976397314,0,0.0056256541973096486,0,
SPY,2021-03-25,363.9732055664063,0.16767357384590284,0.2882841387422832,0,0.012907454333035195,0,
SPY,2021-03-26,369.8385925292969,0.17385628141645088,0.2869674725847367,0,-0.0031565646667911507,0,
SPY,2021-03-29,369.6517639160156,0.15373965040083287,0.285812874474358,0,-0.002652742164474753,0,
SPY,2021-03-30,368.6711730957031,0.15088684811360464,0.2857176241623308,0,0.00405302146405262,0,
SPY,2021-03-31,370.1654052734375,0.14094915133407335,0.2854238682706174,0,0.01079930220172498,0,
SPY,2021-04-01,374.1629333496094,0.13305488855234288,0.2851813148686464,0,0.011981578998237596,0,
SPY,2021-04-05,379.5332946777344,0.1277546397357969,0.28513436946148885,0,-0.00233786757690857,0,
SPY,2021-04-06,379.3091735839844,0.1250103655994813,0.28502223467999516,0,-0.0017483824184060248,0,
SPY,2021-04-07,379.7481689453125,0.11829538968549617,0.2845265594519092,0,-0.002902378317250598,0,
SPY,2021-04-08,381.55078125,0.1178171186987625,0.28392307322302146,0,-0.007613102368008828,0,
SPY,2021-04-09,384.3246154785156,0.11581490618174758,0.28345192986640444,0,-0.014775580735819638,0,
SPY,2021-04-12,384.4648132324219,0.11598501792441004,0.28302714932203105,0,-0.01513484963617262,0,
SPY,2021-04-13,385.6042175292969,0.11523768851025734,0.2789053106791721,0,-0.018044982703069645,0,
SPY,2021-04-14,384.2872619628906,0.11634670048330321,0.27472512996627446,0,-0.014679814887242792,0,
SPY,2021-04-15,388.4154968261719,0.12024410259271628,0.27447156871520373,0,-0.025152190919905615,0,
SPY,2021-04-16,389.7136535644531,0.10184266820919724,0.27417766858022996,0,-0.028399460397331655,0,
SPY,2021-04-19,387.799072265625,0.10447534306448839,0.2739014494383113,0,-0.023602625241984976,0,
SPY,2021-04-20,384.9597778320313,0.1092492442182096,0.27120995954848787,0,-0.01640114656611269,0,
SPY,2021-04-21,388.6022033691406,0.10472154387697191,0.26737286846417707,0,-0.025620563108163963,0,
SPY,2021-04-22,385.0530700683594,0.1099297686659561,0.26373788156673483,0,-0.01663945692855251,0,
SPY,2021-04-23,389.2280883789063,0.1129913147369752,0.2612193114923686,0,-0.027187380872818245,0,
SPY,2021-04-26,390.0405578613281,0.10268313320204313,0.26097963922955775,0,-0.029213786971428846,0,
SPY,2021-04-27,389.95654296875,0.1025697443161436,0.2596408917407462,0,-0.029004634180240907,0,
SPY,2021-04-28,389.8443908691406,0.10127367392718463,0.2578738816794804,0,-0.028725294085735875,0,
SPY,2021-04-29,392.3289184570313,0.1019812539727533,0.25723797906429097,0,-0.034876150392110006,0,
SPY,2021-04-30,389.7510681152344,0.10287823922413102,0.25706053339584933,0,-0.0284927301807959,0,
SPY,2021-05-03,390.5916137695313,0.09224801267442673,0.2553779449231859,0,-0.030583395174556438,0,
SPY,2021-05-04,388.1819763183594,0.0959449247741556,0.25382702080265235,0,-0.024565747011367267,0,
SPY,2021-05-05,388.3034362792969,0.09599160481562354,0.2533345534485707,0,-0.024870859444572457,0,
SPY,2021-05-06,391.4042663574219,0.09825509493119289,0.25278321501827977,0,-0.0325961451120752,0,
SPY,2021-05-07,394.2529602050781,0.0982616913662173,0.25261755408990605,0,-0.039586168492456886,0,
SPY,2021-05-10,390.3488159179688,0.10604535983836351,0.25245566782157125,0,-0.02998041584088762,0,
SPY,2021-05-11,386.8650207519531,0.11109158226678015,0.25228401382536497,0,-0.021245199791461444,0,
SPY,2021-05-12,378.64599609375,0.1347749373823488,0.2519299731665326,0,0.01201276134252005,0,
SPY,2021-05-13,383.194580078125,0.13625257452003856,0.2515847462390661,0,0.001413528589131463,0,
SPY,2021-05-14,389.0786437988281,0.14702614924274743,0.25138174937435975,0,-0.013730918701682304,0,
SPY,2021-05-17,388.088623046875,0.14622750348255711,0.2509882810229864,0,-0.011214929312894806,0,
SPY,2021-05-18,384.7448425292969,0.1471719489633045,0.2502324090123671,0,-0.002621493118402096,0,
SPY,2021-05-19,383.7362365722656,0.14307207042962022,0.24919226173563608,0,0.009930358575914067,0,
SPY,2021-05-20,387.8644714355469,0.14471337424195735,0.24859747101114826,0,-0.0008188335331962282,0,
SPY,2021-05-21,387.546875,0.13939511088641288,0.2485353634034879,0,0.003223290151392888,0,
SPY,2021-05-24,391.4976806640625,0.14401733767234953,0.24846437714987982,0,-0.0069007551566827585,0,
SPY,2021-05-25,390.6290588378906,0.1442673405512255,0.2480147566686482,0,-0.004692451242498841,0,
SPY,2021-05-26,391.4042663574219,0.14441430944026387,0.24716320525154178,0,-0.006663737614064469,0,
SPY,2021-05-27,391.6096496582031,0.142590994868582,0.24568850052134844,0,-0.00718470199921839,0,
SPY,2021-05-28,392.3102416992188,0.1406129234724381,0.24375255368269785,0,-0.008957682722243288,0,
SPY,2021-06-01,391.9646606445313,0.14050259668633983,0.24269721279619266,0,-0.008083916580465034,0,
SPY,2021-06-02,392.5810241699219,0.13852713069447553,0.24249585944218424,0,-0.009641253426688756,0,
SPY,2021-06-03,391.12408447265625,0.13936028975771192,0.24239931257219016,0,-0.005952160809540641,0,
SPY,2021-06-04,394.701171875,0.14024835205165723,0.24228994376669663,0,-0.014960991429433856,0,
SPY,2021-06-07,394.3182373046875,0.13795379738481026,0.24201035443136615,0,-0.014004389746320345,0,
SPY,2021-06-08,394.40234375,0.1328438296756546,0.2415617061777922,0,-0.014214653673972677,0,
SPY,2021-06-09,393.81390380859375,0.12834212107071205,0.2411138394098019,0,-0.01274168518347174,0,
SPY,2021-06-10,395.6445617675781,0.09783718372461415,0.24026578451620184,0,-0.017309755785827496,0,
SPY,2021-06-11,396.2983093261719,0.09080845750516264,0.23827840591602895,0,-0.018930835999622087,0,
SPY,2021-06-14,397.18560791015625,0.0755006930644805,0.23657552012539942,0,-0.02112250977297081,0,
SPY,2021-06-15,396.45709228515625,0.07509432234153765,0.23593106094877228,0,-0.019323758885502085,0,
SPY,2021-06-16,394.24359130859375,0.07049219339698058,0.235102572427422,0,-0.013817701551270267,0,
SPY,2021-06-17,394.1128234863281,0.06929326832465864,0.23408474322879155,0,-0.013490483293350453,0,
SPY,2021-06-18,388.7960510253906,0.0787272228946036,0.23339939149215158,0,0.014315935023585746,0,
SPY,2021-06-21,394.3620300292969,0.09311919182959746,0.23290259253086848,0,0.004134431112354564,0,
SPY,2021-06-22,396.4703674316406,0.08820246376860832,0.23161405994132842,0,-0.0012053227557837776,0,
SPY,2021-06-23,395.9924926757813,0.087839933503583,0.22846987388582812,0,0.005608250753204924,0,
SPY,2021-06-24,398.3351135253906,0.0896892881183842,0.22354409780768186,0,-0.00030576178238206353,0,
SPY,2021-06-25,399.74993896484375,0.09017132410604366,0.22064857365453894,0,-0.0038439557932868906,0,
SPY,2021-06-28,400.555908203125,0.09020021639683494,0.2202187893144369,0,-0.005848347968552048,0,
SPY,2021-06-29,400.7713928222656,0.0899395869754092,0.21961980499429412,0,-0.006382878112027202,0,
SPY,2021-06-30,401.1087341308594,0.08992735971968431,0.21820565829338587,0,-0.007218532067220007,0,
SPY,2021-07-01,403.3295593261719,0.08937541697866028,0.2168457627616659,0,-0.012685014863838995,0,
SPY,2021-07-02,406.412353515625,0.08784570522459541,0.21651123749361703,0,-0.020174179189206276,0,
SPY,2021-07-06,405.672119140625,0.08821012488777483,0.2162135086676813,0,-0.01838628024359168,0,
SPY,2021-07-07,407.1057434082031,0.08839347225861524,0.21597930069936438,0,-0.021843036314506126,0,
SPY,2021-07-08,403.7886657714844,0.09446239958069154,0.2152703502673174,0,-0.013807588902324142,0,
SPY,2021-07-09,408.09906005859375,0.09955472452322374,0.2142472989736517,0,-0.024223878844711444,0,
SPY,2021-07-12,409.5608215332031,0.09981473267166596,0.2126551096519915,0,-0.027706516506216694,0,
SPY,2021-07-13,408.1646728515625,0.1013747762002222,0.2113481494099048,0,-0.024380735625515015,0,
SPY,2021-07-14,408.7737426757813,0.1006676316343923,0.21109597851367837,0,-0.02583440104435364,0,
SPY,2021-07-15,407.3775024414063,0.0989039254498031,0.21083664011908346,0,-0.022495558825393558,0,
SPY,2021-07-16,404.1822204589844,0.10436979341046572,0.21056321155349778,0,-0.014767850453967002,0,
SPY,2021-07-19,398.21331787109375,0.10688487974920817,0.20973259720355256,0,0.014330290311935556,0,
SPY,2021-07-20,403.9198303222656,0.10690775053398874,0.20906655048309358,0,0.008096469798033912,0,
SPY,2021-07-21,407.1901550292969,0.10873329686187207,0.20841556533914057,0,0.0020940121520156563,0,
SPY,2021-07-22,408.0428161621094,0.10834097486705929,0.20736069605946436,0,0.004891424540453881,0,
SPY,2021-07-23,412.2408142089844,0.11171818059862262,0.2056547789286366,0,-0.005341750080154362,0,
SPY,2021-07-26,413.2527160644531,0.11154788955457096,0.2043014592745892,0,-0.007777297360366808,0,
SPY,2021-07-27,411.3692932128906,0.11369766796835669,0.203838925731565,0,-0.003234481591608218,0,
SPY,2021-07-28,411.2005920410156,0.11383519691565712,0.203838925731565,0,-0.0028255436807812506,0,
SPY,2021-07-29,412.9060974121094,0.11426596239951504,0.203838925731565,0,-0.0069443648893537935,0,
SPY,2021-07-30,410.90081787109375,0.11530211586289359,0.203838925731565,0,-0.002098051468769735,0,
SPY,2021-08-02,410.0387268066406,0.1129652984645638,0.20327063392679054,0,0.0031765798369756126,0,
SPY,2021-08-03,413.3745422363281,0.11578223936485336,0.20327063392679054,0,-0.004918770920759652,0,
SPY,2021-08-04,411.34124755859375,0.11716020143555156,0.20327063392679054,0,0.0004555291520111915,0,
SPY,2021-08-05,413.9461975097656,0.11414478577023293,0.20327063392679054,0,-0.005840304938245722,0,
SPY,2021-08-06,414.6301879882813,0.1086827742956126,0.20327063392679054,0,-0.01595395228328611,0,
SPY,2021-08-09,414.2928771972656,0.10830894471628,0.20327063392679054,0,-0.016083032811417097,0,
SPY,2021-08-10,414.8082580566406,0.10729080466641083,0.20327063392679054,0,-0.01730550599572389,0,
SPY,2021-08-11,415.8390197753906,0.1074320953280932,0.20327063392679054,0,-0.01974136174151986,0,
SPY,2021-08-12,417.0851745605469,0.10645225852616735,0.20327063392679054,0,-0.022670149594129607,0,
SPY,2021-08-13,417.8442077636719,0.1009379329119586,0.20327063392679054,0,-0.024445514175186145,0,
SPY,2021-08-16,418.8280944824219,0.07980869894006482,0.20327063392679054,0,-0.026737230310432847,0,
SPY,2021-08-17,416.0825805664063,0.07323709075600503,0.20327063392679054,0,-0.020315172279344207,0,
SPY,2021-08-18,411.5286254882813,0.08134348763723531,0.20327063392679054,0,-0.019730410968656242,0,
SPY,2021-08-19,412.165771484375,0.08122765164535292,0.20327063392679054,0,-0.021245759614649806,0,
SPY,2021-08-20,415.4454345703125,0.0779024565549921,0.20327063392679054,0,-0.030103539798826406,0,
SPY,2021-08-23,419.099853515625,0.08315788250589774,0.20327063392679054,0,-0.038560731967753115,0,
SPY,2021-08-24,419.7651977539063,0.08082112503164454,0.20327063392679054,0,-0.0400846507701349,0,
SPY,2021-08-25,420.6460266113281,0.08072652451473851,0.20327063392679054,0,-0.042094704560717955,0,
SPY,2021-08-26,418.162841796875,0.08360860989019771,0.20327063392679054,0,-0.03640635627731281,0,
SPY,2021-08-27,421.901611328125,0.08584952905799363,0.20327063392679054,0,-0.04494544325618355,0,
SPY,2021-08-30,423.7570190429688,0.08550872940192253,0.20327063392679054,0,-0.04912712170172573,0,
SPY,2021-08-31,423.1291198730469,0.08262944416170775,0.20327063392679054,0,-0.04771608128180871,0,
SPY,2021-09-01,423.35400390625,0.07949927934038165,0.20327063392679054,0,-0.04822193086967108,0,
SPY,2021-09-02,424.6565551757813,0.07767563946056734,0.20327063392679054,0,-0.05114132471193633,1,19.0
SPY,2021-09-03,424.5534362792969,0.07784549161957775,0.20087236945101877,0,-0.05091085841216292,1,20.0
SPY,2021-09-07,423.0354309082031,0.07939178503656873,0.19942403867099812,0,-0.04750518052016206,0,
SPY,2021-09-08,422.5201110839844,0.07978993920999397,0.19741414902597948,0,-0.04634348560892021,0,
SPY,2021-09-09,420.7116088867188,0.08163212004307747,0.1952927726061543,0,-0.04224402682223083,0,
SPY,2021-09-10,417.39447021484375,0.08640462038345409,0.19448695828055695,0,-0.03463249958946224,0,
SPY,2021-09-13,418.4626770019531,0.08664567664214935,0.19359818608545035,0,-0.03709678654423054,0,
SPY,2021-09-14,416.2044982910156,0.0883045964844375,0.19287931444484321,0,-0.03187241355872106,0,
SPY,2021-09-15,419.6808471679688,0.09010356429731683,0.1920725706048817,0,-0.039891719825812966,0,
SPY,2021-09-16,419.01556396484375,0.0798704310609035,0.18957375400145868,0,-0.03836732797282971,0,
SPY,2021-09-17,414.9339294433594,0.08834178702593831,0.18730156014789512,0,-0.02890791086418587,0,
SPY,2021-09-20,408.0151977539063,0.10263960989230851,0.18536919653875808,0,-0.01244105951289487,0,
SPY,2021-09-21,407.6297912597656,0.09609761202235266,0.18200848753501114,0,-0.01150734064059622,0,
SPY,2021-09-22,411.6061401367188,0.10347178451908694,0.17890461920865935,0,-0.021056740643751293,0,
SPY,2021-09-23,416.607177734375,0.1130324600634121,0.177084381288194,0,-0.03280817534690983,0,
SPY,2021-09-24,417.2933654785156,0.11138298695864135,0.17625941393656677,0,-0.034398603643197134,0,
SPY,2021-09-27,416.09954833984375,0.10648888227249384,0.17576672598915857,0,-0.031628229340471936,0,
SPY,2021-09-28,407.7143249511719,0.12538218176331828,0.17576672598915857,0,-0.011712290352465238,0,
SPY,2021-09-29,408.4006042480469,0.1260332962251445,0.17576672598915857,0,-0.01337301608948005,0,
SPY,2021-09-30,403.4089965820313,0.13105145886895686,0.17576672598915857,0,-0.0011649224224759003,0,
SPY,2021-10-01,408.2032165527344,0.13931758205983688,0.17576672598915857,0,-0.012895930122025279,0,
SPY,2021-10-04,402.9390563964844,0.1444575775997919,0.17576672598915857,0,0.01040473565091471,0,
SPY,2021-10-05,407.1315307617188,0.1515115010634371,0.17576672598915857,0,0.0012005949230056157,0,
SPY,2021-10-06,408.8236389160156,0.153028859354538,0.17576672598915857,0,-0.0029433427789530286,0,
SPY,2021-10-07,412.3582153320313,0.15687605738949775,0.17576672598915857,0,-0.011489729912788293,0,
SPY,2021-10-08,411.6061401367188,0.1547921901235195,0.17576672598915857,0,-0.00968355167113888,0,
SPY,2021-10-11,408.626220703125,0.15597536978962348,0.17576672598915857,0,-0.002461638146586065,0,
SPY,2021-10-12,407.6203308105469,0.1552667133864672,0.17576672598915857,0,0.003597690272962195,0,
SPY,2021-10-13,409.0868225097656,0.152367051614834,0.17576672598915857,0,0.016820717888166525,0,
SPY,2021-10-14,415.9679565429688,0.16513921028626602,0.17576672598915857,0,0.007615676033301266,0,
SPY,2021-10-15,419.1358337402344,0.16349778015366312,0.17576672598915857,0,0.0029604835155456755,0,
SPY,2021-10-18,420.3766784667969,0.15024634141869547,0.17576672598915857,0,0.007715045252950192,0,
SPY,2021-10-19,423.6199035644531,0.15150734563133378,0.17576672598915857,0,-0.0003107805627721172,0,
SPY,2021-10-20,425.2837524414063,0.1489347341731464,0.17576672598915857,0,-0.004221891146033885,0,
SPY,2021-10-21,426.39300537109375,0.14383426601109023,0.17576672598915857,0,-0.006812388106938627,0,
SPY,2021-10-22,425.951171875,0.14402937922831913,0.17576672598915857,0,-0.005782167781665071,0,
SPY,2021-10-25,428.23541259765625,0.14403664256485701,0.17576672598915857,0,-0.011085402387528642,0,
SPY,2021-10-26,428.6208801269531,0.11895505530041027,0.17576672598915857,0,-0.011974753523465775,0,
SPY,2021-10-27,426.7219848632813,0.1214719701470105,0.17576672598915857,0,-0.007578081855556418,0,
SPY,2021-10-28,430.8393859863281,0.11126490879486953,0.17513017643914108,0,-0.017062356629900854,0,
SPY,2021-10-29,431.7135925292969,0.10664700152433128,0.17424878880578495,0,-0.019052774661749372,0,
SPY,2021-11-01,432.4562072753906,0.08912528441752297,0.1738499430796182,0,-0.02073725938510551,0,
SPY,2021-11-02,434.2047424316406,0.08546326922273972,0.17371031836035405,0,-0.024680733884213435,0,
SPY,2021-11-03,436.8555908203125,0.08601801700998882,0.17368581824768337,0,-0.030598990533210024,0,
SPY,2021-11-04,438.9142761230469,0.08392204748813042,0.1733132664208102,0,-0.035145872963813996,0,
SPY,2021-11-05,440.4371337890625,0.08186239502746286,0.17290485327986319,0,-0.03848195748353478,0,
SPY,2021-11-08,440.813232421875,0.07237453050285782,0.17250674167928573,0,-0.03930231766017511,0,
SPY,2021-11-09,439.3561401367188,0.07339976984591304,0.171777947096229,0,-0.03611623454120649,0,
SPY,2021-11-10,435.8215942382813,0.08456853163549473,0.171308061127311,0,-0.02829906472949184,0,
SPY,2021-11-11,435.9625854492188,0.06825492286058185,0.17098498701441753,0,-0.028613314842014015,0,
SPY,2021-11-12,439.252685546875,0.06818567198647414,0.17064964866301036,0,-0.035889216692724824,0,
SPY,2021-11-15,439.4030456542969,0.0685049657828118,0.17004759602382657,0,-0.036219127471401436,0,
SPY,2021-11-16,441.1421813964844,0.06577637412428249,0.16951783110029048,0,-0.040018686510949864,0,
SPY,2021-11-17,440.0706176757813,0.06720027607151836,0.16946745990115425,0,-0.03768114997301719,0,
SPY,2021-11-18,441.565185546875,0.06739675749752545,0.16886913430269673,0,-0.040938315352160304,0,
SPY,2021-11-19,440.775634765625,0.06786079761240921,0.1682409843532235,0,-0.039220371249412134,0,
SPY,2021-11-22,439.5347595214844,0.06824567455849528,0.16788445934791657,0,-0.03650794036524463,0,
SPY,2021-11-23,440.1176452636719,0.06822910501266201,0.1674495526148952,0,-0.03778397596689731,0,
SPY,2021-11-24,441.2926330566406,0.06484636379700846,0.16730108314683695,0,-0.04034597677485707,0,
SPY,2021-11-26,431.4504089355469,0.10235245212329556,0.16721094067303244,0,-0.01845439948189842,0,
SPY,2021-11-29,436.7428283691406,0.11092964081598126,0.16710801491110472,0,-0.030348701285406787,0,
SPY,2021-11-30,428.244873046875,0.13195655691786407,0.16710801491110472,0,-0.011107248711725859,0,
SPY,2021-12-01,423.4882507324219,0.13601684260618727,0.16710801491110472,0,0.0064816522293258405,0,
SPY,2021-12-02,429.97454833984375,0.14601593905490895,0.16710801491110472,0,-0.008701431415916283,0,
SPY,2021-12-03,426.233154296875,0.14709752264854392,0.16710801491110472,0,0.006965943829112531,0,
SPY,2021-12-06,431.28118896484375,0.15360492700611889,0.16710801491110472,0,-0.011885250599657948,0,
SPY,2021-12-07,440.2021789550781,0.17156868883643817,0.16710801491110472,1,-0.04262505333790423,0,
SPY,2021-12-08,441.3678283691406,0.17137855749610165,0.16710801491110472,1,-0.06389777705346444,1,30.0
SPY,2021-12-09,438.3879089355469,0.170601697384258,0.16710801491110472,1,-0.05753466997607748,1,29.0
SPY,2021-12-10,442.5146789550781,0.17361790910978173,0.16710801491110472,1,-0.07380643504374829,1,28.0
SPY,2021-12-13,438.59466552734375,0.17489891140028602,0.16710801491110472,1,-0.06787286553524341,1,27.0
SPY,2021-12-14,435.5771789550781,0.17655305580387226,0.16710801491110472,1,-0.06605012697757229,1,26.0
SPY,2021-12-15,442.383056640625,0.18492618226567778,0.16710801491110472,1,-0.0804185538528952,1,25.0
SPY,2021-12-16,438.4819641113281,0.1875002982294992,0.16710801491110472,1,-0.07223720865910821,1,24.0
SPY,2021-12-17,433.8151245117188,0.19058647587988295,0.16721094067303244,1,-0.062256643462016314,1,25.0
SPY,2021-12-20,429.2022705078125,0.1937391708866104,0.16730108314683695,1,-0.05217824105346236,1,26.0
SPY,2021-12-21,436.824462890625,0.20489859172686076,0.1674495526148952,1,-0.06871687477259814,1,21.0
SPY,2021-12-22,441.192138671875,0.20807306399999187,0.16788445934791657,1,-0.07793631092072872,1,20.0
SPY,2021-12-23,443.937255859375,0.209023154529154,0.1682409843532235,1,-0.08363795647413308,1,18.0
SPY,2021-12-27,450.2199096679688,0.19591669242573898,0.16886913430269673,1,-0.0964254528935039,1,16.0
SPY,2021-12-28,449.8518981933594,0.19246628704271515,0.16946745990115425,1,-0.09568626338950126,1,15.0
SPY,2021-12-29,450.427490234375,0.1755925538525602,0.16951783110029048,1,-0.09684186734498634,1,14.0
SPY,2021-12-30,449.1822814941406,0.16932282432197193,0.17004759602382657,0,-0.09433816128415318,1,13.0
SPY,2021-12-31,448.0502014160156,0.1639103121738574,0.17064964866301036,0,-0.09204984242638237,1,13.0
SPY,2022-01-03,450.6444396972656,0.1592586737727716,0.17098498701441753,0,-0.09727666616757136,1,11.0
SPY,2022-01-04,450.4935607910156,0.15595969263319587,0.171308061127311,0,-0.096974326864395,1,10.0
SPY,2022-01-05,441.8430786132813,0.15811503700782764,0.1721277381823293,0,-0.07929473003555532,1,11.0
SPY,2022-01-06,441.4280090332031,0.15788760272704974,0.17290485327986319,0,-0.07842900166771372,1,10.0
SPY,2022-01-07,439.6827392578125,0.15659565342030735,0.1733132664208102,0,-0.07835378237093338,1,9.0
SPY,2022-01-10,439.13568115234375,0.15279144400614567,0.1736978591599507,0,-0.09357467804173547,1,8.0
SPY,2022-01-11,443.1354370117188,0.15282054408057846,0.1738499430796182,0,-0.10175610450818295,1,7.0
SPY,2022-01-12,444.33349609375,0.15042046524297883,0.17424878880578495,0,-0.10417804493431282,1,5.0
SPY,2022-01-13,438.211181640625,0.1489780812160784,0.17513017643914108,0,-0.09166238140790106,1,5.0
SPY,2022-01-14,438.390380859375,0.14565588414577021,0.17623299010073554,0,-0.09203367922537109,1,4.0
SPY,2022-01-18,430.626708984375,0.15458192641787752,0.177084381288194,0,-0.07566415907955737,1,6.0
SPY,2022-01-19,426.1553039550781,0.15436085096509244,0.17793783373942984,0,-0.06596562924901772,1,24.0
SPY,2022-01-20,421.43853759765625,0.14332265610026448,0.17939936841984494,0,-0.05551185840559292,1,23.0
SPY,2022-01-21,413.1654052734375,0.14979286003576325,0.1812870545547951,0,-0.0423535543250988,0,
SPY,2022-01-24,414.9200439453125,0.14829766654646168,0.18486175180986886,0,-0.053633247769581005,1,30.0
SPY,2022-01-25,409.854248046875,0.1362097883523261,0.1877944105220997,0,-0.04193616073263473,0,
SPY,2022-01-26,408.8259887695313,0.13570167218714246,0.1877944105220997,0,-0.039526485080704554,0,
SPY,2022-01-27,406.8072509765625,0.13380022047963436,0.1877944105220997,0,-0.03476023723468258,0,
SPY,2022-01-28,416.9105224609375,0.1702259345851583,0.1877944105220997,0,-0.05815153787436711,1,25.0
SPY,2022-01-31,424.4194641113281,0.1867032335718978,0.1877944105220997,0,-0.07481497050090757,1,16.0
SPY,2022-02-01,427.2872619628906,0.1873124215332089,0.1877944105220997,0,-0.08102447842704297,1,14.0
SPY,2022-02-02,431.4380187988281,0.1922594520993718,0.1877944105220997,1,-0.08986571114651454,1,12.0
SPY,2022-02-03,421.2970275878906,0.19803173808846714,0.1877944105220997,1,-0.06795797570180961,1,13.0
SPY,2022-02-04,423.2780456542969,0.199577890913713,0.1877944105220997,1,-0.07232010151424206,1,12.0
SPY,2022-02-07,421.9196472167969,0.19950303446176368,0.1877944105220997,1,-0.0693333742240676,1,11.0
SPY,2022-02-08,425.39111328125,0.20280194873795002,0.1877944105220997,1,-0.07692821461407873,1,10.0
SPY,2022-02-09,431.6172180175781,0.20748264813408654,0.1877944105220997,1,-0.09024358150643497,1,7.0
SPY,2022-02-10,423.8629455566406,0.21516542242649345,0.1877944105220997,1,-0.07360023200858856,1,8.0
SPY,2022-02-11,415.5048828125,0.220457600078502,0.1877944105220997,1,-0.054965294833798306,1,16.0
SPY,2022-02-14,414.14654541015625,0.22016498807710924,0.1877944105220997,1,-0.05186572536794931,1,15.0
SPY,2022-02-15,420.8253784179688,0.22232268335328684,0.1877944105220997,1,-0.06691336938850911,1,5.0
SPY,2022-02-16,421.2970275878906,0.21968929746571011,0.1877944105220997,1,-0.06795797570180961,1,4.0
SPY,2022-02-17,412.297607421875,0.22928710881698136,0.1877944105220997,1,-0.04761384166355298,0,
SPY,2022-02-18,409.6278991699219,0.21951954776568855,0.1877944105220997,1,-0.041406761552288285,0,
SPY,2022-02-22,405.23193359375,0.2217510628713086,0.1877944105220997,1,-0.03100791948573045,0,
SPY,2022-02-23,398.043701171875,0.22632693702963405,0.1877944105220997,1,-0.013508985903346926,0,
SPY,2022-02-24,404.0338439941406,0.23361101377802557,0.1877944105220997,1,-0.02813454798226589,0,
SPY,2022-02-25,412.9484252929688,0.24598685607144052,0.1877944105220997,1,-0.049114827970954456,0,
SPY,2022-02-28,411.8919067382813,0.22949090907913652,0.1877944105220997,1,-0.04667577099704734,0,
SPY,2022-03-01,405.6186828613281,0.22427609370764773,0.1877944105220997,1,-0.031931833973061985,0,
SPY,2022-03-02,413.08056640625,0.23389910078287945,0.1877944105220997,1,-0.049419008403182585,0,
SPY,2022-03-03,411.0240783691406,0.23021672914273505,0.1877944105220997,1,-0.04466294047334518,0,
SPY,2022-03-04,407.68463134765625,0.2173047948994543,0.1877944105220997,1,-0.03683753511674892,0,
SPY,2022-03-07,395.6663818359375,0.23770231695493038,0.1877944105220997,1,-0.007581759658704779,0,
SPY,2022-03-08,392.6665344238281,0.2381752053617765,0.1877944105220997,1,0.0018017553105460493,0,
SPY,2022-03-09,403.1943054199219,0.2581485861093374,0.1877944105220997,1,-0.024356202085230816,0,
SPY,2022-03-10,401.3736572265625,0.25003384189927685,0.1877944105220997,1,-0.019930639804163763,0,
SPY,2022-03-11,396.270263671875,0.24662645069431632,0.1877944105220997,1,-0.007308749860608255,0,
SPY,2022-03-14,393.3740234375,0.23936545782524696,0.1877944105220997,1,0.0009417319364968257,0,
SPY,2022-03-15,402.0245056152344,0.2546185239186622,0.1877944105220997,1,-0.020595832296849026,0,
SPY,2022-03-16,410.9390869140625,0.26081833323943404,0.1877944105220997,1,-0.041842236825962775,0,
SPY,2022-03-17,416.080322265625,0.265201273002961,0.1877944105220997,1,-0.06300597324946533,1,27.0
SPY,2022-03-18,420.6375427246094,0.25604428852404526,0.1877944105220997,1,-0.07315744075993735,1,26.0
SPY,2022-03-21,420.5145263671875,0.2545776696398446,0.1877944105220997,1,-0.07288630435823862,1,25.0
SPY,2022-03-22,425.4351806640625,0.252877978243997,0.1877944105220997,1,-0.0836094560802717,1,22.0
SPY,2022-03-23,419.9563293457031,0.248178073667733,0.1877944105220997,1,-0.07165400455151605,1,23.0
SPY,2022-03-24,426.286865234375,0.2481944252052022,0.1877944105220997,1,-0.08690554393263505,1,20.0
SPY,2022-03-25,428.3687438964844,0.23793496229060937,0.1877944105220997,1,-0.12043575214185409,1,19.0
SPY,2022-03-28,431.4156494140625,0.23803639705372717,0.1877944105220997,1,-0.126647740889836,1,18.0
SPY,2022-03-29,436.752685546875,0.2309494254309785,0.1877944105220997,1,-0.14906300606113454,1,10.0
SPY,2022-03-30,434.05572509765625,0.22680202057363225,0.1877944105220997,1,-0.14466962213261225,1,16.0
SPY,2022-03-31,427.3750915527344,0.23434467752386587,0.1877944105220997,1,-0.13129928556570802,1,15.0
SPY,2022-04-01,428.5863342285156,0.2312842344127866,0.1877944105220997,1,-0.13375435072707975,1,14.0
SPY,2022-04-04,432.2578430175781,0.1976150530854523,0.18856160849134707,1,-0.1411120622554357,1,13.0
SPY,2022-04-05,426.7978210449219,0.20250401653251437,0.19078156297189242,1,-0.131188788007646,1,12.0
SPY,2022-04-06,422.5301818847656,0.1903020833646012,0.1945451849547517,0,-0.12778823165903586,1,13.0
SPY,2022-04-07,424.6592102050781,0.1887440735810678,0.1972560118401157,0,-0.13216106406554606,1,10.0
SPY,2022-04-08,423.523681640625,0.18089463190319982,0.198600289945139,0,-0.1298342617075745,1,11.0
SPY,2022-04-11,416.2847900390625,0.19172844321722507,0.19998303761646674,0,-0.11470270848819941,1,10.0
SPY,2022-04-12,414.7423095703125,0.1793011262680005,0.20143136839648737,0,-0.1114101729795628,1,9.0
SPY,2022-04-13,419.4925537109375,0.1668866415451378,0.20285745717711845,0,-0.12147237451778459,1,8.0
SPY,2022-04-14,414.2692260742188,0.16778522367120222,0.20378888609499732,0,-0.11039542905097366,1,10.0
SPY,2022-04-18,414.4395446777344,0.16262466494735547,0.20416997321888505,0,-0.1107610220793197,1,9.0
SPY,2022-04-19,421.1296691894531,0.17318064688467913,0.20434677215427352,0,-0.12488759619226009,1,5.0
SPY,2022-04-20,420.8173522949219,0.16770876179384256,0.2056547789286366,0,-0.12423811634825532,1,4.0
SPY,2022-04-21,414.524658203125,0.16992700369127434,0.20736069605946436,0,-0.11094360775384549,1,3.0
SPY,2022-04-22,403.1504211425781,0.18498802421197885,0.20838353456573433,0,-0.0858603196428156,1,11.0
SPY,2022-04-25,405.48779296875,0.18551486695655586,0.20900840386316158,0,-0.0911297368018602,1,10.0
SPY,2022-04-26,393.7444763183594,0.20412426769012534,0.20906655048309358,0,-0.0640229405499938,1,11.0
SPY,2022-04-27,394.8515625,0.1963590514834034,0.20973259720355256,0,-0.06664723627846703,1,10.0
SPY,2022-04-28,404.8253479003906,0.22321307428345055,0.21056321155349778,1,-0.08964248649316109,1,7.0
SPY,2022-04-29,389.8647766113281,0.25113113977381707,0.21083664011908346,1,-0.08980594968849143,1,14.0
SPY,2022-05-02,392.2115478515625,0.2526222979598869,0.21240293875576507,1,-0.09797822718166249,1,7.0
SPY,2022-05-03,394.0094604492188,0.25030902624839185,0.2142472989736517,1,-0.10209426111359232,1,6.0
SPY,2022-05-04,406.0082092285156,0.2765601719494284,0.21479604489741355,1,-0.14545744135425553,1,3.0
SPY,2022-05-05,391.5775451660156,0.3005534163106676,0.215367691583516,1,-0.11396529696763669,1,4.0
SPY,2022-05-06,389.24017333984375,0.2987993109004492,0.21588870276257982,1,-0.10864469366477503,1,9.0
SPY,2022-05-09,376.77783203125,0.3149436276780961,0.21603503767550147,1,-0.07916213627839885,1,24.0
SPY,2022-05-10,377.6483459472656,0.3132043087820432,0.21604951634488212,1,-0.08128475162509952,1,23.0
SPY,2022-05-11,371.6490173339844,0.31563541062381223,0.2162279873370619,1,-0.06645442941256896,1,25.0
SPY,2022-05-12,371.2610473632813,0.30985228561444544,0.21651123749361703,1,-0.06547886881917231,1,24.0
SPY,2022-05-13,380.1371154785156,0.3260677308585967,0.21651123749361703,1,-0.08729960896196332,1,20.0
SPY,2022-05-16,378.5946350097656,0.32559688647758267,0.21651123749361703,1,-0.08358106042267843,1,19.0
SPY,2022-05-17,386.3824768066406,0.3295757487396995,0.21651123749361703,1,-0.10205220274795457,1,18.0
SPY,2022-05-18,370.8067321777344,0.35407730518434494,0.2166539152800418,1,-0.06433388652983663,1,20.0
SPY,2022-05-19,368.5357971191406,0.352569299570069,0.2166539152800418,1,-0.05856826756737088,1,19.0
SPY,2022-05-20,368.6966247558594,0.34339261767507073,0.21758509630917156,1,-0.0589789256273936,1,18.0
SPY,2022-05-23,375.5949096679688,0.351334973585926,0.2187538674005094,1,-0.07626199127133448,1,14.0
SPY,2022-05-24,372.7278137207031,0.33860513236315776,0.21983509627758965,1,-0.06915641609377132,1,14.0
SPY,2022-05-25,376.0208129882813,0.34056856422532733,0.22154639189625422,1,-0.07730827134793405,1,12.0
SPY,2022-05-26,383.5342102050781,0.33551844519992,0.22292430053970608,1,-0.09538371098683607,1,11.0
SPY,2022-05-27,392.9496154785156,0.3216547117440741,0.22343461154191857,1,-0.11705908269483489,1,9.0
SPY,2022-05-31,390.7448120117188,0.32161444310093856,0.22407820593888125,1,-0.11207703012341697,1,8.0
SPY,2022-06-01,387.5842895507813,0.32227821379039934,0.22502940109084404,1,-0.10483653930494274,1,8.0
SPY,2022-06-02,394.9652404785156,0.3103587184103212,0.22550010499625575,1,-0.12156499259284781,1,6.0
SPY,2022-06-03,388.4832153320313,0.28817724278114093,0.22644585815573448,1,-0.10690789137755163,1,5.0
SPY,2022-06-06,389.66607666015625,0.28763562334585097,0.22726413502107815,1,-0.10961894112249615,1,4.0
SPY,2022-06-07,393.4037780761719,0.26203584981591094,0.22790891450870335,1,-0.1180783884639387,1,3.0
SPY,2022-06-08,389.1266784667969,0.26611855074893087,0.22886887171573472,1,-0.10838471596874355,1,2.0
SPY,2022-06-09,379.87213134765625,0.27455276916095633,0.2292089910650431,1,-0.08666294441119404,1,2.0
SPY,2022-06-10,368.85748291015625,0.2951906821547091,0.22938705257633735,1,-0.05938930340252713,1,4.0
SPY,2022-06-13,354.85260009765625,0.31063205043006753,0.22997533977049264,1,-0.02226644570215719,0,
SPY,2022-06-14,353.7833557128906,0.3106263852169152,0.2309743334784085,1,-0.0193114279042641,0,
SPY,2022-06-15,358.8270263671875,0.30506416505337286,0.23170708303722745,1,-0.03309598093016153,0,
SPY,2022-06-16,346.9512939453125,0.29382018529862197,0.23203058740604776,1,0.002155705477222991,0,
SPY,2022-06-17,347.69921875,0.2942402851614632,0.23254417763249,1,0.023314885238903127,0,
SPY,2022-06-21,356.4520568847656,0.3102624863347786,0.2334198045147473,1,-0.0018130650096431777,0,
SPY,2022-06-22,355.8057861328125,0.3009362590843434,0.2339512968171145,1,0.007639219819395082,0,
SPY,2022-06-23,359.2935791015625,0.3034717589019547,0.2344282674074481,1,-0.0021422992233636196,0,
SPY,2022-06-24,370.7169494628906,0.32376176735501455,0.2351037831073538,1,-0.03289055095663351,0,
SPY,2022-06-27,369.3008728027344,0.3146583997102361,0.2360727450874106,1,-0.02918218951082019,0,
SPY,2022-06-28,361.7550354003906,0.3054057229919257,0.23700197980115806,1,-0.008931930002634703,0,
SPY,2022-06-29,361.46044921875,0.30557175717363905,0.23803028308544943,1,-0.00812422072457264,0,
SPY,2022-06-30,358.5238647460937,0.305578397999463,0.24141250404009532,1,0.0017492175337141536,0,
SPY,2022-07-01,362.3157653808594,0.298693309812164,0.24459183382576397,1,-0.00873482389310365,0,
SPY,2022-07-05,363.0000305175781,0.2958332251460899,0.2455560692456404,1,-0.010603386273900672,0,
SPY,2022-07-06,364.22601318359375,0.2959311445179974,0.24678714184509257,1,-0.013933689586507092,0,
SPY,2022-07-07,369.6810607910156,0.29959185223332346,0.24901938887355285,1,-0.028484174417595765,0,
SPY,2022-07-08,369.37701416015625,0.29823722243732614,0.25094655250423525,1,-0.02768448710010929,0,
SPY,2022-07-11,365.1573791503906,0.2894409624693153,0.2516204890987836,1,-0.016448738316073852,0,
SPY,2022-07-12,361.9260864257813,0.272281356446978,0.25283103599488066,1,-0.007667547472535841,0,
SPY,2022-07-13,360.0254211425781,0.23394966282938873,0.2544373710099347,0,-0.0024287733995020933,0,
SPY,2022-07-14,359.1510009765625,0.23383458214046396,0.2551147037073245,0,0.010690681861826201,0,
SPY,2022-07-15,366.0126647949219,0.2380353585311331,0.25562072397706226,0,-0.008256803704472349,0,
SPY,2022-07-18,362.9905700683594,0.20360574873009207,0.25648519116026974,0,0.023406161263948233,0,
SPY,2022-07-19,372.7982177734375,0.2212549388002262,0.25721043474940486,0,-0.003517806207868235,0,
SPY,2022-07-20,375.1741638183594,0.2068205240873478,0.258562001790838,0,-0.009828443121346564,0,
SPY,2022-07-21,378.9945983886719,0.20781426601381542,0.26009891699584564,0,-0.019809813997138992,0,
SPY,2022-07-22,375.4782409667969,0.2107919197955049,0.2613876153825508,0,-0.010630323258806307,0,
SPY,2022-07-25,375.9344482421875,0.18060375052661348,0.26286859893963466,0,-0.01215964125851754,0,
SPY,2022-07-26,371.4867858886719,0.1854954228054817,0.26410920724232434,0,-0.000332624681474325,0,
SPY,2022-07-27,381.1329345703125,0.1889158718407296,0.26689063655390455,0,-0.02563335117308374,0,
SPY,2022-07-28,385.9132385253906,0.19158552633955817,0.26992865759596046,0,-0.03770282244305434,0,
SPY,2022-07-29,391.539306640625,0.190515941053632,0.27112378682236,0,-0.051530168449473,1,26.0
SPY,2022-08-01,390.3799133300781,0.19078772844608843,0.2743656106266582,0,-0.04871329816387138,0,
SPY,2022-08-02,387.8044128417969,0.19423580794583517,0.27743565485824245,0,-0.04239557901487889,0,
SPY,2022-08-03,393.8772583007813,0.19903317922603542,0.27786258526309543,0,-0.05870436529612455,1,22.0
SPY,2022-08-04,393.6111755371094,0.19530035714930505,0.27825771732152815,0,-0.06525404891093856,1,21.0
SPY,2022-08-05,392.9459228515625,0.19555810711364702,0.27916357539634024,0,-0.06367153534328673,1,20.0
SPY,2022-08-08,392.48974609375,0.18865852044936526,0.28051174132883006,0,-0.06615715105017406,1,19.0
SPY,2022-08-09,390.93115234375,0.18511665937237032,0.28051174132883006,0,-0.07878871809219523,1,19.0
SPY,2022-08-10,399.1422424316406,0.19109506032669576,0.28110953982203113,0,-0.10531861804178622,1,14.0
SPY,2022-08-11,399.1422424316406,0.19000607920227905,0.28211911400914835,0,-0.12030880122956533,1,13.0
SPY,2022-08-12,405.89935302734375,0.18811191114300335,0.2825778236942765,0,-0.1435108127432707,1,10.0
SPY,2022-08-15,407.5718994140625,0.18136980809755998,0.2825778236942765,0,-0.14920320866986603,1,9.0
SPY,2022-08-16,408.3703002929688,0.16404081537822834,0.2825778236942765,0,-0.1508665933613612,1,8.0
SPY,2022-08-17,405.4716796875,0.16898404803867512,0.2825778236942765,0,-0.14618474276438276,1,7.0
SPY,2022-08-18,406.6500854492188,0.1673793810978094,0.2825778236942765,0,-0.1618237297853452,1,6.0
SPY,2022-08-19,401.1855163574219,0.17225678380142895,0.2825778236942765,0,-0.15040688657206236,1,7.0
SPY,2022-08-22,392.8318481445313,0.1927481547166976,0.2830519455228248,0,-0.13234007498574085,1,9.0
SPY,2022-08-23,391.8815002441406,0.1863830157472932,0.2830519455228248,0,-0.13023592159376718,1,9.0
SPY,2022-08-24,393.1360473632813,0.1655746029685551,0.2830519455228248,0,-0.13301144936898612,1,7.0
SPY,2022-08-25,398.6861267089844,0.16701915004800647,0.2830519455228248,0,-0.1450807312563155,1,3.0
SPY,2022-08-26,385.1909484863281,0.2033968648784631,0.28324495906634806,0,-0.11512860506275702,1,17.0
SPY,2022-08-29,382.6439514160156,0.20432555745452796,0.2841914632822565,0,-0.10923862603089673,1,16.0
SPY,2022-08-30,378.443359375,0.20652757821497064,0.2852311219251602,0,-0.10091484184286992,1,16.0
SPY,2022-08-31,375.5637817382813,0.19778247220102432,0.2856135183136749,0,-0.09402124442793292,1,16.0
SPY,2022-09-01,376.74224853515625,0.1986779365291242,0.2858268127001362,0,-0.09685518696096995,1,14.0
SPY,2022-09-02,372.7697143554688,0.20088588484600559,0.2860306532444785,0,-0.08723054874375757,1,14.0
SPY,2022-09-06,371.36322021484375,0.2008460959161487,0.28641209157958814,0,-0.083773542731717,1,13.0
SPY,2022-09-07,378.0347900390625,0.2135838580546393,0.28701043999969045,0,-0.09994313596896987,1,11.0
SPY,2022-09-08,380.5056457519531,0.19919910623777698,0.28748547716758743,0,-0.10578775527815942,1,9.0
SPY,2022-09-09,386.4169006347656,0.20893137534894912,0.28799092148744765,0,-0.11946706508370764,1,7.0
SPY,2022-09-12,390.5700378417969,0.20283905688678897,0.2885443043565652,0,-0.12883023619182665,1,3.0
SPY,2022-09-13,373.5870666503906,0.2511730302537382,0.2889108313195596,0,-0.08922755097514634,1,8.0
SPY,2022-09-14,375.0125732421875,0.2518749652912796,0.289865494202481,0,-0.09268960057654319,1,7.0
SPY,2022-09-15,370.75494384765625,0.2529813235517837,0.2909812341243342,0,-0.08227034254464893,1,6.0
SPY,2022-09-16,367.9264526367188,0.2516705471782089,0.29215212382135514,0,-0.0752151546082378,1,6.0
SPY,2022-09-19,370.7797546386719,0.2534232086586253,0.29314384819721406,0,-0.08233175258242764,1,4.0
SPY,2022-09-20,366.5237426757813,0.2470859249379361,0.29360609965453954,0,-0.0716759434649572,1,4.0
SPY,2022-09-21,360.13018798828125,0.25205759520722926,0.2942068079318568,0,-0.05519498513060106,1,7.0
SPY,2022-09-22,357.1051330566406,0.2508945180729906,0.29548057842664177,0,-0.047191495947441764,0,
SPY,2022-09-23,351.1219177246094,0.2440344682743576,0.2965481439648575,0,-0.030955373500627492,0,
SPY,2022-09-26,347.6484069824219,0.22105580732570065,0.2968606577171186,0,-0.02127321516997005,0,
SPY,2022-09-27,346.7608642578125,0.221161035332439,0.2975322559631935,0,-0.018768140558636848,0,
SPY,2022-09-28,353.5838623046875,0.23600935557615366,0.2982833368163697,0,-0.03770266719925264,0,
SPY,2022-09-29,346.1979064941406,0.2439318676439109,0.2986742140978593,0,-0.01717254427433612,0,
SPY,2022-09-30,340.8444519042969,0.24564263062431824,0.29902660552465554,0,-0.0017358190335909907,0,
SPY,2022-10-03,349.8431701660156,0.26801848543275286,0.2993106940316075,0,-0.02741331935757696,0,
SPY,2022-10-04,360.6836853027344,0.2934332049102673,0.30031799012239624,0,-0.05664486229367027,1,5.0
SPY,2022-10-05,359.84393310546875,0.2844678487939422,0.3012989855716157,0,-0.05444339527752762,1,4.0
SPY,2022-10-06,356.1318359375,0.28371066055983285,0.3025424260338899,0,-0.04458750023993707,0,
SPY,2022-10-07,346.1979064941406,0.2878378256352093,0.3039794739528483,0,-0.01717254427433612,0,
SPY,2022-10-10,343.5545654296875,0.2814514714302984,0.3042307542185542,0,-0.009610577604667991,0,
SPY,2022-10-11,341.3788452148437,0.24301574549699914,0.304676941323939,0,-0.0032984984671429185,0,
SPY,2022-10-12,340.2528076171875,0.24109131554306046,0.3052519602064164,0,0.003000877894459464,0,
SPY,2022-10-13,349.2324523925781,0.2632455277348867,0.30579751231516306,0,-0.02278879752428631,0,
SPY,2022-10-14,341.2738647460937,0.2723791473672675,0.30633736885849,0,0.021754448905834778,0,
SPY,2022-10-17,350.04364013671875,0.28894775888388186,0.30691811188604157,0,-0.0038439508187717575,0,
SPY,2022-10-18,354.15643310546875,0.2914580260099154,0.30856962745637356,0,-0.01541223876126474,0,
SPY,2022-10-19,351.6467590332031,0.2862091859655282,0.31001107672673883,0,-0.008385316678875876,0,
SPY,2022-10-20,348.6980895996094,0.2862042565843868,0.31072737916607573,0,0.015325211779762205,0,
SPY,2022-10-21,357.1719665527344,0.29318187199219237,0.31147268561092645,0,-0.00876329940734688,0,
SPY,2022-10-24,361.54248046875,0.29288509974522303,0.31191549751035547,0,-0.020745885211340798,0,
SPY,2022-10-25,367.31585693359375,0.29638339813291936,0.31275332951170576,0,-0.03613755032108956,0,
SPY,2022-10-26,364.5484313964844,0.2917990735802255,0.31346589740857733,0,-0.028820504552207526,0,
SPY,2022-10-27,362.6017150878906,0.2807376195563028,0.3148613057434942,0,-0.023606489053406565,0,
SPY,2022-10-28,371.2282104492188,0.2819755020854856,0.3182818333876082,0,-0.046295643206910486,0,
SPY,2022-10-31,368.5467834472656,0.27246527810523447,0.32156196036084955,0,-0.039356799268929765,0,
SPY,2022-11-01,366.93408203125,0.25247618869193256,0.3243526629944608,0,-0.03513470400449248,0,
SPY,2022-11-02,357.7254638671875,0.26909607805109265,0.32761825699885716,0,-0.010297008654192918,0,
SPY,2022-11-03,354.0419616699219,0.2690866319775363,0.329406633923549,0,0.008409527010329043,0,
SPY,2022-11-04,359.1376647949219,0.25225190099889777,0.3298907141571145,0,-0.00589851161046151,0,
SPY,2022-11-07,362.5730590820313,0.2510412968203823,0.33046694111670843,0,-0.015317663112415003,0,
SPY,2022-11-08,364.52935791015625,0.24887867689886436,0.331135055553152,0,-0.020602101416018814,0,
SPY,2022-11-09,357.019287109375,0.2624199452940933,0.33166263199360474,0,0.02040737825597283,0,
SPY,2022-11-10,376.6389465332031,0.3091478270475911,0.3318119805994989,0,-0.03274709612650761,0,
SPY,2022-11-11,380.28424072265625,0.29286705897807624,0.3322545012536511,0,-0.042018901299189504,0,
SPY,2022-11-14,377.04931640625,0.28689118997913826,0.3330553096684466,0,-0.04234265996889397,0,
SPY,2022-11-15,380.26513671875,0.2859388563906775,0.334151818227553,0,-0.050441361714367194,1,29.0
SPY,2022-11-16,377.3642272949219,0.28621563921126675,0.3356168759933237,0,-0.043141826138284545,0,
SPY,2022-11-17,376.20947265625,0.28387159639146514,0.3379522730529614,0,-0.04020480170076457,0,
SPY,2022-11-18,377.9176635742188,0.27371371035967484,0.3398467182024497,0,-0.044543083815812734,0,
SPY,2022-11-21,376.5435791015625,0.27230709391648605,0.3420668470429602,0,-0.04105642626623163,0,
SPY,2022-11-22,381.61077880859375,0.27077966605498105,0.3440835134220884,0,-0.053789710716565464,1,24.0
SPY,2022-11-23,384.0154113769531,0.2688089210310787,0.34478072866640364,0,-0.05971470229429732,1,17.0
SPY,2022-11-25,383.9295043945313,0.26740827309155124,0.3458746159302852,0,-0.05950430670964724,1,16.0
SPY,2022-11-28,377.80322265625,0.26375884882012307,0.3466752448828238,0,-0.04425366498608707,0,
SPY,2022-11-29,377.1543273925781,0.2622248053041113,0.34867143614310914,0,-0.042609300265815,0,
SPY,2022-11-30,389.0347900390625,0.2816903488603924,0.35058419693886717,0,-0.0718463884068048,1,12.0
SPY,2022-12-01,388.7485961914063,0.26166826580624736,0.35080026219250754,0,-0.07116308856747355,1,11.0
SPY,2022-12-02,388.300048828125,0.2568980914141249,0.35088657270920115,0,-0.07009013648106821,1,10.0
SPY,2022-12-05,381.3148498535156,0.26633639532666276,0.3512207552649409,0,-0.053055380484476666,1,16.0
SPY,2022-12-06,375.81829833984375,0.2721329947490524,0.35276552482501466,0,-0.03920578906023264,0,
SPY,2022-12-07,375.1789245605469,0.27205623915153854,0.35528375439831306,0,-0.03756841929993848,0,
SPY,2022-12-08,378.1180725097656,0.2596886754230209,0.3567279594341548,0,-0.045049492045026285,0,
SPY,2022-12-09,375.29345703125,0.18000862216797858,0.3567279594341548,0,-0.03786213523011295,0,
SPY,2022-12-12,380.70416259765625,0.18411389898051508,0.3567279594341548,0,-0.05153638734503496,1,11.0
SPY,2022-12-13,383.5859680175781,0.18300030409098428,0.3567279594341548,0,-0.05866200665189791,1,4.0
SPY,2022-12-14,381.133544921875,0.18240221975584991,0.3567279594341548,0,-0.052604919663601146,1,9.0
SPY,2022-12-15,371.8103637695313,0.20120978354510952,0.3567279594341548,0,-0.02884889557845627,0,
SPY,2022-12-16,367.4206848144531,0.20495561159841424,0.3567279594341548,0,-0.017246278356638722,0,
SPY,2022-12-19,364.30511474609375,0.20536436808825337,0.3567279594341548,0,-0.008841680244271233,0,
SPY,2022-12-20,364.8036804199219,0.2055492065045621,0.3567279594341548,0,-0.010196265030780416,0,
SPY,2022-12-21,370.2583618164063,0.2070327624862269,0.3567279594341548,0,-0.024778147781032933,0,
SPY,2022-12-22,364.9762268066406,0.20968463506498325,0.3567279594341548,0,-0.010664205256706749,0,
SPY,2022-12-23,367.07568359375,0.2116169160213164,0.3567279594341548,0,-0.016322623511681122,0,
SPY,2022-12-27,365.6280212402344,0.20538230403023966,0.3567279594341548,0,-0.01242786538806484,0,
SPY,2022-12-28,361.08404541015625,0.20897647547807716,0.3567279594341548,0,0.007221601213387219,0,
SPY,2022-12-29,367.583740234375,0.18509181766520552,0.3567279594341548,0,-0.010588307962883126,0,
SPY,2022-12-30,366.615478515625,0.1849286779441354,0.3567279594341548,0,-0.007975190073365668,0,
SPY,2023-01-03,365.0720520019531,0.18485813468331452,0.3567279594341548,0,-0.003781175808332593,0,
SPY,2023-01-04,367.8904724121094,0.17960444830303637,0.3567279594341548,0,-0.011413239364298833,0,
SPY,2023-01-05,363.691650390625,0.17705266694883592,0.3567279594341548,0,0.02235210088602857,0,
SPY,2023-01-06,372.0318908691406,0.19696141493617922,0.3567279594341548,0,-0.0005670697129895874,0,
SPY,2023-01-09,371.8209228515625,0.19455187923325762,0.3567279594341548,0,0.002011108495622249,0,
SPY,2023-01-10,374.4284362792969,0.19477159114642473,0.3567279594341548,0,-0.004966880265339313,0,
SPY,2023-01-11,379.1640930175781,0.19314784991244408,0.3567279594341548,0,-0.01739457419801871,0,
SPY,2023-01-12,380.5445861816406,0.19156168573569152,0.3567279594341548,0,-0.02095915013089744,0,
SPY,2023-01-13,382.0209045410156,0.1907551654975965,0.3567279594341548,0,-0.024742649840098996,0,
SPY,2023-01-17,381.3211669921875,0.1669661237674121,0.3567279594341548,0,-0.02295301882365064,0,
SPY,2023-01-18,375.30078125,0.17172771291496092,0.3567279594341548,0,-0.007279724205585092,0,
SPY,2023-01-19,372.5686950683594,0.17088478880542668,0.3567279594341548,0,0.015695593443526334,0,
SPY,2023-01-20,379.5093078613281,0.181640522510057,0.3567279594341548,0,-0.002879839842531595,0,
SPY,2023-01-23,384.0628356933594,0.17918038624142957,0.3567279594341548,0,-0.01470190118038417,0,
SPY,2023-01-24,383.6506958007813,0.1691740271103622,0.3567279594341548,0,-0.013643436652495566,0,
SPY,2023-01-25,383.7944641113281,0.16888196726176696,0.3567279594341548,0,-0.02195587737036464,0,
SPY,2023-01-26,388.0124816894531,0.1699194226563841,0.3567279594341548,0,-0.04654709037230487,0,
SPY,2023-01-27,388.9039611816406,0.15986389618862423,0.3567279594341548,0,-0.050088416896160726,1,30.0
SPY,2023-01-30,384.0245056152344,0.16072664830695182,0.3567279594341548,0,-0.038018740888521196,0,
SPY,2023-01-31,389.6709289550781,0.16543702008567465,0.3567279594341548,0,-0.051958075414976324,1,27.0
SPY,2023-02-01,393.8122863769531,0.16514892470923329,0.3567279594341548,0,-0.06192775029929609,1,26.0
SPY,2023-02-02,399.5450744628906,0.16896756444826422,0.3567279594341548,0,-0.0753874817803114,1,18.0
SPY,2023-02-03,395.2981872558594,0.16801730631826664,0.3567279594341548,0,-0.06545390454246147,1,23.0
SPY,2023-02-06,392.8823547363281,0.15666324310982555,0.3567279594341548,0,-0.05970738316986768,1,23.0
SPY,2023-02-07,398.020751953125,0.1602364446149989,0.3567279594341548,0,-0.07184644109985128,1,21.0
SPY,2023-02-08,393.6684265136719,0.16745463250815323,0.3567279594341548,0,-0.061584946720190104,1,21.0
SPY,2023-02-09,390.2557067871094,0.16752665860732147,0.3567279594341548,0,-0.05337866681618286,1,20.0
SPY,2023-02-10,391.16644287109375,0.167364216271425,0.3567279594341548,0,-0.05558264474351238,1,19.0
SPY,2023-02-13,395.7583618164063,0.17115300554211985,0.3567279594341548,0,-0.0665405634239421,1,17.0
SPY,2023-02-14,395.5762939453125,0.17083906352736972,0.3567279594341548,0,-0.06611092955818443,1,16.0
SPY,2023-02-15,396.8608093261719,0.1574500036103502,0.3567279594341548,0,-0.06913363889810575,1,15.0
SPY,2023-02-16,391.396484375,0.16458839084857796,0.3567279594341548,0,-0.056137721749544456,1,15.0
SPY,2023-02-17,390.418701171875,0.1540547889389356,0.3567279594341548,0,-0.05377386807407647,1,14.0
SPY,2023-02-21,382.5864868164063,0.1667804952661979,0.3567279594341548,0,-0.03440296463297765,0,
SPY,2023-02-22,382.0592956542969,0.1668054005337984,0.3567279594341548,0,-0.03307056877454739,0,
SPY,2023-02-23,384.0916137695313,0.16794804404479807,0.3567279594341548,0,-0.03818681742144436,0,
SPY,2023-02-24,379.9886474609375,0.16692090319671923,0.3567279594341548,0,-0.027801541151613485,0,
SPY,2023-02-27,381.2828063964844,0.167259901249504,0.3567279594341548,0,-0.03110139968584591,0,
SPY,2023-02-28,379.8735961914063,0.16194063856028212,0.35528375439831306,0,-0.027507094082777406,0,
SPY,2023-03-01,378.4163818359375,0.15199898877495444,0.35528375439831306,0,-0.023762196422113857,0,
SPY,2023-03-02,381.35943603515625,0.14933966499456403,0.35528375439831306,0,-0.03129608832505637,0,
SPY,2023-03-03,387.4755859375,0.15149368039001207,0.35528375439831306,0,-0.04658669901077417,0,
SPY,2023-03-06,387.7440490722656,0.14771314690463375,0.35528375439831306,0,-0.04724681571436573,0,
SPY,2023-03-07,381.8004455566406,0.15553014002505278,0.35528375439831306,0,-0.03241501747644848,0,
SPY,2023-03-08,382.423583984375,0.14652191314962904,0.35276552482501466,0,-0.03399164457257897,0,
SPY,2023-03-09,375.367919921875,0.15498954499167894,0.3512207552649409,0,-0.015833911650483423,0,
SPY,2023-03-10,369.9516296386719,0.15946056735747272,0.3508381837273895,0,-0.0014251922549456397,0,
SPY,2023-03-13,369.4243774414063,0.15845179875972387,0.3488391124149379,0,0.010172240286856038,0,
SPY,2023-03-14,375.5308837890625,0.16495123765152944,0.3466752448828238,0,-0.006254166871183964,0,
SPY,2023-03-15,373.1822509765625,0.16523076509791987,0.34331358450345806,0,0.005647165344775162,0,
SPY,2023-03-16,379.729736328125,0.17926251234017618,0.3375113211428121,0,-0.0116926936496905,0,
SPY,2023-03-17,375.2896728515625,0.17759626291325717,0.33335100981275756,0,0.005435986459678022,0,
SPY,2023-03-20,378.8983154296875,0.1823409762885674,0.3318119805994989,0,-0.004139825737330183,0,
SPY,2023-03-21,383.8734130859375,0.17505969606830654,0.33166263199360474,0,-0.017046428409023373,0,
SPY,2023-03-22,377.3297424316406,0.18559638605159934,0.32597974903525495,0,0.0027034194543809065,0,
SPY,2023-03-23,378.3498229980469,0.1847209730978064,0.3189005805569668,0,0.006180548481028891,0,
SPY,2023-03-24,380.8326110839844,0.18250104939507933,0.31680662686261596,0,-0.0003791131796681002,0,
SPY,2023-03-27,381.5447082519531,0.18221566399611364,0.31535741614536617,0,-0.0022447587702161265,0,
SPY,2023-03-28,380.688232421875,0.18189269074940004,0.3139958329072953,0,0.014534816606693202,0,
SPY,2023-03-29,386.2214660644531,0.1880889667767062,0.31343088812026976,0,0.00585522497561386,0,
SPY,2023-03-30,388.4828796386719,0.18730390637704653,0.3125592310220734,0,0.0016349030272022613,0,
SPY,2023-03-31,393.9584655761719,0.18538622030878937,0.3111352713750317,0,-0.012286711733642375,0,
SPY,2023-04-03,395.4596557617188,0.18568431783461906,0.310389964930181,0,-0.016036134646641553,0,
SPY,2023-04-04,393.26556396484375,0.17720403836266516,0.31001107672673883,0,-0.010546442074458207,0,
SPY,2023-04-05,392.2359313964844,0.17779772800705487,0.31001107672673883,0,-0.007949093064406942,0,
SPY,2023-04-06,393.7659912109375,0.16161945694318108,0.31001107672673883,0,-0.01180391359353894,0,
SPY,2023-04-10,394.1701354980469,0.14894594988273024,0.31001107672673883,0,-0.01281711517046813,0,
SPY,2023-04-11,394.2759704589844,0.1483726505885949,0.31001107672673883,0,-0.013082103325674499,0,
SPY,2023-04-12,392.6689453125,0.14198936069461504,0.31001107672673883,0,-0.009043072746852121,0,
SPY,2023-04-13,397.8846130371094,0.14333356879108297,0.31001107672673883,0,-0.022033024839998916,0,
SPY,2023-04-14,396.9127197265625,0.13430212191376328,0.31001107672673883,0,-0.019638343304601014,0,
SPY,2023-04-17,398.3368835449219,0.12375663617480866,0.31001107672673883,0,-0.023143405622574886,0,
SPY,2023-04-18,398.59674072265625,0.12148621901479925,0.31001107672673883,0,-0.023780247753310557,0,
SPY,2023-04-19,398.5294189453125,0.11521600150721027,0.31001107672673883,0,-0.023615339353390552,0,
SPY,2023-04-20,396.35455322265625,0.09527609561242988,0.31001107672673883,0,-0.018257748496159354,0,
SPY,2023-04-21,396.6624755859375,0.09545616329540056,0.31001107672673883,0,-0.019019858382580024,0,
SPY,2023-04-24,397.0763244628906,0.0942523889939157,0.31001107672673883,0,-0.020042275245309993,0,
SPY,2023-04-25,390.7731628417969,0.11406713731782009,0.31001107672673883,0,-0.0042355809573790815,0,
SPY,2023-04-26,389.1180114746094,0.11508235541178692,0.31001107672673883,0,0.0019043781325440712,0,
SPY,2023-04-27,396.8645629882813,0.1243542906240342,0.31001107672673883,0,-0.017652177430232174,0,
SPY,2023-04-28,400.25189208984375,0.12597355238065952,0.31001107672673883,0,-0.025965780521208015,0,
SPY,2023-05-01,399.8477478027344,0.11717215086079465,0.30905758853964954,0,-0.02498127987711385,0,
SPY,2023-05-02,395.3537292480469,0.12400760753744218,0.30819863290110133,0,-0.013898161405627829,0,
SPY,2023-05-03,392.6400451660156,0.12487952184573815,0.3080600040888698,0,-0.007082838069150887,0,
SPY,2023-05-04,389.8590393066406,0.12708670712612408,0.3077399847650007,0,0.012637906156767853,0,
SPY,2023-05-05,397.0763244628906,0.14279618054844562,0.3069608767897066,0,-0.005767866432789703,0,
SPY,2023-05-08,397.1821594238281,0.14277878993989102,0.30594847963846505,0,-0.006032794039738443,0,
SPY,2023-05-09,395.4403381347656,0.14378348807499883,0.3052519602064164,0,-0.0016546032660356147,0,
SPY,2023-05-10,397.28802490234375,0.14372103433498384,0.304676941323939,0,-0.006297656827670917,0,
SPY,2023-05-11,396.5951843261719,0.13590648054798635,0.30303663032392386,0,-0.004561686923859276,0,
SPY,2023-05-12,396.0755310058594,0.1357132045975215,0.30157175129333635,0,-0.003255666268549895,0,
SPY,2023-05-15,397.4419860839844,0.13566447881788646,0.3012989855716157,0,-0.0066825975040732954,0,
SPY,2023-05-16,394.7860412597656,0.13761411569476786,0.3000339016154443,0,0.0020473319017599856,0,
SPY,2023-05-17,399.5783386230469,0.14465409249401517,0.2986742140978593,0,-0.00997060881820977,0,
SPY,2023-05-18,403.4275207519531,0.1467780012159172,0.2982833368163697,0,-0.019416675939574968,0,
SPY,2023-05-19,402.8404846191406,0.14701353818665264,0.2973453065476114,0,-0.017987728590846852,0,
SPY,2023-05-22,403.0041198730469,0.14701539788166684,0.29605791535290266,0,-0.01838646354031015,0,
SPY,2023-05-23,398.4812622070313,0.14071134269597116,0.2943896415373697,0,-0.00724491504226632,0,
SPY,2023-05-24,395.5942993164063,0.1425984231627249,0.29314384819721406,0,0.008659911868037273,0,
SPY,2023-05-25,399.0201110839844,0.12778055530331867,0.29255396122179733,0,0.007717575349953654,0,
SPY,2023-05-26,404.1877746582031,0.13237025442532163,0.29199260278476175,0,-0.005166400202349264,0,
SPY,2023-05-30,404.3417053222656,0.1322532975336767,0.2915907653843196,0,-0.005545127883992973,0,
SPY,2023-05-31,402.0995788574219,0.12688411142029815,0.2905377433937094,0,0.00950091146788945,0,
SPY,2023-06-01,405.9198913574219,0.1269348280088928,0.2894220034718562,0,0.011213288321798132,0,
SPY,2023-06-02,411.78997802734375,0.1300917641932092,0.28825026079219185,0,-0.0032016075255006937,0,
SPY,2023-06-05,411.0008850097656,0.11708287115060753,0.2873604090564373,0,-0.0012878241733893514,0,
SPY,2023-06-06,411.8958435058594,0.11696384316732857,0.2869925595467905,0,-0.003457804669673714,0,
SPY,2023-06-07,410.4715881347656,0.11635275039991735,0.28641209157958814,0,0.006048474784973834,0,
SPY,2023-06-08,412.9543151855469,0.11688919830171532,0.2861571704577637,0,0.001794454749064256,0,
SPY,2023-06-09,413.6953430175781,0.11608405062516809,0.2859533299134214,0,0.007310137696537877,0,
SPY,2023-06-12,417.4482727050781,0.11783221158290515,0.2853915151919333,0,-0.0017457486670207079,0,
SPY,2023-06-13,420.2005310058594,0.11863969974586555,0.2841914632822565,0,-0.008284182930643924,0,
SPY,2023-06-14,420.7009582519531,0.1134612819822047,0.28318079421757114,0,-0.009463837042452239,0,
SPY,2023-06-15,425.9165954589844,0.11372989362491531,0.2825778236942765,0,-0.021593623299932974,0,
SPY,2023-06-16,424.4659118652344,0.11339457854629811,0.28215065843978215,0,-0.01824975506688198,0,
SPY,2023-06-20,422.2637023925781,0.1158978283614527,0.28154465486531455,0,-0.013129685127353352,0,
SPY,2023-06-21,420.10003662109375,0.11876853789714842,0.2802651915932548,0,-0.00804694926672822,0,
SPY,2023-06-22,421.6165161132813,0.10780172796749325,0.2790505001864342,0,-0.011614827661334926,0,
SPY,2023-06-23,418.4290771484375,0.10820111627541004,0.2784605279146638,0,-0.004085672584312028,0,
SPY,2023-06-26,416.7195129394531,0.10854925831440473,0.27831885664281075,0,0.010963331188829972,0,
SPY,2023-06-27,421.28814697265625,0.10618005283310171,0.27816123233570333,0,0.0005044633123190145,0,
SPY,2023-06-28,421.5006713867188,0.10615485314532488,0.2778771597608698,0,0.003941214043073682,0,
SPY,2023-06-29,423.1618957519531,0.1023760399659676,0.2776563577781819,0,0.0010043870084086581,0,
SPY,2023-06-30,428.1554870605469,0.10470333001548436,0.2775153717070057,0,-0.01067035956823048,0,
SPY,2023-07-03,428.6481323242188,0.0952091222195037,0.27734010947058746,0,-0.011807396043640339,0,
SPY,2023-07-05,428.0106506347656,0.0949861309631632,0.2771843308358407,0,-0.01033557591547074,0,
SPY,2023-07-06,424.6589965820313,0.10125397672821923,0.27662615405874114,0,-0.0076648413759144995,0,
SPY,2023-07-07,423.5869140625,0.10069517525511926,0.2753356523036245,0,-0.005153278478765566,0,
SPY,2023-07-10,424.6589965820313,0.09939786413111495,0.2741260151145477,0,-0.0076648413759144995,0,
SPY,2023-07-11,427.363525390625,0.10094164437807314,0.2736774518631969,0,-0.013944738617557073,0,
SPY,2023-07-12,430.8019714355469,0.10001207241359389,0.27355739703331294,0,-0.021814938937850026,0,
SPY,2023-07-13,434.2212219238281,0.10100343999701678,0.27341748021351076,0,-0.0295176019556721,0,
SPY,2023-07-14,433.9508361816406,0.10131535291458739,0.27308126605913524,0,-0.028912914554251157,0,
SPY,2023-07-17,435.4576110839844,0.0933959907305677,0.27264990994459276,0,-0.032273080070011506,0,
SPY,2023-07-18,438.6932678222656,0.09433961264745876,0.2722577479557128,0,-0.03941071440124144,0,
SPY,2023-07-19,439.6687927246094,0.09080423755780315,0.2714801689681301,0,-0.04154204322087207,0,
SPY,2023-07-20,436.7518615722656,0.09253610608897443,0.27045927952094406,0,-0.0351407977578847,0,
SPY,2023-07-21,436.7518615722656,0.09256289703018791,0.26970980285326124,0,-0.0351407977578847,0,
SPY,2023-07-24,438.702880859375,0.08606888531667652,0.26915022048240944,0,-0.039431763226886796,0,
SPY,2023-07-25,439.900634765625,0.08261520620647003,0.2688321739362043,0,-0.042047181953044466,0,
SPY,2023-07-26,439.96820068359375,0.07709705178225898,0.26773358568636335,0,-0.04219429477033798,0,
SPY,2023-07-27,437.0513000488281,0.08309794986631772,0.266545493190234,0,-0.03580185509734213,0,
SPY,2023-07-28,441.33013916015625,0.08750694685472643,0.2661002259569417,0,-0.04515006943260269,0,
SPY,2023-07-31,442.1704711914063,0.07977484481242847,0.26569252898362583,0,-0.04696473376224608,0,
SPY,2023-08-01,440.9051208496094,0.08134045063239007,0.2640842722628568,0,-0.044229624908090126,0,
SPY,2023-08-02,434.7717895507813,0.09774364018665091,0.2604873599023016,0,-0.03074655977614882,0,
SPY,2023-08-03,433.52581787109375,0.09339725247270249,0.2579883725372924,0,-0.027960884074320735,0,
SPY,2023-08-04,431.5650939941406,0.09467378672451947,0.2571605388428106,0,-0.023544631855475284,0,
SPY,2023-08-07,435.3320007324219,0.09850072420362836,0.2565283457606599,0,-0.03199385290907597,0,
SPY,2023-08-08,433.4388732910156,0.09846942167295933,0.2562928892495973,0,-0.027765900333910132,0,
SPY,2023-08-09,430.541259765625,0.09784245143213882,0.25556886463781536,0,-0.02880165092427145,0,
SPY,2023-08-10,430.6958618164063,0.09328503837188927,0.25432008732505973,0,-0.031333287323880965,0,
SPY,2023-08-11,430.4446411132813,0.09328393656977108,0.253618556361778,0,-0.030767943701474842,0,
SPY,2023-08-14,432.8207092285156,0.09467649664311013,0.2534637093652045,0,-0.04625589160968224,0,
SPY,2023-08-15,427.7788696289063,0.0982914953741896,0.2533871487825234,0,-0.03501497917810792,0,
SPY,2023-08-16,424.6397399902344,0.09966938590919355,0.2526744551850252,0,-0.027881372041370978,0,
SPY,2023-08-17,421.404052734375,0.10037861795028775,0.2526744551850252,0,-0.020417106248815986,0,
SPY,2023-08-18,421.6068420410156,0.10050676695433883,0.2519740127722986,0,-0.02088827729257592,0,
SPY,2023-08-21,424.3499450683594,0.10241165899628524,0.2519740127722986,0,-0.03701663684667045,0,
SPY,2023-08-22,423.2005615234375,0.10113137461047783,0.2516060269890896,0,-0.03440124043117987,0,
SPY,2023-08-23,427.91400146484375,0.11106711410238362,0.251235968336606,0,-0.04503723678826088,0,
SPY,2023-08-24,421.9835815429688,0.1184388130775337,0.2511141365846837,0,-0.03161650090348578,0,
SPY,2023-08-25,424.95843505859375,0.11529096811103709,0.2511141365846837,0,-0.038395514611881176,0,
SPY,2023-08-28,427.65325927734375,0.11824809922237295,0.2511141365846837,0,-0.04445499153592336,0,
SPY,2023-08-29,433.83489990234375,0.13103854065930934,0.25096808814069677,0,-0.058070391875239435,1,24.0
SPY,2023-08-30,435.621826171875,0.12232436532899965,0.25066951876268706,0,-0.06193419910362963,1,18.0
SPY,2023-08-31,434.9842834472656,0.12197339374635212,0.2504152702230985,0,-0.06055930568948886,1,17.0
SPY,2023-09-01,435.7956237792969,0.12081145455588926,0.2502947277978882,0,-0.06230830472310833,1,16.0
SPY,2023-09-05,433.9121398925781,0.1178920476183528,0.25018942184999726,0,-0.05823806322398539,1,20.0
SPY,2023-09-06,430.9952392578125,0.11931433400838277,0.24916313651390443,0,-0.05186438263319615,1,19.0
SPY,2023-09-07,429.6719970703125,0.11740130582681506,0.2480008388876959,0,-0.04894445055261942,0,
SPY,2023-09-08,430.3190612792969,0.11753123753417981,0.24778476735536487,0,-0.05127548677565186,1,17.0
SPY,2023-09-11,433.149169921875,0.11980609802068555,0.24757512177057206,0,-0.05910783241149853,1,16.0
SPY,2023-09-12,430.7730407714844,0.11984996255059935,0.24715472137508057,0,-0.05391790385241946,1,15.0
SPY,2023-09-13,431.27532958984375,0.1119467159066393,0.24489677205664506,0,-0.061560087262764074,1,14.0
SPY,2023-09-14,434.993896484375,0.11157615569905918,0.2426700716275974,0,-0.08072363454722509,1,8.0
SPY,2023-09-15,429.7530212402344,0.11726717054729119,0.2417595789375997,0,-0.0737308025544684,1,25.0
SPY,2023-09-18,430.0050354003906,0.11726182079347873,0.24072231969146302,0,-0.07427366353202769,1,24.0
SPY,2023-09-19,429.11322021484375,0.11586644812857434,0.24007525560271736,0,-0.07234974982899733,1,24.0
SPY,2023-09-20,425.1683654785156,0.12052846222526159,0.2394933476595727,0,-0.06374269958685508,1,26.0
SPY,2023-09-21,418.1409606933594,0.12745390051823846,0.23843427458789745,0,-0.04800767324035515,0,
SPY,2023-09-22,417.2007446289063,0.11830602088516728,0.23692635177755553,0,-0.045862234886328235,0,
SPY,2023-09-25,418.9552307128906,0.1163068777292749,0.23558493504013178,0,-0.04985793969766883,0,
SPY,2023-09-26,412.8002014160156,0.12332147771249614,0.23414503735115874,0,-0.035690911199879216,0,
SPY,2023-09-27,412.9649353027344,0.10814516287627975,0.23288976376254877,0,-0.03607557917194271,0,
SPY,2023-09-28,415.3590698242188,0.10964422713874625,0.2317832504479609,0,-0.04163165077279396,0,
SPY,2023-09-29,414.3510437011719,0.10959068261512207,0.2295403332854175,0,-0.03930014866556364,0,
SPY,2023-10-02,414.186279296875,0.10870613601633962,0.2276195018737249,0,-0.03891797970771704,0,
SPY,2023-10-03,408.6419372558594,0.1153458874629169,0.22562500903843205,0,-0.0258782817125639,0,
SPY,2023-10-04,411.6176452636719,0.11993201765116816,0.2237142111579707,0,-0.03292050118747292,0,
SPY,2023-10-05,411.4625549316406,0.12008313027783658,0.22298895035349386,0,-0.03255598519744218,0,
SPY,2023-10-06,416.3477478027344,0.12945542928486012,0.22206434811992146,0,-0.04390743510737427,0,
SPY,2023-10-09,419.0133361816406,0.12931109418796832,0.22104640858972546,0,-0.04998969791399688,0,
SPY,2023-10-10,421.1942443847656,0.1306605786208156,0.2205217020512396,0,-0.05490877097469127,1,12.0
SPY,2023-10-11,422.9195861816406,0.13174719074489674,0.2203436545519274,0,-0.05876436303657562,1,11.0
SPY,2023-10-12,420.3412170410156,0.12787082540470654,0.2199749357741597,0,-0.0529908323381425,1,11.0
SPY,2023-10-13,418.24755859375,0.12256907660679728,0.21838200423273316,0,-0.048250305578872,0,
SPY,2023-10-16,422.648193359375,0.1294700202529191,0.21632818542676052,0,-0.05815997243477955,1,8.0
SPY,2023-10-17,422.6287536621094,0.129418231460536,0.21562839180748702,0,-0.058116650524356106,1,7.0
SPY,2023-10-18,416.9971618652344,0.13382293920350763,0.2152909523445501,0,-0.04539641396256766,0,
SPY,2023-10-19,413.3333435058594,0.1241707641735215,0.21459731200464646,0,-0.03693473478908571,0,
SPY,2023-10-20,408.2542419433594,0.1309802950510058,0.2141812278662525,0,-0.024953214964483772,0,
SPY,2023-10-23,407.5466613769531,0.12949251067269796,0.2140329098269619,0,-0.023260343394644334,0,
SPY,2023-10-24,410.6192932128906,0.12287446584842664,0.21344083789300497,0,-0.030569209329378344,0,
SPY,2023-10-25,404.7259826660156,0.13272935614395723,0.21202552754293963,0,-0.016453098805683353,0,
SPY,2023-10-26,399.8796081542969,0.13568865646951364,0.20874409379305425,0,-0.004532919492141407,0,
SPY,2023-10-27,398.0669860839844,0.13600532211510033,0.20521457835740115,0,0.011955894340777595,0,
SPY,2023-10-30,402.82623291015625,0.14464408505312543,0.20521457835740115,0,0.006280166153906697,0,
SPY,2023-10-31,405.3560485839844,0.13965179103997,0.20521457835740115,0,0.010664768860745077,0,
SPY,2023-11-01,409.6790771484375,0.1425673126955806,0.20521457835740115,0,0.019164334340159517,0,
SPY,2023-11-02,417.5303039550781,0.15803688954621656,0.20521457835740115,0,0.007150023685038143,0,
SPY,2023-11-03,421.3396301269531,0.1557881118876053,0.20521457835740115,0,-0.001955606713583413,0,
SPY,2023-11-06,422.3089294433594,0.15444505349569024,0.20521457835740115,0,-0.0042463556907142985,0,
SPY,2023-11-07,423.5108337402344,0.1537000500254927,0.20521457835740115,0,-0.007072258804348253,0,
SPY,2023-11-08,423.8209838867188,0.15305591813003316,0.20521457835740115,0,-0.007798878523731068,0,
SPY,2023-11-09,420.5156555175781,0.15409752653291298,0.20521457835740115,0,0.014636788663007438,0,
SPY,2023-11-10,427.0777587890625,0.1621914350989624,0.20521457835740115,0,-0.0009532327165474586,0,
SPY,2023-11-13,426.670654296875,0.1584143529021657,0.20521457835740115,0,0.019400772926736254,0,
SPY,2023-11-14,434.9483947753906,0.17176739762769688,0.20521457835740115,0,0.0021171187511090928,0,
SPY,2023-11-15,435.8692321777344,0.16255717341176373,0.20521457835740115,0,0.001223029788141039,0,
SPY,2023-11-16,436.4023132324219,0.15733694579560964,0.20521457835740115,0,0.0012439833172390724,0,
SPY,2023-11-17,436.9451904296875,0.14712182973962393,0.20521457835740115,0,0.00550132631923006,0,
SPY,2023-11-20,440.30853271484375,0.14655762690243648,0.20521457835740115,0,-0.0021792995994601716,0,
SPY,2023-11-21,439.3489685058594,0.14739643826779075,0.20521457835740115,0,0.0026695216025853785,0,
SPY,2023-11-22,441.0451965332031,0.13147725407100844,0.203933851997315,0,-0.0011866730869255493,0,
SPY,2023-11-24,441.3165588378906,0.11754564696596399,0.20371476385913087,0,-0.001800836052071153,0,
SPY,2023-11-27,440.5218200683594,0.11499089337175185,0.20355139580027634,0,0.00028590194443123274,0,
SPY,2023-11-28,440.9579772949219,0.11290767424596788,0.2035148514655501,0,-0.0007034937513628048,0,
SPY,2023-11-29,440.6477661132813,0.11418461524942923,0.20247495054873732,0,0.0003299364103666047,0,
SPY,2023-11-30,442.3828430175781,0.11162545111857737,0.20109379583795317,0,-0.0035934738139158373,0,
SPY,2023-12-01,444.99993896484375,0.09675508971567962,0.19991422151059862,0,-0.00945345547498444,0,
SPY,2023-12-04,442.6639099121094,0.09854344224343456,0.19882470792695917,0,-0.004226136386433654,0,
SPY,2023-12-05,442.5766906738281,0.09899766738450827,0.19846766396924875,0,-0.00402989776900331,0,
SPY,2023-12-06,440.7931518554688,0.1015186788266318,0.1980003662089301,0,0.007630620794507825,0,
SPY,2023-12-07,444.15667724609375,0.10329391752890817,0.1974183336119289,0,0.00429912452317649,0,
SPY,2023-12-08,446.066162109375,0.0961766524064516,0.19688684604773832,0,0.003889593106403799,0,
SPY,2023-12-11,447.8011779785156,0.08419138919526213,0.19651412678273636,0,0.004567061451868248,0,
SPY,2023-12-12,449.8463134765625,0.08357677600153905,0.19623065525386607,0,0.010934249191550505,0,
SPY,2023-12-13,456.0498352050781,0.07030668104332806,0.1955642571105186,0,-0.0028172141285496277,0,
SPY,2023-12-14,457.513427734375,0.07036081518675233,0.1946882061494304,0,-0.0060072172787790645,0,
SPY,2023-12-15,456.7601318359375,0.07173472054067956,0.1942218981942128,0,-0.004367908954537425,0,
SPY,2023-12-18,459.3294372558594,0.07256734508318638,0.1941940871533344,0,-0.00993707722525361,0,
SPY,2023-12-19,462.12255859375,0.07126235494839973,0.19415524555904706,0,-0.015921130208669032,0,
SPY,2023-12-20,455.7187805175781,0.09088951706154391,0.19404699423637822,0,-0.002092815552783067,0,
SPY,2023-12-21,460.0399169921875,0.09462359633894615,0.19288643969450617,0,-0.011466117680960841,0,
SPY,2023-12-22,460.9644775390625,0.09446110465256864,0.19173853553101888,0,-0.013448828868861229,0,
SPY,2023-12-26,462.9108276367188,0.09350785733335992,0.19142584186616785,0,-0.01759687176100322,0,
SPY,2023-12-27,463.7478637695313,0.09338018075502667,0.1909054557332719,0,-0.01937004847957613,0,
SPY,2023-12-28,463.9230041503906,0.09296308035525767,0.19051615135126268,0,-0.019740256254691446,0,
SPY,2023-12-29,462.5799865722656,0.09478427584637858,0.19036420457189324,0,-0.016894248850148008,0,
SPY,2024-01-02,459.99114990234375,0.09764252611796709,0.18964324785071823,0,-0.01136131583713651,0,
SPY,2024-01-03,456.234619140625,0.10090490746707892,0.18813980566979827,0,-0.0032210926417146624,0,
SPY,2024-01-04,454.7650451660156,0.10214977484768714,0.18692535935232926,0,0.001369571515167367,0,
SPY,2024-01-05,455.3878784179688,0.100144668751942,0.18639379109816678,0,0.00933927081553243,0,
SPY,2024-01-08,461.8890075683594,0.1077724404875757,0.18613377878322276,0,-0.004867269822180442,0,
SPY,2024-01-09,461.1882934570313,0.1080767313244075,0.18582318278418813,0,-0.003355298342043622,0,
SPY,2024-01-10,463.7965087890625,0.1087325187493768,0.1853085854154786,0,-0.008960049439111883,0,
SPY,2024-01-11,463.5921325683594,0.10847126572123349,0.18464695767069209,0,-0.008523145994397852,0,
SPY,2024-01-12,463.9132385253906,0.09844498163738616,0.18408265684141795,0,-0.009209414670609317,0,
SPY,2024-01-16,462.2101440429688,0.0992939710387569,0.1836700814518477,0,-0.005558672684831789,0,
SPY,2024-01-17,459.640869140625,0.10138218247095211,0.18322331930651384,0,0.008892799076214875,0,
SPY,2024-01-18,463.7283630371094,0.10424309461280694,0.18259470957086352,0,0.012466165038470978,0,
SPY,2024-01-19,469.50927734375,0.11094320832572889,0.18172325517801638,0,0.0009327989558578498,0,
SPY,2024-01-22,470.5019836425781,0.0963112633984069,0.18100493758586314,0,-0.0011790567403381358,0,
SPY,2024-01-23,471.8742065429688,0.09195178729104694,0.18045869437732362,0,-0.004083654941990256,0,
SPY,2024-01-24,472.3900146484375,0.09191177438046567,0.18001136094675357,0,-0.005171107485905657,0,
SPY,2024-01-25,474.9592590332031,0.09253235493298914,0.1798364851513256,0,-0.010552534413127201,0,
SPY,2024-01-26,474.35589599609375,0.09294614250292596,0.17974204542846367,0,-0.009293994078884982,0,
SPY,2024-01-29,478.1125183105469,0.09591494324290374,0.17934032402180125,0,-0.017078162337137215,0,
SPY,2024-01-30,477.7427673339844,0.09491161035024091,0.17856215392914837,0,-0.016317425944645914,0,
SPY,2024-01-31,469.9472351074219,0.11209891032513938,0.17805617823226047,0,0.01308812108864399,0,
SPY,2024-02-01,476.0979614257813,0.11409028054043677,0.17780888461754946,0,0.00684786361295564,0,
SPY,2024-02-02,481.110107421875,0.11590691897089947,0.17755862547202575,0,-0.003641353741727804,0,
SPY,2024-02-05,479.3582153320313,0.1180850824410009,0.17741559008065516,0,0.0029033061044931863,0,
SPY,2024-02-06,480.74993896484375,0.10987917460613504,0.1772498862475304,0,0.00020237140179779622,0,
SPY,2024-02-07,484.7595825195313,0.11123107435678535,0.17698284754451526,0,-0.008070708979677321,0,
SPY,2024-02-08,484.9737548828125,0.11080993226239996,0.17679319440094346,0,-0.008508761221322825,0,
SPY,2024-02-09,487.7765808105469,0.11101277909122509,0.17653339391165185,0,-0.014205995284000572,0,
SPY,2024-02-12,487.5624694824219,0.11133507388251968,0.17630766337510784,0,-0.013773087345390289,0,
SPY,2024-02-13,480.8472290039063,0.12397722193493843,0.17630766337510784,0,0.005424398285852172,0,
SPY,2024-02-14,485.217041015625,0.12302606651504157,0.17630766337510784,0,-0.0036303447283426715,0,
SPY,2024-02-15,488.56488037109375,0.12191100671302665,0.17630766337510784,0,-0.010457862788952443,0,
SPY,2024-02-16,486.1318359375,0.11899381805603794,0.17630766337510784,0,-0.0055052968165866245,0,
SPY,2024-02-20,483.4555358886719,0.12172979258438443,0.17630766337510784,0,0.0009057642244403308,0,
SPY,2024-02-21,483.8934326171875,0.12159829933127837,0.17630766337510784,0,0.017658622294594695,0,
SPY,2024-02-22,493.9078369140625,0.13942492287429892,0.17630766337510784,0,-0.0029752776320267627,0,
SPY,2024-02-23,494.24847412109375,0.13899732478442367,0.17630766337510784,0,-0.0036624294080084274,0,
SPY,2024-02-26,492.4383239746094,0.14000065428095207,0.17630766337510784,0,0.0005335202751028945,0,
SPY,2024-02-27,493.3531188964844,0.13818743430985755,0.17630766337510784,0,-0.0013217086642837161,0,
SPY,2024-02-28,492.7010498046875,0.13832452597046058,0.17630766337510784,0,0.001817238313099434,0,
SPY,2024-02-29,494.4722900390625,0.12094931439104671,0.17630766337510784,0,-0.0017713530715672832,0,
SPY,2024-03-01,499.1145629882813,0.11739793866114673,0.17619940752074614,0,-0.013322909600778754,0,
SPY,2024-03-04,498.5792846679688,0.11391877925470253,0.17609943336597134,0,-0.014065111523551499,0,
SPY,2024-03-05,493.5964050292969,0.12006066266255433,0.17609943336597134,0,-0.010005955793581212,0,
SPY,2024-03-06,496.09759521484375,0.12064484091003952,0.17609943336597134,0,-0.01702392070533898,0,
SPY,2024-03-07,501.0220336914063,0.12193052843689474,0.17609943336597134,0,-0.03518089549620573,0,
SPY,2024-03-08,498.0148010253906,0.12490110973931974,0.17609943336597134,0,-0.02935489289169302,0,
SPY,2024-03-11,497.5866088867188,0.12399050184459583,0.17609943336597134,0,-0.0285196159833494,0,
SPY,2024-03-12,502.9393615722656,0.12850337794561628,0.17609943336597134,0,-0.03885902194721136,0,
SPY,2024-03-13,502.1509704589844,0.11570557981112076,0.17599883190632842,0,-0.03735000364338403,0,
SPY,2024-03-14,501.1583251953125,0.11361135865003111,0.17589674350557744,0,-0.03544328093437832,0,
SPY,2024-03-15,497.7170715332031,0.11564901463080467,0.17582547874070503,0,-0.02877426246657333,0,
SPY,2024-03-18,500.6750793457031,0.11472582399478416,0.17569126650855166,0,-0.03451230184148957,0,
SPY,2024-03-19,503.4573974609375,0.11247881290978584,0.17553503573845208,0,-0.039847994446603696,0,
SPY,2024-03-20,508.1139526367188,0.11520755338874644,0.17538978110178294,0,-0.048647203300829056,0,
SPY,2024-03-21,509.7933044433594,0.09364437781448913,0.17493146152622452,0,-0.051781132334349445,1,20.0
SPY,2024-03-22,508.8266906738281,0.09441891845429033,0.17449472109689418,0,-0.04997980895486798,0,
SPY,2024-03-25,507.4209289550781,0.0938219108203059,0.17429319626583223,0,-0.047347867818027245,0,
SPY,2024-03-26,506.4837036132813,0.09455349681424392,0.17399322719705068,0,-0.045585027841482884,0,
SPY,2024-03-27,510.7400817871094,0.09719121626426193,0.17385356049926415,0,-0.053538879910534964,1,16.0
SPY,2024-03-28,510.6424560546875,0.09719366330092875,0.17382320736752027,0,-0.053357933420555614,1,15.0
SPY,2024-04-01,509.754150390625,0.09338252549134532,0.17367902095477133,0,-0.0517082999473647,1,14.0
SPY,2024-04-02,506.5130615234375,0.09682141811437671,0.17351594583144406,0,-0.0456403465116868,0,
SPY,2024-04-03,507.0694274902344,0.08795795862440815,0.17324617657029118,0,-0.04668748759828911,0,
SPY,2024-04-04,500.8800964355469,0.09908630752555973,0.17297764168046548,0,-0.0349074891918455,0,
SPY,2024-04-05,506.1127014160156,0.09974908109378607,0.1728802272136855,0,-0.044885400958412425,0,
SPY,2024-04-08,506.3958740234375,0.09672844495404737,0.17281766617196753,0,-0.04541949356317321,0,
SPY,2024-04-09,506.9815673828125,0.0965245007984802,0.1727174316004,0,-0.046522278160441854,0,
SPY,2024-04-10,501.9051513671875,0.09680346127257551,0.17255493658765408,0,-0.03687852462552965,0,
SPY,2024-04-11,505.6929931640625,0.10028992891157358,0.17228753802490201,0,-0.044092687821790766,0,
SPY,2024-04-12,498.71282958984375,0.11218447599687849,0.17168282943316004,0,-0.030713466344205687,0,
SPY,2024-04-15,492.46490478515625,0.11834267660236032,0.17168282943316004,0,-0.018416083692908702,0,
SPY,2024-04-16,491.5667114257813,0.11590766784566882,0.17168282943316004,0,-0.016622528240915035,0,
SPY,2024-04-17,488.6575012207031,0.11457630025788411,0.171570686630485,0,-0.010768015071386583,0,
SPY,2024-04-18,487.6520690917969,0.10737669821783619,0.1712061718423995,0,-0.008728434633552551,0,
SPY,2024-04-19,483.3956298828125,0.10793672738537392,0.17111806339369265,0,0.009209207528225516,0,
SPY,2024-04-22,487.8473205566406,0.11582850348429675,0.1712061718423995,0,0.001260682853092998,0,
SPY,2024-04-23,493.6364135742188,0.12582966535690632,0.171570686630485,0,-0.01048154496578102,0,
SPY,2024-04-24,493.402099609375,0.12585587134821344,0.1719765931895012,0,-0.010011628050817012,0,
SPY,2024-04-25,491.5276489257813,0.1207564617829197,0.17228753802490201,0,-0.006236287264585583,0,
SPY,2024-04-26,496.1843872070313,0.12723516333590357,0.17228753802490201,0,-0.015562855457633695,0,
SPY,2024-04-29,497.941650390625,0.12844020706128348,0.17228753802490201,0,-0.019036987716522513,0,
SPY,2024-04-30,490.0536193847656,0.13776767600878487,0.17228753802490201,0,-0.0032471509508891216,0,
SPY,2024-05-01,488.46234130859375,0.13748124292279426,0.17228753802490201,0,0.009353343578700324,0,
SPY,2024-05-02,493.0310974121094,0.13715559128930718,0.17228753802490201,0,0.01239542121598003,0,
SPY,2024-05-03,499.1424255371094,0.13939119224193955,0.17228753802490201,0,0.010326610600860375,0,
SPY,2024-05-06,504.296875,0.14471265019621624,0.17228753802490201,0,0.001103613962044836,0,
SPY,2024-05-07,504.8534240722656,0.1447061584390309,0.17228753802490201,0,9.659653182181316e-05,0,
SPY,2024-05-08,504.9021911621094,0.13994647179795727,0.17228753802490201,0,0.005761807377437034,0,
SPY,2024-05-09,507.8113403320313,0.13887032971818303,0.17228753802490201,0,0.0012882841919950039,0,
SPY,2024-05-10,508.4655456542969,0.12848144245702434,0.17228753802490201,0,0.00013420241601558303,0,
SPY,2024-05-13,508.5337829589844,0.11817230802496728,0.17228753802490201,0,0.0032635736440458363,0,
SPY,2024-05-14,510.8670349121094,0.11789210892026303,0.17228753802490201,0,-0.0013185710878155232,0,
SPY,2024-05-15,517.193115234375,0.11953066880983333,0.17228753802490201,0,-0.01353400619234213,0,
SPY,2024-05-16,516.1289672851562,0.11953067161705333,0.17228753802490201,0,-0.011500123518005667,0,
SPY,2024-05-17,516.8709716796875,0.11161769957043166,0.1719765931895012,0,-0.012919184158922792,0,
SPY,2024-05-20,517.4664306640625,0.10968484698623494,0.171570686630485,0,-0.014055037820661753,0,
SPY,2024-05-21,518.7355346679688,0.10458197194604997,0.1712061718423995,0,-0.016467185467215262,0,
SPY,2024-05-22,517.241943359375,0.10582657246865966,0.17100679484635448,0,-0.013627129508175795,0,
SPY,2024-05-23,513.4638671875,0.10923503656548733,0.17073650465971338,0,-0.006369380566655369,0,
SPY,2024-05-24,516.861083984375,0.1071850282927457,0.17050593920620982,0,-0.012900301030248085,0,
SPY,2024-05-28,517.222412109375,0.10713354336100009,0.17030448047417684,0,-0.013589882291744848,0,
SPY,2024-05-29,513.6005249023438,0.09081408629050362,0.1701418953963771,0,-0.0066337636489669505,0,
SPY,2024-05-30,510.19342041015625,0.09433253477870715,0.1697266895941995,0,0.009108256732347053,0,
SPY,2024-05-31,514.8403930664062,0.09409260183968025,0.16903986536681528,0,0.0008151608537849686,0,
SPY,2024-06-03,515.2600708007812,0.08615132363749825,0.16849746667999824,0,0.0011180971949726892,0,
SPY,2024-06-04,515.836181640625,0.0798063677728756,0.1682125397415134,0,0.010635913794776242,0,
SPY,2024-06-05,521.9668579101562,0.08835618296098476,0.168034219673834,0,-0.0012343448623435282,0,
SPY,2024-06-06,521.9571533203125,0.08838427389568304,0.1676791252689125,0,-0.0012157751177361842,0,
SPY,2024-06-07,521.3225708007812,0.0875683725024225,0.16743236301675676,0,0.00308979295893419,0,
SPY,2024-06-10,522.933349609375,0.08779361174366862,0.16739539145211813,0,0.002408336387425436,0,
SPY,2024-06-11,524.1927490234375,0.08772846575990588,0.16718342218618415,0,0.005953862745148308,0,
SPY,2024-06-12,528.4979858398438,0.09028972402174591,0.16692461117947877,0,-0.0022408129613528116,0,
SPY,2024-06-13,529.5620727539062,0.08117913788568072,0.16672364134437673,0,-0.004245681793427991,0,
SPY,2024-06-14,529.8843383789062,0.08031402602240285,0.16655991989520652,0,-0.004851280722214968,0,
SPY,2024-06-17,534.1015625,0.08367844563527349,0.1664669905627155,0,-0.012708897096467497,0,
SPY,2024-06-18,535.4586181640625,0.08371583256432154,0.16631485544109664,0,-0.015211068016542706,0,
SPY,2024-06-20,534.0040283203125,0.08510895160824618,0.16551683015140123,0,-0.02263415689025705,0,
SPY,2024-06-21,533.2880249023438,0.08423919580658115,0.1646730161942775,0,-0.0498245986702438,0,
SPY,2024-06-24,531.554443359375,0.079673687820581,0.1646730161942775,0,-0.04672575045458782,0,
SPY,2024-06-25,533.6015014648438,0.07802807183354563,0.1646730161942775,0,-0.05038280121983041,1,28.0
SPY,2024-06-26,534.2674560546875,0.07796890850103104,0.1646730161942775,0,-0.05156648164983857,1,27.0
SPY,2024-06-27,535.1096801757812,0.0709795220485258,0.1646730161942775,0,-0.053059247742475724,1,26.0
SPY,2024-06-28,533.0039672851562,0.06711344841950159,0.1646730161942775,0,-0.0493182148964294,0,
SPY,2024-07-01,534.1009521484375,0.062000219370056904,0.1646730161942775,0,-0.051270811168465213,1,24.0
SPY,2024-07-02,537.6952514648438,0.0642013348861175,0.1646730161942775,0,-0.05761272448382726,1,23.0
SPY,2024-07-03,540.0947875976562,0.0645933578183528,0.1646730161942775,0,-0.0617995679243315,1,22.0
SPY,2024-07-05,543.2094116210938,0.05571977043091081,0.1646730161942775,0,-0.06717896957317593,1,21.0
SPY,2024-07-08,543.8361206054688,0.05531204690610263,0.1646730161942775,0,-0.06825393921647871,1,20.0
SPY,2024-07-09,544.364990234375,0.054129088379889966,0.1646730161942775,0,-0.06915916310530612,1,19.0
SPY,2024-07-10,549.7515258789062,0.060592418189956386,0.1646730161942775,0,-0.0782796604778282,1,17.0
SPY,2024-07-11,545.0113525390625,0.0724024224756214,0.1646730161942775,0,-0.07026310419906412,1,17.0
SPY,2024-07-12,548.448974609375,0.0705297499807677,0.1646730161942775,0,-0.07609059995628653,1,16.0
SPY,2024-07-15,549.9572143554688,0.0705998701390082,0.1646730161942775,0,-0.07862439139053234,1,14.0
SPY,2024-07-16,553.2186279296875,0.07182340652411774,0.1646730161942775,0,-0.0840562166494151,1,13.0
SPY,2024-07-17,545.4617919921875,0.08892396088462882,0.1646730161942775,0,-0.07103087599361113,1,13.0
SPY,2024-07-18,541.2700805664062,0.09395667738964011,0.1646730161942775,0,-0.06383674014331486,1,12.0
SPY,2024-07-19,537.6756591796875,0.09677115074715076,0.1646730161942775,0,-0.05757838497093637,1,11.0
SPY,2024-07-22,543.218994140625,0.10267193154432507,0.1646730161942775,0,-0.06719542477050822,1,10.0
SPY,2024-07-23,542.3671264648438,0.10193340755980257,0.1646730161942775,0,-0.06573031741667901,1,9.0
SPY,2024-07-24,530.0755615234375,0.1319238372126822,0.16551683015140123,0,-0.04406616741652447,0,
SPY,2024-07-25,527.313720703125,0.13289294070097493,0.16631485544109664,0,-0.03905940014176734,0,
SPY,2024-07-26,533.2194213867188,0.1392059970064471,0.1664669905627155,0,-0.04970234998541134,0,
SPY,2024-07-29,533.5328369140625,0.13850757915567685,0.16655991989520652,0,-0.05026058748928375,1,5.0
SPY,2024-07-30,530.829833984375,0.1394491412198977,0.16672364134437673,0,-0.04542448324249093,0,
SPY,2024-07-31,539.458251953125,0.14938372420205373,0.16692461117947877,0,-0.06069253505465422,1,3.0
SPY,2024-08-01,531.8189086914062,0.15684208665948604,0.16718342218618415,0,-0.04719979902037352,0,
SPY,2024-08-02,521.9172973632812,0.16716280538734846,0.16739539145211813,0,-0.0291236453632302,0,
SPY,2024-08-05,506.7171630859375,0.19302331504717737,0.16743236301675676,1,0.0024739660811650133,0,
SPY,2024-08-06,511.3887939453125,0.19770482468083442,0.1676791252689125,1,-0.006683818311282286,0,
SPY,2024-08-07,507.97076416015625,0.19194840212244585,0.168034219673834,1,0.023117314519645493,0,
SPY,2024-08-08,519.7136840820312,0.21312495749708962,0.1682125397415134,1,0.004409753201090494,0,
SPY,2024-08-09,522.0054931640625,0.21221057884698186,0.16849746667999824,1,0.0005254580570117628,0,
SPY,2024-08-12,522.27978515625,0.21163206007582963,0.16903986536681528,1,0.013295147195896861,0,
SPY,2024-08-13,530.8689575195312,0.2202133029656708,0.16988927467199927,1,-0.0030994197699475423,0,
SPY,2024-08-14,532.5437622070312,0.21616606272826852,0.17064760342855023,1,-0.006234587024224192,0,
SPY,2024-08-15,541.6715698242188,0.22394137581803464,0.17100679484635448,1,-0.022980711450140467,0,
SPY,2024-08-16,542.8860473632812,0.22263456626134942,0.1712061718423995,1,-0.025166378197218675,0,
SPY,2024-08-19,548.0767822265625,0.22221817124573184,0.171570686630485,1,-0.034398848958037576,0,
SPY,2024-08-20,547.1856689453125,0.22222521556728375,0.1719765931895012,1,-0.03282632968548005,0,
SPY,2024-08-21,549.0660400390625,0.20445225734250072,0.17228753802490201,1,-0.03613858227383193,0,
SPY,2024-08-22,544.7566528320312,0.20586782049274643,0.1726488350703737,1,-0.02851379781033514,0,
SPY,2024-08-23,550.5448608398438,0.20552935205476794,0.17287389112483764,1,-0.03872761436729222,0,
SPY,2024-08-26,549.2325439453125,0.20599402879075865,0.17287389112483764,1,-0.0364307839885778,0,
SPY,2024-08-27,549.9867553710938,0.20454977087928444,0.1729150806387475,1,-0.03775215201271609,0,
SPY,2024-08-28,546.7938232421875,0.19888343669771363,0.1729150806387475,1,-0.03213322959769693,0,
SPY,2024-08-29,546.8427734375,0.19095316333812118,0.1729150806387475,1,-0.032219867420758774,0,
SPY,2024-08-30,552.0629272460938,0.17719829584134278,0.1729150806387475,1,-0.041370927735868146,0,
SPY,2024-09-03,540.7020263671875,0.15762032138774099,0.1729150806387475,0,-0.021228798913449642,0,
SPY,2024-09-04,539.5953369140625,0.15705343682127773,0.1729150806387475,0,-0.01922137651528777,0,
SPY,2024-09-05,538.2828979492188,0.15437522116223304,0.1729150806387475,0,-0.016830046442845803,0,
SPY,2024-09-06,529.2235717773438,0.1507812173856061,0.1729150806387475,0,0.011196200027240755,0,
SPY,2024-09-09,535.1488647460938,0.15469436884029628,0.1729150806387475,0,0.004355785475598006,0,
SPY,2024-09-10,537.4798583984375,0.15505332028673668,0.1729150806387475,0,0.010258832827810815,0,
SPY,2024-09-11,542.9937744140625,0.14866676450852195,0.1729150806387475,0,0.008423285347685106,0,
SPY,2024-09-12,547.5675659179688,0.15075909639187657,0.1729150806387475,0,0.004131821007480774,0,
SPY,2024-09-13,550.4273681640625,0.14000096646092683,0.17324617657029118,0,-0.0010852495874454915,0,
SPY,2024-09-16,551.2402954101562,0.13992315897299795,0.17351594583144406,0,-0.002558373058092922,0,
SPY,2024-09-17,551.4655151367188,0.13604831185724525,0.17351594583144406,0,-0.002965730407402778,0,
SPY,2024-09-18,549.8300170898438,0.13638479099122772,0.17351594583144406,0,0.014502107196437963,0,
SPY,2024-09-19,559.2125244140625,0.14844202519028155,0.17351594583144406,0,-0.00251928098005072,0,
SPY,2024-09-20,558.2459106445312,0.14517862853300026,0.17351594583144406,0,-0.000792123504354425,0,
SPY,2024-09-23,559.6407470703125,0.14105500878684393,0.17351594583144406,0,-0.00328252748290625,0,
SPY,2024-09-24,561.2420654296875,0.14070199899479208,0.17351594583144406,0,-0.006126330693967286,0,
SPY,2024-09-25,560.0043334960938,0.1411769538694111,0.17351594583144406,0,-0.003929652731176736,0,
SPY,2024-09-26,562.2244873046875,0.13925306191651618,0.17351594583144406,0,-0.007863009290791978,0,
SPY,2024-09-27,561.4091796875,0.13955119280823897,0.17365056247156313,0,-0.006422176338489738,0,
SPY,2024-09-30,563.6588745117188,0.13660612572603517,0.1738015668413972,0,-0.010387778564279526,0,
SPY,2024-10-01,558.6093139648438,0.11654677838128498,0.17386094011242623,0,-0.0014421582440611314,0,
SPY,2024-10-02,558.8450317382812,0.11584047912113253,0.17386094011242623,0,-0.001863344472334716,0,
SPY,2024-10-03,557.8234252929688,0.11556977626633447,0.17386094011242623,0,-3.534156970619318e-05,0,
SPY,2024-10-04,562.8925170898438,0.0945579435129537,0.173810548569024,0,-0.009040457987704142,0,
SPY,2024-10-07,557.8037109375,0.09886157508469201,0.17375173695407198,0,0.0014794744665094228,0,
SPY,2024-10-08,563.0792236328125,0.10199327318120326,0.17365056247156313,0,-0.007903428435779514,0,
SPY,2024-10-09,566.9793701171875,0.09924484870628192,0.17351594583144406,0,-0.014727877718558435,0,
SPY,2024-10-10,565.9871215820312,0.09731484097757075,0.17341409317285436,0,-0.01300056841630548,0,
SPY,2024-10-11,569.3763427734375,0.09772028082200544,0.17308299724131068,0,-0.018875697286491855,0,
SPY,2024-10-14,574.0328979492188,0.10035629581057877,0.1726488350703737,0,-0.02683457815587631,0,
SPY,2024-10-15,569.5728759765625,0.10617208141604513,0.17228753802490201,0,-0.01921423781398013,0,
SPY,2024-10-16,572.0485229492188,0.10514973942311655,0.1719765931895012,0,-0.023458771635100906,0,
SPY,2024-10-17,572.0975341796875,0.0891958223591671,0.171570686630485,0,-0.02354243129861311,0,
SPY,2024-10-18,574.2981567382812,0.0890104325107093,0.1712061718423995,0,-0.02728406711614395,0,
SPY,2024-10-21,573.35498046875,0.08955648116205059,0.17100679484635448,0,-0.02568393697662552,0,
SPY,2024-10-22,573.0504760742188,0.08953780135221885,0.17064760342855023,0,-0.02516621029243271,0,
SPY,2024-10-23,567.8142700195312,0.09607416105207514,0.16988927467199927,0,-0.016176597206792764,0,
SPY,2024-10-24,569.0422973632812,0.09547441663378475,0.16903986536681528,0,-0.018299747007166745,0,
SPY,2024-10-25,568.8458251953125,0.09523929654919079,0.16849746667999824,0,-0.01796068013094465,0,
SPY,2024-10-28,570.6043701171875,0.09486904183181986,0.1682125397415134,0,-0.020987225929538167,0,
SPY,2024-10-29,571.52783203125,0.08782703009910955,0.16779327108278758,0,-0.022569092917575473,0,
SPY,2024-10-30,569.798828125,0.08904911956292041,0.16743236301675676,0,-0.019603165693758418,0,
SPY,2024-10-31,558.6289672851562,0.11546599563780999,0.16743236301675676,0,0.002057453327079406,0,
SPY,2024-11-01,560.9866943359375,0.11169616639562702,0.16743236301675676,0,-0.0021540154795790523,0,
SPY,2024-11-04,559.7783203125,0.1069727696887401,0.16721458008971352,0,0.012091927433606653,0,
SPY,2024-11-05,566.547119140625,0.11030549649914875,0.16692461117947877,0,0.015692541122315662,0,
SPY,2024-11-06,580.6346435546875,0.13851345133005158,0.16692461117947877,0,-0.008950482901610157,0,
SPY,2024-11-07,585.1242065429688,0.1399087783066671,0.16692461117947877,0,-0.016554644858618905,0,
SPY,2024-11-08,587.6587524414062,0.13935700298581424,0.16692461117947877,0,-0.020796200660954223,0,
SPY,2024-11-11,588.21875,0.1371848727577348,0.16692461117947877,0,-0.021728424832651583,0,
SPY,2024-11-12,586.391357421875,0.13407008828767786,0.16692461117947877,0,-0.018679801770212112,0,
SPY,2024-11-13,586.6763305664062,0.13366841262061058,0.16692461117947877,0,-0.01915646988874964,0,
SPY,2024-11-14,582.9039306640625,0.13641717455383395,0.16692461117947877,0,-0.012808710262234735,0,
SPY,2024-11-15,575.4376831054688,0.1443882405906664,0.16692461117947877,0,0.0005974774423891382,0,
SPY,2024-11-18,577.7955322265625,0.14490354421160329,0.16692461117947877,0,-0.0034857280363111975,0,
SPY,2024-11-19,579.9075927734375,0.14531176743806395,0.16692461117947877,0,-0.0071150967571905754,0,
SPY,2024-11-20,580.1041259765625,0.14067412135007737,0.16692461117947877,0,-0.007451475765080429,0,
SPY,2024-11-21,583.21826171875,0.1414567787904788,0.16692461117947877,0,-0.01275125980487779,0,
SPY,2024-11-22,585.02587890625,0.1414755801764237,0.16692461117947877,0,-0.015801668095278276,0,
SPY,2024-11-25,587.0103759765625,0.14152690434482573,0.16692461117947877,0,-0.025247832666394854,0,
SPY,2024-11-26,590.075439453125,0.14216664846872235,0.16692461117947877,0,-0.03031104504066906,0,
SPY,2024-11-27,588.2874145507812,0.14216878479116915,0.16692461117947877,0,-0.027363798582372922,0,
SPY,2024-11-29,591.9419555664062,0.11820884398223913,0.16692461117947877,0,-0.03336867601661597,0,
SPY,2024-12-02,593.0029296875,0.1181638569696968,0.16692461117947877,0,-0.03509812922509403,0,
SPY,2024-12-03,593.2780151367188,0.117074551678534,0.16721458008971352,0,-0.03554552565274183,0,
SPY,2024-12-04,596.9619750976562,0.11280709110366287,0.167485399474544,0,-0.041497348073359364,0,
SPY,2024-12-05,595.9796142578125,0.07824603621324452,0.167485399474544,0,-0.039917435862248385,0,
SPY,2024-12-06,597.1093139648438,0.07457696989351081,0.167485399474544,0,-0.0417338620442993,0,
SPY,2024-12-09,594.0344848632812,0.0765694631766996,0.167485399474544,0,-0.03677370453979645,0,
SPY,2024-12-10,592.1875610351562,0.07763178243979135,0.167485399474544,0,-0.033769579303102426,0,
SPY,2024-12-11,596.7655639648438,0.08069007888855455,0.167485399474544,0,-0.04118187981741994,0,
SPY,2024-12-12,593.690673828125,0.08349839454509811,0.167485399474544,0,-0.03621589245964951,0,
SPY,2024-12-13,593.57275390625,0.07934792550153084,0.167485399474544,0,-0.036024425877132726,0,
SPY,2024-12-16,596.1072998046875,0.06103255924396332,0.167485399474544,0,-0.040123084521956565,0,
SPY,2024-12-17,593.6513671875,0.06378954408969938,0.167485399474544,0,-0.03615207871702375,0,
SPY,2024-12-18,575.95849609375,0.12841156168004994,0.1678463075405748,0,-0.006543630988764537,0,
SPY,2024-12-19,575.781494140625,0.12838662642058485,0.1682125397415134,0,-0.006238230903056752,0,
SPY,2024-12-20,582.6973266601562,0.13427676939608105,0.16849746667999824,0,-0.018032844753063104,0,
SPY,2024-12-23,586.1866455078125,0.1355504638793824,0.16896442801008654,0,-0.023878076009763327,0,
SPY,2024-12-24,592.7020874023438,0.14065283708663062,0.16981383731527047,0,-0.034608366678402724,0,
SPY,2024-12-26,592.7416381835938,0.1395414738388698,0.17064760342855023,0,-0.03467278259058171,0,
SPY,2024-12-27,586.5020751953125,0.14436873229030636,0.17100679484635448,0,-0.024403049145354738,0,
SPY,2024-12-30,579.8091430664062,0.14765659554035013,0.17149993559874066,0,-0.013141405110724258,0,
SPY,2024-12-31,577.6997680664062,0.14753722149339946,0.1719765931895012,0,-0.009538054436788568,0,
SPY,2025-01-02,576.2803344726562,0.14743672702200744,0.17245003303764794,0,-0.007098451912177173,0,
SPY,2025-01-03,583.4857788085938,0.15327042529548213,0.17300516176991731,0,-0.019359756464314093,0,
SPY,2025-01-06,586.8470458984375,0.15518077582060072,0.17327682892810833,0,-0.02497654162257712,0,
SPY,2025-01-07,580.21337890625,0.1592461952357661,0.17341409317285436,0,-0.013828951498682573,0,
SPY,2025-01-08,581.0609130859375,0.15892489588305447,0.17351594583144406,0,-0.015267378437752055,0,
SPY,2025-01-10,572.1896362304688,0.1667593471743818,0.17365056247156313,0,0.0015505471876331445,0,
SPY,2025-01-13,573.0768432617188,0.16354991554286039,0.17375173695407198,0,0.0013759292368293874,0,
SPY,2025-01-14,573.8653564453125,0.1635320065558182,0.173810548569024,0,0.004912355712114458,0,
SPY,2025-01-15,584.3040161132812,0.17791258753602637,0.17386094011242623,1,-0.013040521194659704,0,
SPY,2025-01-16,583.1802978515625,0.176937112305978,0.17434083467021536,1,-0.013302073737397224,0,
SPY,2025-01-17,589.0353393554688,0.1807834145154933,0.17521599754486425,1,-0.03467324577196296,0,
SPY,2025-01-21,594.4270629882812,0.14498853131888118,0.17585436775476054,0,-0.043429198180980455,0,
SPY,2025-01-22,597.7685546875,0.14548702862137775,0.17646753568605733,0,-0.055619450593434205,1,30.0
SPY,2025-01-23,601.0313720703125,0.14129279038949202,0.17698289352094795,0,-0.06074620672594655,1,27.0
SPY,2025-01-24,599.2767333984375,0.1411284374670026,0.17718670455802327,0,-0.07794786399213738,1,26.0
SPY,2025-01-27,590.7996826171875,0.1459630949720391,0.17725212374599808,0,-0.07249292382316652,1,29.0
SPY,2025-01-28,595.8760986328125,0.1492127556075619,0.1772858640054048,0,-0.08039458624411722,1,26.0
SPY,2025-01-29,593.204833984375,0.14484369549244358,0.1774136404384496,0,-0.08373076513097755,1,27.0
SPY,2025-01-30,596.3886108398438,0.13845975780046016,0.1780023709937987,0,-0.08862220123544307,1,24.0
SPY,2025-01-31,593.214599609375,0.13940572032304885,0.17889336514940346,0,-0.08374584895014292,1,25.0
SPY,2025-02-03,589.2225341796875,0.14176407922027065,0.179296005320165,0,-0.0775380983821744,1,24.0
SPY,2025-02-04,593.1752319335938,0.137074133032361,0.17969350070970574,0,-0.08368503926961368,1,23.0
SPY,2025-02-05,595.580322265625,0.1363966111917159,0.1805291276794454,0,-0.08738532984463598,1,20.0
SPY,2025-02-06,597.650390625,0.12889099378060215,0.18105097701971942,0,-0.09054633297058468,1,19.0
SPY,2025-02-07,592.1796875,0.13434797406469334,0.1812793321304748,0,-0.08214457397195218,1,20.0
SPY,2025-02-10,596.2012939453125,0.12097580833084076,0.18144384204141562,0,-0.0883358609326913,1,17.0
SPY,2025-02-11,596.65478515625,0.12105197730647935,0.1815208392279901,0,-0.08902877697841727,1,16.0
SPY,2025-02-12,594.7326049804688,0.12246895292773369,0.1819877074783183,0,-0.08608451125137373,1,15.0
SPY,2025-02-13,601.0115966796875,0.11167125213264277,0.1819877074783183,0,-0.0956325262969111,1,12.0
SPY,2025-02-14,600.9819946289062,0.11112550527451677,0.1815208392279901,0,-0.09558798064975238,1,11.0
SPY,2025-02-18,602.746337890625,0.10671315755057739,0.18144384204141562,0,-0.0982353517772857,1,10.0
SPY,2025-02-19,604.1658325195312,0.10264451681127656,0.1812793321304748,0,-0.10035405827439348,1,9.0
SPY,2025-02-20,601.6522827148438,0.10245473183014622,0.1812793321304748,0,-0.11806659131941655,1,8.0
SPY,2025-02-21,591.361572265625,0.11791892609806463,0.18105097701971942,0,-0.15524888975678064,1,11.0
SPY,2025-02-24,588.670654296875,0.11844994296182473,0.1805291276794454,0,-0.15289892563645824,1,10.0
SPY,2025-02-25,585.7431030273438,0.10876854109316812,0.17969350070970574,0,-0.1619993195659185,1,9.0
SPY,2025-02-26,586.0386962890625,0.10357761355094144,0.179296005320165,0,-0.16242200045033894,1,8.0
SPY,2025-02-27,576.6843872070312,0.11640138604368222,0.17848545882874356,0,-0.1488357760580975,1,10.0
SPY,2025-02-28,585.6838989257812,0.12907791341506655,0.17848545882874356,0,-0.1619146099171047,1,6.0
SPY,2025-03-03,575.4227905273438,0.1415260215801364,0.17848545882874356,0,-0.14696962480988263,1,8.0
SPY,2025-03-04,568.611572265625,0.145188276395361,0.17848545882874356,0,-0.13675144362488634,1,22.0
SPY,2025-03-05,574.7229614257812,0.14893306885342378,0.179296005320165,0,-0.14593090612080528,1,6.0
SPY,2025-03-06,564.52099609375,0.15804599607588135,0.17969350070970574,0,-0.13049625737043724,1,20.0
SPY,2025-03-07,567.6849975585938,0.15931339045371998,0.18013163439531965,0,-0.13534245046554916,1,19.0
SPY,2025-03-10,552.5643920898438,0.18028052903777644,0.1802153500499798,1,-0.11168159598551453,1,19.0
SPY,2025-03-11,547.9708862304688,0.17685602410849138,0.1802153500499798,0,-0.10423504016226415,1,18.0
SPY,2025-03-12,550.8787841796875,0.17926342714142415,0.1802153500499798,0,-0.10896347255882655,1,17.0
SPY,2025-03-13,543.5353393554688,0.1823125481975079,0.1802153500499798,1,-0.09692510614205074,1,16.0
SPY,2025-03-14,554.7625122070312,0.19606297434710485,0.1802153500499798,1,-0.11520135536248455,1,15.0
SPY,2025-03-17,559.0404052734375,0.20001174276872627,0.18129920258532034,1,-0.12197201800396051,1,13.0
SPY,2025-03-18,552.998046875,0.20001702977966587,0.1815208392279901,1,-0.11237820518480579,1,13.0
SPY,2025-03-19,559.0206909179688,0.20593873575407126,0.18264069767565977,1,-0.12194105357629303,1,11.0
SPY,2025-03-20,557.4041748046875,0.20596487605692068,0.18622396371348,1,-0.11939461331003198,1,11.0
SPY,2025-03-21,557.5880737304688,0.20012933302490005,0.1887641525288398,1,-0.1196850470410944,1,10.0
SPY,2025-03-24,567.5736083984375,0.21298978811962777,0.18981827601308773,1,-0.1351727570956669,1,8.0
SPY,2025-03-25,568.93798828125,0.21314973983007188,0.1917163423173663,1,-0.13724671404111788,1,7.0
SPY,2025-03-26,562.1458129882812,0.21623027106183232,0.1925986410754761,1,-0.1268224230165761,1,6.0
SPY,2025-03-27,560.6529541015625,0.20985048743691415,0.19263882655600006,1,-0.124497400208889,1,5.0
SPY,2025-03-28,549.3623657226562,0.2101310732932472,0.19269123713873088,1,-0.1065039225051504,1,5.0
SPY,2025-03-31,553.0501098632812,0.20562205063185723,0.19302932717821988,1,-0.11246176405637553,1,4.0
SPY,2025-04-01,554.6121826171875,0.20282054037969557,0.1934766803967515,1,-0.11496152756657319,1,3.0
SPY,2025-04-02,558.1220092773438,0.19997641128635169,0.19575131297081158,1,-0.12052721315892756,1,2.0
SPY,2025-04-03,530.6172485351562,0.2600675626430305,0.19861258343524282,1,-0.07493938379961518,1,1.0
SPY,2025-04-04,499.5533447265625,0.3274037309518996,0.1999210149911891,1,-0.017416009565185298,0,
SPY,2025-04-07,498.6635437011719,0.31846956458394104,0.20080387568121633,1,-0.015662714676747957,0,
SPY,2025-04-08,490.8531188964844,0.32055371264816923,0.20126014326281916,1,0.03504659053640902,0,
SPY,2025-04-09,542.4021606445312,0.492470315872544,0.20146855759558077,1,-0.06332259708506516,1,7.0
SPY,2025-04-10,518.6346435546875,0.5152365300069992,0.20242382845805681,1,-0.020397396352492603,0,
SPY,2025-04-11,527.888427734375,0.5137081632886954,0.20369908180247076,1,-0.03756964450144307,0,
SPY,2025-04-14,533.0098266601562,0.5142734497365103,0.20432482713635475,1,-0.04681710963670083,0,
SPY,2025-04-15,531.5169067382812,0.5133049249045769,0.20458605163720772,1,-0.04413981808082856,0,
SPY,2025-04-16,519.7023315429688,0.5158888542516691,0.20461033930916236,1,-0.022409913652729152,0,
SPY,2025-04-17,520.44384765625,0.5162002416771273,0.20476747520990182,1,-0.023802760939665046,0,
SPY,2025-04-21,508.0558471679688,0.5210959256744571,0.20526019406879714,1,0.02601794068155061,0,
SPY,2025-04-22,521.2744140625,0.5263551187156783,0.2056722932412511,1,0.015495236846295724,0,
SPY,2025-04-23,529.3516845703125,0.5305298159382889,0.2057553480352815,1,0.021049019601060648,0,
SPY,2025-04-24,540.4940185546875,0.5364045500338198,0.2059995867603968,1,0.0072253777163768795,0,
SPY,2025-04-25,544.3992919921875,0.5373756857714509,0.20643668919868433,1,0.00038130205064490497,0,
SPY,2025-04-28,544.6068725585938,0.532737406200078,0.20717057535693378,1,0.006299228306147819,0,
SPY,2025-04-29,548.0374755859375,0.5326665148611465,0.20772550271710277,1,0.0003970354979805357,0,
SPY,2025-04-30,548.2550659179688,0.532538293371415,0.20776577286429634,1,0.007086914929300692,0,
SPY,2025-05-01,552.1405029296875,0.5326741835689525,0.20803783578617593,1,0.0005908512569268165,0,
SPY,2025-05-02,560.3365478515625,0.5008547861933919,0.2085572450434726,1,-0.014044795118028808,0,
SPY,2025-05-05,557.1234130859375,0.443965849770228,0.20884429419222247,1,-0.008358430352621848,0,
SPY,2025-05-06,552.4667358398438,0.4460104231734,0.20895754867674782,1,0.00420554784974847,0,
SPY,2025-05-07,554.7901611328125,0.4391730505459424,0.20895754867674782,1,0.005684687319094328,0,
SPY,2025-05-08,558.6558837890625,0.2657236632396799,0.20895754867674782,1,-0.0012743337771213836,0,
SPY,2025-05-09,557.9439697265625,0.20258291570328296,0.20895754867674782,0,0.026172162242048547,0,
SPY,2025-05-12,576.3826293945312,0.2221024374343743,0.20895754867674782,1,-0.006655404543232213,0,
SPY,2025-05-13,580.1890258789062,0.22140388680957104,0.20907204248164732,1,-0.013172355411428582,0,
SPY,2025-05-14,580.9304809570312,0.22015162053216383,0.20914114615720994,1,-0.014431866475659416,0,
SPY,2025-05-15,583.7680053710938,0.19585416392276842,0.20924296129407566,0,-0.01922242302358057,0,
SPY,2025-05-16,587.4655151367188,0.19516949955545984,0.20931949998533156,0,-0.025395440120477453,0,
SPY,2025-05-19,588.108154296875,0.16106786659123215,0.20959497833617954,0,-0.02646041269613275,0,
SPY,2025-05-20,586.130859375,0.14973848161800898,0.20987395295974878,0,-0.023176206018680534,0,
SPY,2025-05-21,576.2540893554688,0.16569874860047554,0.20994309407544356,0,-0.006433827715473184,0,
SPY,2025-05-22,576.4814453125,0.1540364029423497,0.21049035266066807,0,-0.0068256758656789485,0,
SPY,2025-05-23,572.5465698242188,0.1572644758983733,0.21099521882753097,0,0.014884970614362336,0,
SPY,2025-05-27,584.4501342773438,0.16948558432647712,0.2110320902586521,0,-0.005785310649501829,0,
SPY,2025-05-28,581.0689086914062,0.17228895415300985,0.21131775583622703,0,0.0028244056631807624,0,
SPY,2025-05-29,583.3626098632812,0.17205792296912348,0.21163758469038488,0,-0.0011185613277848727,0,
SPY,2025-05-30,582.7100830078125,0.17201220938289113,0.21172904350231025,0,0.005632901726823958,0,
SPY,2025-06-02,585.992431640625,0.1665037630615972,0.21185230819417736,0,0.0005735920590776988,0,
SPY,2025-06-03,589.3341064453125,0.16415805131022135,0.21206217688497814,0,-0.005099915593460791,0,
SPY,2025-06-04,589.1759643554688,0.15926366336515227,0.21219926922517687,0,-0.004832872149647116,0,
SPY,2025-06-05,586.3285522460938,0.16174002468390772,0.21225120131742006,0,0.0050365344712128834,0,
SPY,2025-06-06,592.3495483398438,0.16327165032176327,0.2122896944437216,0,-0.005179259674468639,0,
SPY,2025-06-09,592.8834228515625,0.16271038979603128,0.2124682376738223,0,-0.006075067208493601,0,
SPY,2025-06-10,596.2449340820312,0.1206789464801044,0.2124682376738223,0,-0.011678619763561326,0,
SPY,2025-06-11,594.54443359375,0.12025806275124161,0.2124682376738223,0,-0.008851848718860578,0,
SPY,2025-06-12,596.9072875976562,0.1206526046617716,0.2124682376738223,0,-0.012775302873934469,0,
SPY,2025-06-13,590.23388671875,0.12777455907158844,0.2124682376738223,0,-0.0016133782374075922,0,
SPY,2025-06-16,595.8494262695312,0.13013120452980725,0.2124682376738223,0,-0.01102260028966251,0,
SPY,2025-06-17,590.7578735351562,0.1342193074791669,0.2124682376738223,0,-0.0024989211153203517,0,
SPY,2025-06-18,590.6688842773438,0.1335613983982867,0.2124682376738223,0,-0.0023486391501789106,0,
SPY,2025-06-20,589.2816162109375,0.11742862179721708,0.2124682376738223,0,0.009877376928964843,0,
SPY,2025-06-23,595.1021728515625,0.12136711267659733,0.2124682376738223,0,0.011047415251082215,0,
SPY,2025-06-24,601.676513671875,0.12143236144463421,0.2124682376738223,0,0.0005601616901342865,0,
SPY,2025-06-25,602.0135498046875,0.10092465113017372,0.2124682376738223,0,0.00782388205272233,0,
SPY,2025-06-26,606.7236328125,0.09944035020019085,0.2124682376738223,0,0.0049684323619594295,0,
SPY,2025-06-27,609.7380981445312,0.09974659815891308,0.2124682376738223,0,0.004455978704195562,0,
SPY,2025-06-30,612.6533203125,0.09932837162857788,0.2124682376738223,0,-0.0003235797161743603,0,
SPY,2025-07-01,612.455078125,0.09909823715635789,0.2124682376738223,0,0.004355190272245624,0,
SPY,2025-07-02,615.2315063476562,0.09864170015033374,0.2124682376738223,0,-0.0001772825726469307,0,
SPY,2025-07-03,620.0803833007812,0.10019899440544854,0.2124682376738223,0,-0.007995651710431262,0,
SPY,2025-07-07,615.4595336914062,0.10317317167522001,0.2124682376738223,0,-0.0005477162177452977,0,
SPY,2025-07-08,615.1224365234375,0.09939680591030725,0.2124682376738223,0,0.002224511880435376,0,
SPY,2025-07-09,618.8110961914062,0.10035879186480097,0.2124682376738223,0,-0.0037496297566104175,0,
SPY,2025-07-10,620.5563354492188,0.09954330914402397,0.2124682376738223,0,-0.006551462817424025,0,
SPY,2025-07-11,618.3748168945312,0.10000074718569349,0.2124682376738223,0,-0.003046749562969908,0,
SPY,2025-07-14,619.5548095703125,0.09972088456221054,0.2124682376738223,0,-0.0049455283561292696,0,
SPY,2025-07-15,616.9072875976562,0.09019459264602456,0.2124682376738223,0,-0.0006751482996285585,0,
SPY,2025-07-16,618.9697265625,0.0861864071690225,0.2124682376738223,0,-0.004004950104524174,0,
SPY,2025-07-17,622.7576293945312,0.07785044823380333,0.2124682376738223,0,-0.0100630572911935,0,
SPY,2025-07-18,622.301513671875,0.07815374866690528,0.2124682376738223,0,-0.00933748328231232,0,
SPY,2025-07-21,623.4815063476562,0.076003556889559,0.2124682376738223,0,-0.011212397777764949,0,
SPY,2025-07-22,623.5706787109375,0.07181930838671587,0.2124682376738223,0,-0.011353797189705861,0,
SPY,2025-07-23,628.8757934570312,0.06826844808942661,0.2124682376738223,0,-0.01969388851420506,0,
SPY,2025-07-24,629.083984375,0.06834668427335694,0.2124682376738223,0,-0.02001831392370479,0,
SPY,2025-07-25,631.741455078125,0.06558677592899179,0.2124682376738223,0,-0.024140684870573748,0,
SPY,2025-07-28,631.582763671875,0.06509813860043788,0.2124682376738223,0,-0.023895490581040346,0,
SPY,2025-07-29,629.9169311523438,0.06586422066223793,0.2124682376738223,0,-0.021314155560759884,0,
SPY,2025-07-30,629.1236572265625,0.06626991413473342,0.2124682376738223,0,-0.020080112057536015,0,
SPY,2025-07-31,626.763671875,0.06750673748812318,0.2124682376738223,0,-0.016390369519761472,0,
SPY,2025-08-01,616.4907836914062,0.08699693329787202,0.2124682376738223,0,0.0100526850672511,0,
SPY,2025-08-04,625.8612670898438,0.0983908345740242,0.2122896944437216,0,-0.005069966572431306,0,
SPY,2025-08-05,622.6881713867188,0.1005316005000396,0.21225120131742006,0,0.0068157382536948585,0,
SPY,2025-08-06,627.4578247070312,0.10186352321164492,0.21219926922517687,0,-0.0008376239960258269,0,
SPY,2025-08-07,626.9322509765625,0.10167935099505064,0.21206217688497814,0,0.005219410537227853,0,
SPY,2025-08-08,631.82080078125,0.10361864177642127,0.21185230819417736,0,-0.0025582143003426427,0,
SPY,2025-08-11,630.5712890625,0.10412228500895153,0.21172904350231025,0,-0.0005817284983080651,0,
SPY,2025-08-12,637.284423828125,0.10766276002104976,0.21163758469038488,0,-0.011109570216950693,0,
SPY,2025-08-13,639.4659423828125,0.10767994385057666,0.21131775583622703,0,-0.014483139750749552,0,
SPY,2025-08-14,639.5254516601562,0.1064755684490834,0.2110320902586521,0,-0.014574844304510837,0,
SPY,2025-08-15,638.0281372070312,0.10704140142006192,0.21099521882753097,0,-0.012262263961965503,0,
SPY,2025-08-18,637.8892822265625,0.10713471272876654,0.21049035266066807,0,-0.01204725438606058,0,
SPY,2025-08-19,634.4286499023438,0.10962919641137085,0.20994309407544356,0,-0.006658246170875959,0,
SPY,2025-08-20,632.7429809570312,0.10645777597616077,0.20987395295974878,0,-0.004011918361787603,0,
SPY,2025-08-21,630.2044677734375,0.10755912454341968,0.20959497833617954,0,0.007426633879791922,0,
SPY,2025-08-22,639.88232421875,0.11961235584382472,0.20931949998533156,0,-0.0078101213373125145,0,
SPY,2025-08-25,637.0662231445312,0.12092751882374951,0.209210395621439,0,-0.003424224107760221,0,
SPY,2025-08-26,639.733642578125,0.12105154875509577,0.20907204248164732,0,-0.0075795247121661635,0,
SPY,2025-08-27,641.1912841796875,0.12091443659694967,0.20895754867674782,0,-0.009835627386538426,0,
SPY,2025-08-28,643.4620361328125,0.11991517533511059,0.20832488493492582,0,-0.013329878106502768,0,
SPY,2025-08-29,639.6245727539062,0.1038767669573675,0.20772990684788378,0,-0.007410295555874247,0,
SPY,2025-09-02,634.884765625,0.0962803310387134,0.20673347291864624,0,0.0054195597134076845,0,
SPY,2025-09-03,638.3255615234375,0.09509278690457308,0.20569425434257183,0,0.0054369121788706565,0,
SPY,2025-09-04,643.6603393554688,0.09573923793950748,0.20526019406879714,0,-0.002896337864108256,0,
SPY,2025-09-05,641.7960815429688,0.09661881522079063,0.20476747520990182,0,0.0024567323434190325,0,
SPY,2025-09-08,643.372802734375,0.09360170576447108,0.20461033930916236,0,0.002311825610804341,0,
SPY,2025-09-09,644.8601684570312,0.0930847215842672,0.20458605163720772,0,0.0028908542790047065,0,
SPY,2025-09-10,646.724365234375,0.08647238042364623,0.20432482713635475,0,0.004017768328449023,0,
SPY,2025-09-11,652.0987548828125,0.09011417710053067,0.20369908180247076,0,-0.004257025421036675,0,
SPY,2025-09-12,651.8805541992188,0.09018265980770394,0.20242382845805681,0,-0.003923725407196432,0,
SPY,2025-09-15,655.3511352539062,0.09055874967799907,0.20146855759558077,0,-0.00919870436376169,0,
SPY,2025-09-16,654.4488525390625,0.09091622745850148,0.20137205765643595,0,-0.007832695577239979,0,
SPY,2025-09-17,653.6357421875,0.0879740688739329,0.20121704682513356,0,-0.00659845844233653,0,
SPY,2025-09-18,656.6898193359375,0.08722709185883788,0.20080387568121633,0,-0.011218485825069235,0,
SPY,2025-09-19,659.9423217773438,0.08498971487146559,0.20042235826417298,0,-0.01609166062042111,0,
SPY,2025-09-22,663.0645751953125,0.07076875906499155,0.19776945219607045,0,-0.020724710387392764,0,
SPY,2025-09-23,659.4551391601562,0.07207004411085324,0.19440683845865533,0,-0.015364783216050504,0,
SPY,2025-09-24,657.3569946289062,0.07347556580117612,0.1934766803967515,0,-0.012222035801401576,0,
SPY,2025-09-25,654.3242797851562,0.07635895857862118,0.19297691659548905,0,-0.007643802978774539,0,
SPY,2025-09-26,658.072998046875,0.07769225139972348,0.1925986410754761,0,-0.013296768240902201,0,
SPY,2025-09-29,659.9224243164062,0.0731646937604571,0.19212088911912995,0,-0.016061994591464512,0,
SPY,2025-09-30,662.4082641601562,0.06526624571787262,0.18768263399949162,0,-0.019754448973393957,0,
SPY,2025-10-01,664.6654052734375,0.06431012622060592,0.18292598577927593,0,-0.023083270538017064,0,
SPY,2025-10-02,665.4309692382812,0.05987623283122571,0.18209960559092364,0,-0.02420719214567113,0,
SPY,2025-10-03,665.421142578125,0.057799166704267275,0.18209960559092364,0,-0.02419278204702513,0,
SPY,2025-10-06,667.8074951171875,0.05810357661963717,0.18209960559092364,0,-0.027679745055412708,0,
SPY,2025-10-07,665.3316040039062,0.061335376382749815,0.18209960559092364,0,-0.024061460482737385,0,
SPY,2025-10-08,669.2990112304688,0.06314535360003777,0.18209960559092364,0,-0.029846536434430915,0,
SPY,2025-10-09,667.3600463867188,0.06013628711655457,0.18209960559092364,0,-0.027757842558830292,0,
SPY,2025-10-10,649.32275390625,0.11796965351787053,0.18209960559092364,0,-0.0007502934623139224,0,
SPY,2025-10-13,659.2860107421875,0.1288596727824508,0.18292598577927593,0,-0.015851146972404973,0,
SPY,2025-10-14,658.4805908203125,0.1288340360805143,0.18768263399949162,0,-0.014647386218680447,0,
SPY,2025-10-15,661.4039306640625,0.12950062106926932,0.19212088911912995,0,-0.019002547146009685,0,
SPY,2025-10-16,656.8995971679688,0.13112610055720905,0.1925986410754761,0,-0.012275887995169987,0,
SPY,2025-10-17,660.62841796875,0.13150892283375104,0.19293419832042316,0,-0.017850952757901717,0,
SPY,2025-10-20,667.499267578125,0.1356107106189663,0.19327028164722382,0,-0.027960624371588638,0,
SPY,2025-10-21,667.4893188476562,0.1338929448881498,0.19331299992228973,0,-0.027946136412785316,0,
SPY,2025-10-22,664.0191040039062,0.13484362805198272,0.1934766803967515,0,-0.022866108253949302,0,
SPY,2025-10-23,667.9566650390625,0.13471558104533665,0.1939339008632519,0,-0.028626248903260487,0,
SPY,2025-10-24,673.4155883789062,0.13610229565949533,0.19472386919930745,0,-0.03650051693786083,0,
SPY,2025-10-27,681.3603515625,0.14113239696255353,0.1959429788152622,0,-0.047735064417604334,0,
SPY,2025-10-28,683.1700439453125,0.14096211562804906,0.1969762675432201,0,-0.05025757929602437,1,17.0
SPY,2025-10-29,683.4982299804688,0.140832609152314,0.19880274092402833,0,-0.050713604177726634,1,16.0
SPY,2025-10-30,675.9810180664062,0.14762108667955195,0.20042235826417298,0,-0.04015711396008026,0,
SPY,2025-10-31,678.1983032226562,0.147845898684728,0.2006710181315703,0,-0.04329520111458285,0,
SPY,2025-11-03,679.4711303710938,0.14756743711488673,0.20097227488187075,0,-0.045087359436889685,0,
SPY,2025-11-04,671.4169921875,0.15369741202589296,0.20121704682513356,0,-0.03363248348074488,0,
SPY,2025-11-05,673.7437133789062,0.15277017982353747,0.20137205765643595,0,-0.036969758077483816,0,
SPY,2025-11-06,666.514892578125,0.1574752672230482,0.20146855759558077,0,-0.026525020649842745,0,
SPY,2025-11-07,667.1710815429688,0.11986425472763522,0.20146855759558077,0,-0.02748247152964367,0,
SPY,2025-11-10,677.5818481445312,0.12026045798609913,0.20137205765643595,0,-0.04242480363691359,0,
SPY,2025-11-11,679.1329956054688,0.11990223617190476,0.20121704682513356,0,-0.044611916240934746,0,
SPY,2025-11-12,679.5109252929688,0.11945333487743458,0.20097227488187075,0,-0.045143283002669454,0,
SPY,2025-11-13,668.235107421875,0.13286489188832062,0.2006710181315703,0,-0.02903100408426318,0,
SPY,2025-11-14,668.1256713867188,0.1316744303789623,0.20042235826417298,0,-0.028871963649621413,0,
SPY,2025-11-17,661.901123046875,0.130834545983756,0.19981971771495552,0,-0.019739431318183787,0,
SPY,2025-11-18,656.3427734375,0.1338651040746333,0.19981971771495552,0,-0.011437929161800087,0,
SPY,2025-11-19,658.8783569335938,0.13380844339419257,0.19981971771495552,0,-0.015242245459799575,0,
SPY,2025-11-20,648.8355712890625,0.14160059385475132,0.19981971771495552,0,0.009961222976632822,0,
SPY,2025-11-21,655.2987670898438,0.1433224096995874,0.19981971771495552,0,0.014718507062180475,0,
SPY,2025-11-24,664.9437866210938,0.1471295246416793,0.19981971771495552,0,0.003992679200828908,0,
SPY,2025-11-25,671.1982421875,0.15133885146575707,0.19981971771495552,0,-0.005362869139991289,0,
SPY,2025-11-26,675.8318481445312,0.1537889709138247,0.19981971771495552,0,-0.012182252611324551,0,
SPY,2025-11-28,679.5208129882812,0.1499607540340437,0.19981971771495552,0,-0.017544891801320905,0,
SPY,2025-12-01,676.41845703125,0.15045673270460072,0.19981971771495552,0,-0.013038915617860303,0,
SPY,2025-12-02,677.67138671875,0.1504524363386946,0.19981971771495552,0,-0.014863683296214125,0,
SPY,2025-12-03,680.0180053710938,0.14424197741764716,0.20052738134435943,0,-0.018263209834657457,0,
SPY,2025-12-04,680.51513671875,0.14385838047953056,0.2007551606016194,0,-0.018980390257552715,0,
SPY,2025-12-05,681.8078002929688,0.1375669349222951,0.20081853672208733,0,-0.020840340106415556,0,
SPY,2025-12-08,679.7594604492188,0.1383526352529525,0.20108418927548755,0,-0.017889808541283192,0,
SPY,2025-12-09,679.1727905273438,0.12727753033983105,0.20108418927548755,0,-0.017041461084889464,0,
SPY,2025-12-10,683.6771850585938,0.1291662498075582,0.20108418927548755,0,-0.02351766529924426,0,
SPY,2025-12-11,685.26806640625,0.1293590128343911,0.20108418927548755,0,-0.025784613970496584,0,
SPY,2025-12-12,677.9000854492188,0.1203347119100552,0.20108418927548755,0,-0.015196032310183516,0,
SPY,2025-12-15,676.8758544921875,0.12056070112335783,0.20108418927548755,0,-0.013705852532575946,0,
SPY,2025-12-16,675.0264282226562,0.11545020973633699,0.20108418927548755,0,-0.011003620102041367,0,
SPY,2025-12-17,667.5986938476562,0.11863062081279147,0.20108418927548755,0,0.0075513325776148665,0,
SPY,2025-12-18,672.6399536132812,0.12056138209545514,0.20108418927548755,0,0.004600684921500564,0,
SPY,2025-12-19,678.7363891601562,0.10687861763127439,0.20108418927548755,0,-0.004422675876273319,0,
SPY,2025-12-22,682.96484375,0.10413282783510287,0.20108418927548755,0,-0.010586614685510698,0,
SPY,2025-12-23,686.0863037109375,0.09365992196002347,0.20108418927548755,0,-0.015088109978989128,0,
SPY,2025-12-24,688.4996948242188,0.08940593957022343,0.20081853672208733,0,-0.018540511803725734,0,
SPY,2025-12-26,688.4298706054688,0.08700074063159548,0.2007551606016194,0,-0.018440966962741667,0,
SPY,2025-12-29,685.9765625,0.0866721675122624,0.20052738134435943,0,-0.014930545669381012,0,
SPY,2025-12-30,685.138916015625,0.08488002036540293,0.19981971771495552,0,-0.013726206015046705,0,
SPY,2025-12-31,680.062744140625,0.08940507065110798,0.1984044917004622,0,-0.006364392215935433,0,
SPY,2026-01-02,681.309326171875,0.08879811583056482,0.19738751490953502,0,-0.008182433224170893,0,
SPY,2026-01-05,685.846923828125,0.09178473695452372,0.1969762675432201,0,-0.014744348004381291,0,
SPY,2026-01-06,689.92578125,0.09375760149882943,0.1964704849057238,0,-0.02056920255801975,0,
SPY,2026-01-07,687.701904296875,0.09387271272855785,0.19572431288517245,0,-0.01740193842220339,0,
SPY,2026-01-08,687.632080078125,0.09375612880930032,0.19472386919930745,0,-0.017302162475177907,0,
SPY,2026-01-09,692.1796264648438,0.09374029201440658,0.1941447254277453,0,-0.023758382550732704,0,
SPY,2026-01-12,693.2666625976562,0.09359621842458056,0.19389394698146198,0,-0.02528912096608693,0,
SPY,2026-01-13,691.8804931640625,0.08412141805346701,0.19368312241696858,0,-0.023336306223573744,0,
SPY,2026-01-14,688.479736328125,0.08632981756280639,0.1934766803967515,0,-0.018512060050786983,0,
SPY,2026-01-15,690.3546142578125,0.08549216514007205,0.19331299992228973,0,-0.021177603293144553,0,
SPY,2026-01-16,689.7761840820312,0.07294231135011447,0.19327028164722382,0,-0.020356785723545046,0,
SPY,2026-01-20,675.7345581054688,0.10428071327424036,0.19245644636407708,0,5.907200054910966e-05,0,
SPY,2026-01-21,683.5332641601562,0.10734177935098033,0.19128906705856463,0,-0.01135100436118941,0,
SPY,2026-01-22,687.103515625,0.10667395927678767,0.18730986245067355,0,-0.024093617910328935,0,
SPY,2026-01-23,687.352783203125,0.10548570869564663,0.18292598577927593,0,-0.02444752906961256,0,
SPY,2026-01-26,690.84326171875,0.10629482780822565,0.18209960559092364,0,-0.029376497953488956,0,
SPY,2026-01-27,693.5957641601562,0.10713896111673493,0.1818143174873075,0,-0.033228372052380384,0,
SPY,2026-01-28,693.5259399414062,0.10614835396757125,0.18157764454618133,0,-0.04221908310934808,0,
SPY,2026-01-29,692.1497192382812,0.10635184092542213,0.1815205178144524,0,-0.04574662432636656,0,
SPY,2026-01-30,690.0853271484375,0.1030648347004128,0.18142749536594271,0,-0.0428919728174183,0,
SPY,2026-02-02,693.5159912109375,0.1041002822091787,0.1813814665655244,0,-0.04762656604150861,0,
SPY,2026-02-03,687.6520385742188,0.10683304973708618,0.18119503730779057,0,-0.04075244013419976,0,
SPY,2026-02-04,684.3211059570312,0.10592519045793851,0.180998663356407,0,-0.03845872209007617,0,
SPY,2026-02-05,675.7744750976562,0.11409621546818255,0.18091049006792007,0,-0.04025672583964668,0,
SPY,2026-02-06,688.739013671875,0.13419616068721463,0.18091049006792007,0,-0.058322536621677856,1,29.0
SPY,2026-02-09,692.0599975585938,0.13319506792735383,0.18091049006792007,0,-0.06284135824610049,1,28.0
SPY,2026-02-10,690.2349243164062,0.13337178088132112,0.18091049006792007,0,-0.06036338574645661,1,27.0
SPY,2026-02-11,690.075439453125,0.1332059371658524,0.18091049006792007,0,-0.06518912284909972,1,26.0
SPY,2026-02-12,679.41455078125,0.14326521924106866,0.18091049006792007,0,-0.06671114693328717,1,29.0
SPY,2026-02-13,679.8931884765625,0.14281207569791274,0.18091049006792007,0,-0.07048639195932982,1,28.0
SPY,2026-02-17,680.9901733398438,0.14305973052094137,0.180998663356407,0,-0.07198371511927171,1,27.0
SPY,2026-02-18,684.4208374023438,0.12325399538916183,0.18119503730779057,0,-0.07663540300481086,1,22.0
SPY,2026-02-19,682.61572265625,0.11681014867225853,0.18119503730779057,0,-0.07419364991484245,1,25.0
SPY,2026-02-20,687.5523071289062,0.1182126743685041,0.18119503730779057,0,-0.08084088417633706,1,20.0
SPY,2026-02-23,680.531494140625,0.12370944103758899,0.1813814665655244,0,-0.07135823081755166,1,23.0
SPY,2026-02-24,685.4779052734375,0.12523985769082233,0.18148430068413396,0,-0.07805931330342175,1,18.0
SPY,2026-02-25,691.26220703125,0.12823649577490703,0.18181399607376983,0,-0.08577387238160494,1,17.0
SPY,2026-02-26,687.422607421875,0.12965979637337124,0.18209960559092364,0,-0.08066746150046011,1,16.0
SPY,2026-02-27,684.1216430664062,0.13049211390949142,0.18351476762534702,0,-0.07623157795377478,1,15.0
SPY,2026-03-02,684.5106201171875,0.1302335221364594,0.18522257732006314,0,-0.07675651461049293,1,14.0
SPY,2026-03-03,678.4771118164062,0.13190562439702264,0.18522257732006314,0,-0.06854636700827421,1,18.0
SPY,2026-03-04,683.2639770507812,0.13187085548682353,0.18522257732006314,0,-0.07507201911779404,1,12.0
SPY,2026-03-05,679.4544067382812,0.1322317012189919,0.18522257732006314,0,-0.06988612563881236,1,15.0
SPY,2026-03-06,670.5487060546875,0.13301468977810146,0.18522257732006314,0,-0.05753308447726113,1,15.0
SPY,2026-03-09,676.4227294921875,0.11720231461933747,0.18351476762534702,0,-0.06571742321910834,1,14.0
SPY,2026-03-10,675.3356323242188,0.11525133688319364,0.18209960559092364,0,-0.06421349555012745,1,13.0
SPY,2026-03-11,674.4879760742188,0.11513020288841236,0.18181399607376983,0,-0.06303745489810653,1,12.0
SPY,2026-03-12,664.2459106445312,0.12548985902812512,0.18181399607376983,0,-0.04859034797833872,0,
SPY,2026-03-13,660.4862060546875,0.11573936246877137,0.18148430068413396,0,-0.04317461150612034,0,
SPY,2026-03-16,667.2078857421875,0.12264999047423537,0.18148430068413396,0,-0.05281399664493569,1,10.0
SPY,2026-03-17,668.9630126953125,0.1229827459365899,0.18148430068413396,0,-0.055299084239559315,1,8.0
SPY,2026-03-18,659.6285400390625,0.12929239950890073,0.18148430068413396,0,-0.041930522494220135,0,
SPY,2026-03-19,658.0029907226562,0.12927969406307296,0.18148430068413396,0,-0.03956368038835245,0,
SPY,2026-03-20,648.5700073242188,0.13200367673612465,0.18148430068413396,0,-0.0255948262078598,0,
SPY,2026-03-23,655.3800048828125,0.13708971018660548,0.18148430068413396,0,-0.035719787001853076,0,
SPY,2026-03-24,653.1799926757812,0.13282941421888725,0.18148430068413396,0,-0.03247194067559911,0,
SPY,2026-03-25,656.8200073242188,0.13011238391702257,0.18148430068413396,0,-0.037833860637602856,0,
SPY,2026-03-26,645.0900268554688,0.14098893537866658,0.18148430068413396,0,-0.020338333575389944,0,
SPY,2026-03-27,634.0900268554688,0.14949263078711664,0.18148430068413396,0,-0.0033434623831846144,0,
SPY,2026-03-30,631.969970703125,0.1486194853482028,0.18148430068413396,0,0.02906792569891481,0,
SPY,2026-03-31,650.3400268554688,0.18702245091359473,0.18148430068413396,1,0.007534463782890022,0,
SPY,2026-04-01,655.239990234375,0.18733841892944605,0.18148430068413396,1,0.0009004744280911581,0,
SPY,2026-04-02,655.8300170898438,0.18714813890829715,0.18148430068413396,1,0.004726797348638012,0,
SPY,2026-04-06,658.9299926757812,0.1834079129095135,0.18148430068413396,1,0.0004400741058487867,0,
SPY,2026-04-07,659.219970703125,0.17998500790081406,0.18148430068413396,0,0.025469554638327674,0,
SPY,2026-04-08,676.010009765625,0.20295164976682406,0.18148430068413396,1,0.005103492784415131,0,
SPY,2026-04-09,679.9099731445312,0.20387617886708462,0.18148430068413396,1,-0.0006617805145495703,0,
SPY,2026-04-10,679.4600219726562,0.1953672881592842,0.18148430068413396,1,0.009772397784351794,0,
SPY,2026-04-13,686.0999755859375,0.1958967282185745,0.18148430068413396,1,0.01218488075237012,0,
SPY,2026-04-14,694.4600219726562,0.19712528147149372,0.18148430068413396,1,0.007890994867038925,0,
SPY,2026-04-15,699.9400024414062,0.19821762766850073,0.18148430068413396,1,0.002457311622604319,0,
SPY,2026-04-16,701.6599731445312,0.18862546289335616,0.18148430068413396,1,0.0034490266481455034,0,
