date,open,high,low,close,volume
2000-05-31,89.78901663682132,90.69438594091903,89.49378751591989,89.94647216796875,6056500
2000-06-01,90.49756566857779,91.59975437615508,90.06456296202958,91.52102661132812,8961600
2000-06-02,93.80416358588134,93.90257332527065,92.88895300956085,93.11529541015625,8962200
2000-06-05,92.87909140542288,93.35145804956998,92.50513447880643,92.66259002685547,6998100
2000-06-06,92.34762383117742,93.07585530640196,91.89493940063242,92.24921417236328,4858900
2000-06-07,92.34767024948229,93.21367568234189,91.95403141636429,92.88892364501953,4919500
2000-06-08,92.89875237441169,93.05620788691068,91.99338317754243,92.52479553222656,5723100
2000-06-09,92.89868720938367,93.19391608822704,91.71777169401014,92.32791137695312,3085300
2000-06-12,92.56418899588796,92.56418899588796,91.24549865722656,91.24549865722656,3678900
2000-06-13,91.2061166595711,93.0562191554709,91.08802501089664,92.95780944824219,6558700
2000-06-14,93.37116073256843,93.76479969012563,92.70197450472118,93.11529541015625,6420500
2000-06-15,93.29237555934517,93.68601427478545,92.48541619269261,93.31205749511719,5881200
2000-06-16,93.63036578196092,93.63036578196092,92.09156078175171,92.5453109741211,5567900
2000-06-19,92.46648503815192,94.16311779114552,92.32838702337337,93.72909545898438,5106900
2000-06-20,93.55151063881193,93.98553283072545,92.8018359436886,93.39368438720703,6480000
2000-06-21,92.76235398899573,93.70931123941507,92.73276157492012,93.35420227050781,3115000
2000-06-22,93.15693784067048,93.23585096039997,91.5392188862158,91.93378448486328,7490500
2000-06-23,92.05215419752773,92.24943699692234,90.82900084128111,91.1446533203125,4863300
2000-06-26,91.77593101993027,92.32832269416889,91.46027863465106,92.3184585571289,5201300
2000-06-27,92.16067793962131,92.62429260976604,91.549101140707,91.63787841796875,4159500
2000-06-28,91.93379708040729,92.79197737504198,91.73651425405448,91.89434051513672,5347700
2000-06-29,91.38139230160162,92.0126972570531,90.60212524721621,91.02628326416016,6345700
2000-06-30,90.86845794434853,91.91405678739032,90.83886552426245,91.7167739868164,7420200
2000-07-03,91.815439435901,93.07804969028382,91.65761315410315,92.97940826416016,1436600
2000-07-05,92.40723543158872,92.58478989761866,91.14462589537573,91.30245208740234,2748200
2000-07-06,91.4997524601722,92.46643807262335,91.04600207065431,92.01268768310547,5963200
2000-07-07,92.60454461604238,93.92633935172087,92.32834870112448,93.49231719970703,3034800
2000-07-10,93.3542619800749,94.00529550614051,93.1372508047197,93.33453369140625,2816100
2000-07-11,93.09775426382255,94.1433531144228,92.90047146182249,93.53177642822266,5431600
2000-07-12,94.241974815439,94.77463826949318,93.86713756999346,94.1433334350586,5883000
2000-07-13,94.68586624785402,94.93246971240204,94.18279518017609,94.55763244628906,5356000
2000-07-14,94.97196600732725,95.48490142822266,94.48862301456042,95.48490142822266,5341900
2000-07-17,95.3171698581304,95.94847471903492,95.12975122754936,95.32703399658203,4208300
2000-07-18,95.09031827684859,95.09031827684859,94.28145872304138,94.54779052734375,4262100
2000-07-19,94.36037396923253,94.63656992063734,93.59097096174767,93.78825378417969,8506800
2000-07-20,94.06446122925311,95.09033203125,93.9460915213304,95.09033203125,4538900
2000-07-21,94.53789069215675,94.53789069215675,93.23582458496094,93.23582458496094,5656900
2000-07-24,93.51200702064061,93.97562140143914,92.52559344447351,92.7031478881836,5628500
2000-07-25,93.27534917961705,93.33453404584778,92.66377222856627,92.99915313720703,4757100
2000-07-26,92.78210358999688,92.90047327350527,91.94365166514575,92.09161376953125,12062500
2000-07-27,92.13107954502516,92.56510176129723,91.3419482427123,91.77597045898438,7652600
2000-07-28,91.99296335589894,92.11133302781302,89.33950987715812,89.70448303222656,6229500
2000-07-31,90.23713188904982,90.98680635598988,89.68474017656766,90.2765884399414,5265500
2000-08-01,90.6711685220435,91.36165827362564,90.35551606417738,90.82899475097656,3946600
2000-08-02,90.82897217773017,91.79565758969991,90.67114598802081,91.28272247314453,7439800
2000-08-03,90.19767956755197,92.05213754641241,90.03985335658513,91.9140396118164,4607100
2000-08-04,92.36780814896476,92.62427579226603,91.7956880216004,92.40726470947266,3686600
2000-08-07,92.62426666066617,93.70932196766013,92.40725559926737,93.51203918457031,4159800
2000-08-08,93.1174899049545,93.94607773885451,93.1174899049545,93.8671646118164,3658700
2000-08-09,94.15322480438219,94.20254550883709,93.03857688370172,93.07803344726562,5383800
2000-08-10,93.13717980430529,93.34432667741379,92.34804885913007,92.6242446899414,4193400
2000-08-11,92.56508161760321,93.43312586124655,91.89432015660608,93.05828857421875,5089400
2000-08-14,93.29506950386404,94.41958186624937,92.84131890149803,94.24202728271484,2966700
2000-08-15,94.2814327074551,94.57735685280178,93.78822579854393,94.1630630493164,5564600
2000-08-16,94.26169691093837,94.65626240658901,93.33446799615936,93.82767486572266,5191600
2000-08-17,93.86715995417106,94.97194367788556,93.65014886558428,94.81411743164062,5652200
2000-08-18,94.93251933374583,94.93251933374583,94.20257269713973,94.49849700927734,4626400
2000-08-21,94.71546650408115,95.1494886376137,94.32090092814246,95.01139068603516,2380600
2000-08-22,95.05088240929729,95.52436127559515,94.75495811786112,94.85359954833984,3075300
2000-08-23,94.57736041043545,95.50458943406717,94.24197969976014,95.2283935546875,5483200
2000-08-24,95.4256811193177,95.64269217830312,95.01138727943643,95.52432250976562,4529000
2000-08-25,95.4257165719655,95.72164085325132,95.28761857403212,95.48490142822266,2822200
2000-08-28,95.48485484830655,96.5304534654471,95.48485484830655,95.81037139892578,5518700
2000-08-29,95.60319539304254,95.87939117007568,95.26781480664516,95.83007049560547,3561900
2000-08-30,95.52430385731532,95.6426735027395,94.91272735595703,94.91272735595703,3964800
2000-08-31,95.36650974684495,96.6488480036809,95.26786834247297,96.17536926269531,4863100
2000-09-01,96.74748077392577,96.96449184417725,95.95834960937499,96.27400207519531,3191200
2000-09-05,95.8794454926426,96.08659244278103,95.20868393981341,95.50460815429688,3470800
2000-09-06,95.44541859417545,95.92876145394338,94.39981975467745,94.41954803466797,4322200
2000-09-07,94.8535562898151,95.3763556329266,94.58722454898472,95.2283935546875,4265500
2000-09-08,94.87326326238944,95.01136117106832,94.2715509460029,94.57733917236328,3518200
2000-09-11,94.53791141290866,95.44541223198082,93.86714993794227,94.43927001953125,3937500
2000-09-12,94.53787966127749,94.85353201406973,93.70929223519784,93.74874877929688,4769100
2000-09-13,93.43312827126404,94.28144425852425,93.2161172047556,93.9953842163086,7691600
2000-09-14,94.61681125143369,94.6562678032483,93.53175607653193,94.4688491821289,3397100
2000-09-15,93.78652564466816,93.82608132819607,92.4020767211914,92.4020767211914,4085700
2000-09-18,92.63941711307113,93.01519613210367,91.26485701713636,91.5516357421875,5109300
2000-09-19,91.84829200347724,92.59984994838081,91.58129115462992,92.38229370117188,6588200
2000-09-20,92.20433209807075,92.42188843721249,90.60232632802705,91.69999694824219,6508100
2000-09-21,91.43293200278565,92.12515623382555,90.26603972760408,90.30559539794922,5972300
2000-09-22,90.26608770661365,91.9669824355288,90.13753170966076,91.94720458984375,7791300
2000-09-25,92.36252097157919,92.4416323385784,90.95829420734319,91.29451751708984,9726300
2000-09-26,91.37361306748632,91.76916983401223,90.12760925292969,90.12760925292969,5302400
2000-09-27,90.85940686991786,91.11651881796072,89.94962613068925,90.602294921875,7186200
2000-09-28,90.62208061218261,92.60975392111416,90.43419109541794,91.76919555664062,7036400
2000-09-29,92.0658257237925,92.38227109684956,90.89893341064453,90.89893341064453,9333600
2000-10-02,91.31428905738169,91.70984586508098,90.59239788333048,91.03739929199219,5517800
2000-10-03,91.4725335020768,92.24386946025648,90.04852865620663,90.18697357177734,9347200
2000-10-04,90.42427566083633,91.29450053596248,89.71227349027856,90.9384994506836,6148900
2000-10-05,90.76055101775792,91.6703320913724,90.70121746947872,91.25499725341797,4566900
2000-10-06,91.05717384429649,91.54173091623073,88.44649900775279,89.27716827392578,10014900
2000-10-09,89.43541343212128,89.43541343212128,88.20918706485205,88.60474395751953,4508000
2000-10-10,88.6640526680204,89.39583271457778,87.14115905761719,87.14115905761719,6104700
2000-10-11,87.10163317449198,87.73452424206323,85.51940550556388,86.40940856933594,10346000
2000-10-12,86.88410895083432,87.08188748247747,84.036098095173,84.25365447998047,12336900
2000-10-13,84.13493697960666,87.12139101908025,84.09538129696463,87.06205749511719,11778800
2000-10-16,86.96317265552399,87.4872854768502,86.50828228229746,87.4576187133789,5659000
2000-10-17,87.61587553431241,87.69498693434339,85.06453288331323,85.28208923339844,7831700
2000-10-18,83.93717401032119,86.15229264584333,82.37472425847967,84.96562194824219,10897300
2000-10-19,86.6071822216501,88.2586322594459,86.35007023971784,88.16963195800781,8767300
2000-10-20,87.57627313446461,89.35627868597813,87.57627313446461,88.5453872680664,7373500
2000-10-23,88.56517711501135,89.25740159000586,87.93228616644495,88.94095611572266,5290000
2000-10-24,89.21787394841084,89.83098724754646,87.97186950178042,88.34764862060547,5750700
2000-10-25,87.8136608853137,88.3278850256331,86.152321355051,86.27098846435547,9137600
2000-10-26,86.78518297904476,87.12140634063176,84.82717634392047,86.50829315185547,9345800
2000-10-27,87.2598233187656,88.14982604980469,86.46870978006419,88.14982604980469,9762900
2000-10-30,87.61584069216174,89.29695727429126,87.43784011287744,88.94095611572266,10154100
2000-10-31,89.24753597908717,90.93854192395408,88.64431163618143,90.47376251220703,7752400
2000-11-01,90.0287227910923,90.66161363672389,89.37605410653474,90.16716766357422,6753600
2000-11-02,90.60229996748356,91.0769682056891,90.19685418068299,90.31552124023438,11395100
2000-11-03,90.80004924056983,90.97804977273387,90.10782494882076,90.36493682861328,5187100
2000-11-06,90.60232966289756,91.3242211784391,90.52321826393411,90.99788665771484,4042500
2000-11-07,90.5924431867185,91.13633406929348,90.22655295662258,90.97811126708984,5231300
2000-11-08,91.17584194592128,91.17584194592128,88.96072387695312,88.96072387695312,6123300
2000-11-09,88.60474913175074,89.37608511749589,86.86429870237706,88.62452697753906,10635300
2000-11-10,87.97182761259506,88.26849519672027,86.4093783362023,86.46871185302734,8569500
2000-11-13,85.8358432247431,86.69617944139664,84.18439324564955,85.7962875366211,17285300
2000-11-14,87.00276120503744,88.36743284021534,86.70609345825963,88.05098724365234,7668900
2000-11-15,88.01141244330536,88.67397026731676,87.1807429326045,88.3278579711914,8837700
2000-11-16,87.70482138615505,88.52560165169241,86.90381895834147,86.94337463378906,6684100
2000-11-17,86.90382307956668,87.97182636729917,85.91493114648102,86.47859954833984,6551100
2000-11-20,85.91495463289407,86.31051151426098,85.00517380575016,85.24250793457031,5458500
2000-11-21,85.36118203230951,86.191851551623,84.50084574444912,85.67762756347656,7684300
2000-11-22,85.02493775453327,85.36116104874752,83.62071105516786,83.63059997558594,5736900
2000-11-24,84.5700566403421,85.42050388906398,84.5700566403421,85.34139251708984,3411600
2000-11-27,86.36982340235396,86.50826827613835,85.63804335520784,86.09293365478516,5992000
2000-11-28,85.51939999159947,86.44895868716033,84.5799523737454,84.609619140625,5336100
2000-11-29,85.04472844215411,86.0138427895182,84.34261498641075,84.4513931274414,6914100
2000-11-30,83.8580417430291,84.49093262410857,82.11759182006057,83.71959686279297,11201600
2000-12-01,84.29319758495241,84.84697739076626,82.90874807041776,83.68008422851562,7587200
2000-12-04,83.46248557870999,84.7282673505198,83.22515149649564,84.39204406738281,6996600
2000-12-05,85.36117355661757,87.49718067990644,85.06450590060524,87.16095733642578,8883400
2000-12-06,87.20049493579212,87.5564960491612,85.46004504820996,85.7666015625,12888000
2000-12-07,85.36115661435576,85.99404748823422,84.5898208618164,84.5898208618164,6529100
2000-12-08,86.74558814911678,88.26848151151579,84.728248889835,84.78758239746094,10276300
2000-12-11,86.94338348085974,88.32783226240208,86.52804884639703,87.7344970703125,6405600
2000-12-12,87.45761570963947,87.85317254233797,86.9433918271314,87.35872650146484,5022900
2000-12-13,88.13004231789515,88.22893150361989,86.09292509196534,86.16214752197266,6070500
2000-12-14,85.99407290591941,86.38962981901011,84.82718001230182,85.06451416015625,7678400
2000-12-15,84.51202228740017,84.51202228740017,82.88526505088214,83.1431655883789,9065300
2000-12-18,83.83753409676477,84.73026694919128,83.64906827236362,84.25414276123047,7235400
2000-12-19,84.09541608702462,85.68249636231643,82.53809356689453,82.53809356689453,9616600
2000-12-20,81.65530981687036,81.85369492332535,80.04839045458502,80.1475830078125,9994300
2000-12-21,79.98883218680864,81.80405494104797,79.69125468611367,80.70301818847656,14331500
2000-12-22,81.89335698603446,83.23245621000667,81.79416445092541,83.12334442138672,10182900
2000-12-26,83.06383436398917,84.01608276367188,82.70674121410816,84.01608276367188,4665300
2000-12-27,83.63916270295834,84.89890815638289,83.32174652571753,84.63108825683594,4854100
2000-12-28,84.31362242140372,84.98813140077495,84.17475292565082,84.8889389038086,8358700
2000-12-29,85.10719370194535,85.24606324877837,83.28205108642578,83.28205108642578,8774600
2001-01-02,83.79786577738355,83.89705832683595,80.98079737293553,81.77433776855469,8737500
2001-01-03,81.45691372553507,86.33718668619792,81.04030505816142,85.70235443115234,19431600
2001-01-04,85.66267503028978,85.99992965639328,84.43268757038288,84.77986145019531,9219000
2001-01-05,84.73022625742756,84.82941874894878,82.0123519897461,82.0123519897461,12911400
2001-01-08,82.44880129062837,82.64718627929688,81.06010636994888,82.64718627929688,6625300
2001-01-09,83.19277571346498,83.48043405323969,82.16117339151431,82.42899322509766,5702400
2001-01-10,81.89338405468379,83.87723541259766,81.77435297320896,83.87723541259766,8746100
2001-01-11,83.22255618630825,84.74020232415154,83.22255618630825,83.95658111572266,7245100
2001-01-12,84.23428336779277,84.88895396391551,83.3415507367163,83.79783630371094,7244000
2001-01-16,83.79784122485886,84.55170437981735,83.49034441165212,84.33348083496094,8542200
2001-01-17,85.60314269133411,85.73209296421793,84.2045281931327,84.72032928466797,7851400
2001-01-18,84.71042835599111,86.1487201723399,84.39301223100378,85.56348419189453,8107000
2001-01-19,86.45625337376327,86.45625337376327,84.98820317879803,85.07747650146484,7782500
2001-01-22,85.22623645604858,86.19832341748862,84.78978924887143,85.6428451538086,7050900
2001-01-23,85.36511895739328,86.75381482702319,85.16673383316044,86.31736755371094,8463100
2001-01-24,86.4959099312423,87.17041932061437,86.23800928236474,86.57526397705078,6199900
2001-01-25,86.49587177720915,87.13070386364738,86.11894022588645,86.35700225830078,10818300
2001-01-26,85.80154969040801,86.41654345697509,85.3551832469319,86.2578353881836,7136800
2001-01-29,86.0197593490239,86.90852051556034,85.93722806685615,86.71807861328125,6705900
2001-01-30,86.52763296279018,87.55605805276089,86.2038623331543,87.4798812866211,7069100
2001-01-31,87.22591739052275,88.0512009701238,86.71805951393878,86.98468780517578,9706900
2001-02-01,87.035498615498,87.5751001741845,86.49588737004086,87.5624008178711,8239100
2001-02-02,87.22591291757863,87.60047115948886,85.54361199243445,85.57535552978516,8276600
2001-02-05,85.57541763234453,86.29912625000921,85.54367407195734,86.20389556884766,4352900
2001-02-06,85.89280333675842,86.78156459109036,85.84201559554357,85.94993591308594,7106700
2001-02-07,85.52460602217967,85.95628732538042,84.86437502263841,85.50556182861328,5748700
2001-02-08,85.57537311383042,85.95626658000226,84.49616042952255,84.50885009765625,5943300
2001-02-09,84.65489204597586,84.65489204597586,83.3280851618846,83.6962890625,9913000
2001-02-12,83.6074053147296,84.7501053010873,83.6074053147296,84.6548843383789,5804400
2001-02-13,84.87708125489132,85.17545322729279,83.79786822271095,83.96292114257812,6587600
2001-02-14,84.21051682136665,84.21051682136665,82.94720650235553,83.83596801757812,8400100
2001-02-15,84.33112813244608,84.76281917311327,83.7915264400784,84.64854431152344,5929800
2001-02-16,83.16301530302154,83.34711237242945,82.08380253796997,82.78211212158203,6434900
2001-02-20,83.18842828497513,83.25191539575515,81.32202928138348,81.5061264038086,5760000
2001-02-21,81.1950284462183,81.79176734058919,79.6714304021223,79.74761199951172,10910800
2001-02-22,80.21103501349137,80.33165466259572,78.0970429542004,79.86822509765625,21281600
2001-02-23,79.40478723500601,79.69680937200745,77.32253906272877,79.32860565185547,20173000
2001-02-26,79.8618787408683,81.01727294921875,79.03659508773893,81.01727294921875,11503700
2001-02-27,80.49670551281466,81.15692657964671,79.6777715908172,80.2681655883789,11415000
2001-02-28,80.46499423502131,80.52212681734511,78.25577569416515,78.68746185302734,14825800
2001-03-01,78.75094282356787,79.10009765625,77.29082670613869,79.10009765625,14672000
2001-03-02,77.76690150668351,79.76662279981761,77.63993707422974,78.47156524658203,12564300
2001-03-05,78.81439340213255,79.21433581665437,78.59854800457683,79.1889419555664,5293200
2001-03-06,80.21106018278284,81.09982637197486,79.66510401699573,80.03965759277344,6917000
2001-03-07,80.5602428177139,80.64911897759409,79.83653417675383,80.61103057861328,6371700
2001-03-08,80.3697518076165,80.77604400922016,80.07772959042543,80.69986724853516,6055000
2001-03-09,80.0523277159786,80.0523277159786,78.15418107238705,78.3128890991211,10020300
2001-03-12,77.6653490052993,77.76692445594367,74.75147228316219,74.96096801757812,13972900
2001-03-13,75.7989881954483,76.459214461042,74.61184988470963,76.19258117675781,12888000
2001-03-14,74.30712039905575,75.72914335178604,73.48183649672734,74.68801879882812,19883400
2001-03-15,75.19588816396639,75.45617174621303,74.50392324345253,74.70706939697266,10370300
2001-03-16,74.55811372692543,74.72998267360818,73.08133745142621,73.20864868164062,58514600
2001-03-19,73.68605941770485,74.91458494067443,73.08770873981929,74.69815826416016,10067800
2001-03-20,75.04823757899172,75.40469923528588,72.63574491188467,72.69303131103516,15083900
2001-03-21,72.68031133028448,73.3677773410441,71.22899743407622,71.4581527709961,19004600
2001-03-22,71.30538167381997,71.67457693515038,68.77194904645958,70.73249816894531,28624800
2001-03-23,72.0883210854053,72.98584688430806,70.97437351896416,72.87126922607422,12861700
2001-03-26,73.6478323530909,74.01066072882982,73.05584870252478,73.80060577392578,9943800
2001-03-27,73.59691120569285,75.52563068169945,73.3804846255559,75.3092041015625,12880700
2001-03-28,74.41168954316974,74.4435136988491,73.13860676178592,73.22772216796875,10953300
2001-03-29,73.01129090877075,74.15706728144029,71.38174660668525,73.50779724121094,12060300
2001-03-30,73.55237346223552,74.27803039550781,72.8840029338091,74.27803039550781,9183600
2001-04-02,74.02977223498993,74.71723330692498,72.43841861735409,72.69303131103516,10561000
2001-04-03,72.55299323132851,72.66120410725036,70.05774717256958,70.26780700683594,12836000
2001-04-04,70.38237710859335,71.35628460029429,69.57397172824015,70.56060791015625,14884300
2001-04-05,72.12014522133579,73.5141676363582,71.61091013999226,73.23409271240234,21522800
2001-04-06,72.55938870345615,72.8203731375851,71.3308629997501,72.12017822265625,14937800
2001-04-09,72.56570336679007,73.19587785201864,71.789122255486,72.92216491699219,9034300
2001-04-10,73.48872590021907,74.9527735252361,73.31049502894959,74.25257873535156,17873600
2001-04-11,75.6083890521455,75.74206216750648,73.9279200927136,74.30348205566406,12722300
2001-04-12,74.02979863477107,75.71026826575307,73.8133719402512,75.6529769897461,9233200
2001-04-16,75.29650743913822,75.67843143288638,74.41808176787478,74.85729217529297,7350000
2001-04-17,74.67268909907808,76.16856565521823,74.48809146329,75.91394805908203,10924700
2001-04-18,77.05971862928521,80.20423544606855,76.82420136346933,78.93115234375,32481600
2001-04-19,79.09024846505875,80.10234669783382,78.66376700306262,79.98140716552734,13809900
2001-04-20,79.504068363903,79.8223392501825,78.71475792572978,79.24945068359375,7626700
2001-04-23,78.70836269796263,78.86113130835649,77.60078177386058,77.81083679199219,8451800
2001-04-24,77.98904688218889,78.70834174178235,77.08515929808189,77.39070129394531,10044700
2001-04-25,77.28888416980332,78.7211028488062,76.98970882427214,78.40283203125,8249000
2001-04-26,78.75928883346273,79.70773439177516,78.61288213880565,78.75292205810547,10590400
2001-04-27,79.51675246093754,80.10236939767175,79.05844186473665,80.06417846679688,7938700
2001-04-30,80.49065827471033,81.01262202966778,79.35761535710212,80.62433624267578,10766900
2001-05-01,79.61225749816009,80.93626518805075,79.31308216995694,80.87261199951172,10578000
2001-05-02,81.10175065058128,81.27998148433295,80.2042248509269,80.72618865966797,9572900
2001-05-03,80.28697963885193,80.29971318876659,79.07118786902608,79.70136260986328,9926200
2001-05-04,78.70837740145251,81.06357960600337,78.5747042353331,81.05721282958984,12145300
2001-05-07,80.75165975949156,81.08265922185126,80.3506403395589,80.35700225830078,7185200
2001-05-08,80.75165026835626,80.9044188594569,79.92414442507805,80.31880187988281,6952600
2001-05-09,79.72678970019,80.55429524843032,79.6058453114593,79.98140716552734,9507400
2001-05-10,81.00625663406771,81.15902520406452,80.05780648995871,80.2169418334961,6872400
2001-05-11,80.20421380324795,80.51611771935038,79.18574856750764,79.66315460205078,7734400
2001-05-14,79.50402542817902,79.84775838250113,79.2239456454516,79.82229614257812,7914000
2001-05-15,79.91779237537797,80.52250489645662,79.47221038304362,80.1915054321289,9782200
2001-05-16,79.46583769456014,82.24115899393462,79.32580264542848,82.08202362060547,14909000
2001-05-17,82.11386560261172,82.80133168947839,81.83378574727487,82.20934295654297,11824600
2001-05-18,82.17113449746095,82.58489227294922,81.5409646701486,82.58489227294922,6683100
2001-05-21,82.64854354160119,83.92162650328765,82.209328365763,83.8006820678711,11531500
2001-05-22,83.91526777714517,84.08076507183296,83.43149972992913,83.69247436523438,8342700
2001-05-23,83.41877172291964,83.41877172291964,82.27299499511719,82.27299499511719,12330800
2001-05-24,82.41301310883178,82.75037926264373,81.82739620574591,82.51486206054688,7902800
2001-05-25,82.52759367938523,82.55942269390484,81.41365101758562,81.54096221923828,7425000
2001-05-29,81.61735771777798,81.70011122678241,80.7771230722145,80.8917007446289,9003900
2001-05-30,80.57977828516367,80.898049004084,79.5676797300814,79.7586441040039,10041800
2001-05-31,79.84137158749773,80.68797264104894,79.73316073727902,80.17237091064453,9874200
2001-06-01,80.33153608806086,80.90442441455663,79.6440749526922,80.66890716552734,8848300
2001-06-04,80.7134846060985,81.11450410445671,80.25517383287341,81.05721282958984,5623500
2001-06-05,81.15266158374678,82.26024225800342,81.01262169896452,81.98653411865234,9115400
2001-06-06,82.0056605299596,82.0056605299596,81.06994354346376,81.30546569824219,12064900
2001-06-07,80.87262471279296,81.70013086316641,80.84079568530638,81.59828186035156,7355300
2001-06-08,81.28636700870088,81.39458278041356,80.29336358574916,80.84078979492188,8170600
2001-06-11,80.65615101081957,80.8343818054608,79.82865019906748,80.26786041259766,7012200
2001-06-12,79.47858311026252,80.67527954805237,78.95661920207019,80.12785339355469,9364400
2001-06-13,80.31241183582638,80.57339609074754,79.34487123062196,79.44035339355469,7629400
2001-06-14,79.04571097866884,79.12209769472342,77.4989151876481,77.65805053710938,12603000
2001-06-15,77.18315545725478,78.13429873131905,76.85759451959893,77.783203125,16821100
2001-06-18,77.65550438100699,78.15980293248447,77.18312537047598,77.40654754638672,11368300
2001-06-19,78.12152130287666,78.44708220861469,77.17037812206193,77.7448959350586,7732300
2001-06-20,77.36184188458986,78.4278880244599,77.3043877006982,78.15339660644531,8787200
2001-06-21,78.01939384740787,79.35354738853799,77.97470939555757,79.04075622558594,12259100
2001-06-22,78.83006884353179,78.89390305468717,77.98106458171272,78.42152404785156,12212000
2001-06-25,78.69601500706464,78.79815364041333,77.55974949737008,77.70018768310547,8406800
2001-06-26,77.17671474440424,78.12785733043057,76.9660575329981,77.59164428710938,8005800
2001-06-27,77.6236038243312,78.03214872312456,77.1831442470242,77.54700469970703,10105100
2001-06-28,77.8789242897371,79.11732841478778,77.83423985585578,77.97467803955078,10269300
2001-06-29,78.3895980176997,79.16200306229581,78.044887483128,78.26192474365234,9824200
2001-07-02,78.38964283673464,79.35993592306943,78.27473925951497,79.2386474609375,8522200
2001-07-03,79.14286043258619,79.2194595336914,78.5491930478315,79.2194595336914,3303100
2001-07-05,78.56195305119752,78.93219825095308,77.66187957757114,77.67464447021484,5517900
2001-07-06,77.43845245322679,77.55335596781295,75.99578094482422,75.99578094482422,11665900
2001-07-09,76.27668274204105,76.9469543219972,76.09156006881278,76.41073608398438,8339300
2001-07-10,76.78733121635663,77.01075335080677,75.45955843128546,75.4914779663086,8630700
2001-07-11,75.38933176842357,75.89363017560011,74.74459521364894,75.56806945800781,15328600
2001-07-12,76.28309113673255,77.5406458033298,76.16180265510916,77.36190795898438,12002800
2001-07-13,77.13846400042067,78.08322723386283,76.99803063201813,78.03215789794922,10433800
2001-07-16,77.73210953143398,78.05767036749884,76.7873514369065,77.05545806884766,6915300
2001-07-17,76.72990521674764,77.84702116964678,76.4937181036591,77.77680206298828,7469800
2001-07-18,76.95971743064536,77.64913877624676,76.64054142289352,77.24697875976562,7709300
2001-07-19,77.99386414408599,78.50454780080398,77.08740528013982,77.92364501953125,10082900
2001-07-20,77.3363351617844,77.84063375701214,77.18951207902651,77.4576187133789,6705800
2001-07-23,77.75125235425857,77.80231679764378,75.93194580078125,75.93194580078125,8065200
2001-07-24,75.9638888072122,76.09155726047314,74.52759679194979,75.19786834716797,12269000
2001-07-25,75.27446963525574,76.27030210623172,74.98082828812161,76.02772521972656,12088500
2001-07-26,76.00219360505132,77.14484436034111,75.68301757967114,76.82566833496094,12898200
2001-07-27,77.13206297851103,77.46400383106264,76.54478038617586,77.11929321289062,8478800
2001-07-30,77.36184037894421,77.46397411353287,76.79370778275394,77.1447982788086,8547700
2001-07-31,77.24057471126342,78.31300602603098,77.1129062879351,77.46399688720703,11918100
2001-08-01,77.8597812100006,78.32577536480576,77.59167458365475,77.94915008544922,11940800
2001-08-02,78.66409039572773,78.67685528816412,77.80869649536538,78.268310546875,11070100
2001-08-03,78.10872088624915,78.10872088624915,77.176727911303,77.84061431884766,10816300
2001-08-06,77.46402131684799,77.5661599839124,76.66608124380622,76.79375457763672,8550100
2001-08-07,76.77456648042781,77.36823383096775,76.54476432011847,77.09374237060547,8865100
2001-08-08,76.6788618433331,77.3427486623078,75.60004515371915,75.66387939453125,15183800
2001-08-09,75.77233406436204,75.9446917261793,75.23612105034451,75.88723754882812,14118500
2001-08-10,75.83618819997595,76.50006971973919,74.90419037942183,76.14897918701172,11173300
2001-08-13,76.34691255796713,76.50650058792536,75.84261379887032,76.16817474365234,7431600
2001-08-14,76.69157533082854,76.82562860773932,75.83618636285401,76.1362075805664,13178100
2001-08-15,76.11071653854206,76.35328856257982,75.37661071206621,75.47874450683594,8520600
2001-08-16,75.19786504891688,75.80429748066658,74.68718151779359,75.74046325683594,10734700
2001-08-17,75.10210560215936,75.2425438061165,74.05520882569174,74.527587890625,11604600
2001-08-20,74.55951633969894,75.26170257310625,74.3999283380046,75.2170181274414,10417400
2001-08-21,75.19785304368284,75.67023206890181,73.92114928993773,73.93391418457031,14480800
2001-08-22,74.52756021057442,74.96163955693157,73.90835828868764,74.69991302490234,11752300
2001-08-23,74.66165374183387,75.01912932445424,74.36162750488911,74.43184661865234,8744100
2001-08-24,74.82122344689563,76.04685789053003,74.52119728334965,75.97663879394531,11687700
2001-08-27,75.94471387569277,76.09153206129724,75.49148468540092,75.52339935302734,7425100
2001-08-28,75.50424046773678,75.63829374416278,74.4190444946289,74.4190444946289,12046600
2001-08-29,74.77015755935282,74.80207710298852,73.51898839860283,73.75518035888672,16180000
2001-08-30,73.31469772579786,73.88283039532438,71.52093086157842,72.33802032470703,17692600
2001-08-31,72.38911777489673,73.26365689795387,72.21676000756072,72.86788177490234,15985400
2001-09-04,72.67633926211003,74.15731499481821,72.36993317685284,72.40184783935547,24473400
2001-09-05,72.58061218261719,72.89340813355184,71.46349630989295,72.58061218261719,21477100
2001-09-06,71.9103324880213,72.3252621392467,70.7102279663086,70.7102279663086,21653000
2001-09-07,70.23149666258045,71.01667189702171,69.34418762355374,69.40164184570312,33133900
2001-09-10,68.75042014702099,70.44205174829185,68.75042014702099,70.25054931640625,23408700
2001-09-17,64.47353792496567,67.92063894648672,63.83518606432245,66.5801010131836,32388700
2001-09-18,66.59924707013825,67.2184491196173,65.98004502065919,66.4205093383789,22029200
2001-09-19,66.45242881045094,66.70777053295008,62.91595885996931,65.07997131347656,42771800
2001-09-20,64.09055835577529,64.99063237612108,62.915987839361996,63.011741638183594,36210900
2001-09-21,60.40962622294625,63.42754399858683,60.10207040130136,62.33186721801758,49782100
2001-09-24,63.89531719142201,64.81799480497756,63.472421655704515,64.52324676513672,25549600
2001-09-25,64.55524467074608,65.35617822745509,64.01061082988605,65.19599151611328,25466200
2001-09-26,65.58047161359016,65.6125109273692,64.35023822527702,64.9653549194336,18587500
2001-09-27,64.87563030908561,65.54200774036326,64.07469660156603,65.52919006347656,20536800
2001-09-28,65.98417182388484,70.23873432490221,65.67661090965406,66.91966247558594,21687200
2001-10-01,66.57361095458288,66.84272350790694,65.88801189434604,66.81068420410156,20457400
2001-10-02,66.63768874585561,67.65007019042969,66.41342827104786,67.65007019042969,19833100
2001-10-03,67.02214055606106,69.1237901011529,66.86195379331306,68.78419494628906,32045800
2001-10-04,69.38649956165237,69.82220775703607,68.39974850479777,68.84186553955078,32674100
2001-10-05,68.72014159025947,68.95721982927022,67.6116467124963,68.70732879638672,29796100
2001-10-08,68.09220866613617,68.75218244541124,67.8359136748408,68.25880432128906,12970300
2001-10-09,68.31009496792527,68.39979923157394,67.66293859001777,67.89360809326172,15976300
2001-10-10,67.79104307968692,69.5530975512538,67.61162979077707,69.40572357177734,19987400
2001-10-11,69.809391355142,70.67440381087363,69.809391355142,70.482177734375,23006300
2001-10-12,69.93753609730337,70.41168750899197,68.75215512382603,70.16179656982422,31360500
2001-10-15,69.60438694137171,70.12979960355932,69.23916112605245,70.03369140625,16873000
2001-10-16,70.35402280732623,70.87302631486092,69.80938394456668,70.47576141357422,15877100
2001-10-17,71.16781053112575,71.21907149421467,68.97645568847656,68.97645568847656,28542300
2001-10-18,69.08537093239251,69.30322754772236,68.39977154430397,68.82907104492188,16510000
2001-10-19,68.55993445614428,69.14301661903278,67.92559624444557,68.78419494628906,21912500
2001-10-22,68.75218067823904,70.20667475936052,68.69451088472037,70.1426010131836,17540600
2001-10-23,70.45654920948435,70.66158808210277,69.44416763720676,69.78376770019531,22062500
2001-10-24,69.82858487680711,70.12973175119983,69.34161596469846,69.59791564941406,16065200
2001-10-25,68.84825700116454,70.86661084730041,68.39332725871037,70.8473892211914,27467900
2001-10-26,70.45015474040846,71.62913216483918,70.27074630133524,70.6872329711914,18623300
2001-10-29,70.58471882482887,70.83460985918855,68.8482894897461,68.8482894897461,18727500
2001-10-30,68.78420668282445,69.00846721123443,67.63726867922718,68.02172088623047,26178600
2001-10-31,68.49584385919604,69.1109602900325,67.79102325439453,67.79102325439453,28124200
2001-11-01,68.30360659173155,69.84780869658725,67.72693350509437,69.52743530273438,29806800
2001-11-02,69.48259872335353,70.08489751397127,69.11737316842692,70.00160217285156,17575900
2001-11-05,70.55906044643785,71.18058092168978,70.45012974264091,70.91787719726562,15929500
2001-11-06,70.70643277726361,72.07122706040214,70.38605926681973,72.01996612548828,23245800
2001-11-07,71.61628270434332,72.48129497656085,71.53298736273837,71.92384338378906,19716000
2001-11-08,72.32112150700749,73.09642485317637,71.69959608450952,72.14811706542969,22563500
2001-11-09,71.92386181442052,72.37879166778335,71.40485822890325,72.22501373291016,15895800
2001-11-12,71.1229292080984,72.18016291727263,70.48218209811553,71.78289794921875,26068800
2001-11-13,72.68636843941898,73.39759826660156,72.51977278830512,73.39759826660156,15296200
2001-11-14,73.7948331858601,73.94220715153651,72.8593431224486,73.46805572509766,17571300
2001-11-15,73.28227221634886,73.80127597745718,73.00034183327072,73.60264587402344,19470200
2001-11-16,73.73717178867938,73.74998457875171,72.66071654765807,73.27583312988281,18134900
2001-11-19,73.63465670570355,74.23055171352581,73.33350478185076,74.17929077148438,13625400
2001-11-20,73.92301843235123,74.1985399693945,73.45527074815625,73.55779266357422,16209700
2001-11-21,73.36555152447063,73.47447737095817,72.73121319011692,73.07080841064453,11470200
2001-11-23,73.07082547467213,74.16650281297649,73.04519499506972,74.12165069580078,6717100
2001-11-26,74.1664798968778,74.54451835504969,73.73077165529084,74.28181457519531,13726000
2001-11-27,74.08319984235742,74.90335555168106,73.10285242977682,73.96145629882812,19261400
2001-11-28,73.51930780547312,73.79482920499589,72.56459616510834,72.62226104736328,20195500
2001-11-29,72.82734220907264,73.63468030668245,72.40444663445544,73.60264587402344,16354700
2001-11-30,73.30146998229297,73.62825237548505,73.05798295310527,73.07720947265625,13680300
2001-12-03,72.82094138383543,73.0964629553077,72.4108634479485,72.64153289794922,15220400
2001-12-04,72.99393947683069,73.87817397922561,72.62871367017199,73.87176513671875,17239900
2001-12-05,74.076816310755,75.60820239184764,74.04477698145404,75.2237548828125,25204000
2001-12-06,75.18524169921875,75.56969376434347,74.922538002462,75.18524169921875,17972900
2001-12-07,74.9033424117041,75.02508104536366,74.13444290271276,74.68548583984375,18857800
2001-12-10,74.23054951867844,74.57655353445871,73.26942888212625,73.28865051269531,13862700
2001-12-11,73.62185680333515,74.14726932996187,72.98110958117995,73.14129638671875,20833300
2001-12-12,73.39759860931369,73.54496773757238,72.47492101546838,73.22459411621094,16171500
2001-12-13,72.69273899825487,72.85292573460052,71.7892883472912,71.8021011352539,19026700
2001-12-14,71.97515223667506,72.71841663343133,71.76370443429485,72.48774719238281,16721900
2001-12-17,72.39802174834793,73.27584713570592,72.3403568492324,73.2374038696289,13925900
2001-12-18,73.44886075636603,73.78205208774382,73.26304345396571,73.67312622070312,13663700
2001-12-19,73.10283513858253,74.27540351839643,73.0451702454011,74.19210815429688,20143400
2001-12-20,74.00631176839914,74.1985379102161,73.3976038001685,73.46167755126953,14867900
2001-12-21,73.95868673159916,73.98440537205694,73.42503597909062,73.9072494506836,14037700
2001-12-24,73.83008698518897,73.96510614765695,73.68863693727155,73.76579284667969,5728800
2001-12-26,73.71431997427611,74.71732178555226,73.71431997427611,74.17081451416016,10304800
2001-12-27,74.13227129093909,74.63377241481574,74.10012177055597,74.62091064453125,9407300
2001-12-28,74.76880815242124,75.06456516528952,74.53091440268126,74.58235168457031,10593800
2001-12-31,74.6787542425813,74.8330610979557,73.44428958893319,73.48929595947266,14619500
2002-01-02,74.01010543874939,74.42159377214756,73.17426700228742,74.28014373779297,18651900
2002-01-03,74.35728241039759,75.19311574785985,74.28655740960806,75.12239074707031,15743000
2002-01-04,75.33460846361073,75.85540239246788,74.93598176622592,75.62393951416016,20140700
2002-01-07,75.67536172428943,75.86181817927607,74.94239767659238,75.09027862548828,13106500
2002-01-08,75.0902483828949,75.26384299571684,74.56302875556753,74.9166488647461,12683700
2002-01-09,75.01952317322039,75.72676829495505,74.15796627903947,74.30584716796875,16610300
2002-01-10,74.38302323710629,74.80736846315718,74.13227267050162,74.63377380371094,12823400
2002-01-11,74.71731751396094,74.76232387714195,73.74646035925534,73.90077209472656,13708400
2002-01-14,73.71431237110576,73.83646969108068,73.27067473634162,73.4378433227539,12301100
2002-01-15,73.65005032911266,74.19012689754332,73.23213113383031,74.03582000732422,20219900
2002-01-16,73.4892969383143,73.55359105346612,72.45414549679232,72.53772735595703,17067000
2002-01-17,73.1420890126637,73.45070266922217,72.91062631758204,73.08422088623047,17283400
2002-01-18,72.65346481379255,73.19997219637072,72.44128980121715,72.74990844726562,17028000
2002-01-22,73.1357146838717,73.25144612090331,72.02340671099402,72.24844360351562,11689300
2002-01-23,72.4155637017041,73.0070823035,72.02336322994523,72.80133819580078,12438900
2002-01-24,73.06495030669319,73.45715080406885,72.85920618555569,73.02637481689453,12142800
2002-01-25,72.73063378346583,73.41216041335959,72.67919651565141,73.0071029663086,12810700
2002-01-28,73.2320708453049,73.41852709909412,72.60197712886811,73.20635223388672,10589200
2002-01-29,73.19999885289737,73.38002441809756,70.75678704537825,70.9046630859375,27720800
2002-01-30,70.97537866544211,72.9042321591789,69.69590722142189,71.92694854736328,34711800
2002-01-31,72.10696436071335,72.84635908129373,71.76620107431104,72.76920318603516,19909200
2002-02-01,72.71133140378288,72.84635544006804,72.11981761901637,72.42843627929688,15838500
2002-02-04,72.15836153568148,72.15836153568148,70.36452843645912,70.62813568115234,24243400
2002-02-05,70.33888286976219,71.03969752853733,69.77951339595347,70.19100189208984,33614000
2002-02-06,70.49959283652174,70.55745608403451,69.47729798251207,69.88878631591797,29486000
2002-02-07,69.90166030746663,70.63462433608319,69.43873462511327,69.45159149169922,23445400
2002-02-08,69.8437628653475,71.20682070250031,69.6315927709865,70.782470703125,19277800
2002-02-11,70.75677288189759,71.77906281050636,70.60889196561111,71.65047454833984,18792400
2002-02-12,71.34184842667501,71.82406171760404,70.74390374970992,71.42543029785156,13942500
2002-02-13,71.67620826086832,72.35773502331843,71.59262145808034,72.18413543701172,16781100
2002-02-14,72.33842607777942,72.63418298059842,71.74690736681404,72.0490951538086,20453800
2002-02-15,72.10694878015453,72.16481201010004,71.18109785841541,71.29682922363281,18366800
2002-02-19,70.82106213961245,70.91107489800056,69.83091689201571,69.92736053466797,15988100
2002-02-20,70.11381777575052,71.10395812988281,69.32298578291993,71.10395812988281,29242800
2002-02-21,70.67964657413887,71.12971058548595,69.60591892897524,69.63163757324219,26288600
2002-02-22,69.66374140676254,70.68603607009966,69.35512766693292,70.49314880371094,26572900
2002-02-25,70.55746772523446,71.88837659621981,70.53174908698732,71.65691375732422,17458700
2002-02-26,71.75336820397321,72.03626836186336,71.0911291119389,71.50904846191406,22346500
2002-02-27,71.98481286702939,72.56346990481262,71.14254839862325,71.7854995727539,28597900
2002-02-28,71.90121139211436,72.49272513388848,71.38684863080748,71.46400451660156,23755400
2002-03-01,71.83052061198859,73.2000051263404,71.69550142651693,73.12928009033203,26273600
2002-03-04,73.23212660486321,74.57589196368396,73.07138884010509,74.42158508300781,27184600
2002-03-05,74.15151781736618,74.83947498528129,73.92005513420547,74.18366241455078,22718900
2002-03-06,74.00366680706229,75.32171845612339,73.98437905991081,75.06453704833984,20143200
2002-03-07,75.45670085807447,75.54671357118009,74.30581842013835,74.90376281738281,19330800
2002-03-08,75.46959972325848,75.80393704831637,74.89094764700727,75.2188491821289,19930100
2002-03-11,75.15452293667373,75.80390465546724,74.85876614032361,75.37955474853516,15621800
2002-03-12,74.64657662629388,75.38597092560569,74.54370706321966,75.33453369140625,17153600
2002-03-13,74.98739395434922,75.06454986145259,74.35087366306306,74.6080551147461,17175300
2002-03-14,74.60806254132599,74.85881313271173,74.34445017814534,74.50518798828125,11168100
2002-03-15,74.77663613520681,75.40853044546715,74.73150082733108,75.21509552001953,21220100
2002-03-18,75.50525035063056,75.80185450508615,74.86045742719327,75.22798919677734,17548900
2002-03-19,75.63421913079164,75.91792469909774,75.32471633337218,75.7309341430664,17912000
2002-03-20,75.1183869338473,75.16997155616991,74.2737096506813,74.30594635009766,17114500
2002-03-21,74.34462984898327,74.73150463899054,73.58377396357102,74.33818054199219,25846800
2002-03-22,74.47359088154722,74.75730137339286,73.95775451807881,74.17698669433594,15235400
2002-03-25,74.20919622859343,74.38329302827344,73.0550215197116,73.2549057006836,17499600
2002-03-26,73.19690145091911,74.16409098072153,73.1646647515539,73.68049621582031,19947600
2002-03-27,73.52572030322429,74.15761939547616,73.35162841623468,73.87390899658203,19020300
2002-03-28,74.13184219735291,74.64767357753524,73.82878874031377,73.84168243408203,17532900
2002-04-01,73.65468181153004,74.21564838467985,73.18398091512647,73.87390899658203,17711000
2002-04-02,73.49348944726242,74.1189343645038,73.35807862295212,73.46769714355469,15669500
2002-04-03,73.51283772724979,73.6417943356753,72.31997188148637,72.95186614990234,25658500
2002-04-04,72.60370653491351,73.11954301434481,72.36513622166608,72.64884185791016,23549000
2002-04-05,72.98412441929896,73.26783000646275,72.3328820835409,72.66172790527344,19404900
2002-04-08,71.77836529412156,72.88096086791222,71.72033627836558,72.81648254394531,16470100
2002-04-09,72.97766070763029,72.97766070763029,72.17166958164894,72.30707550048828,15122700
2002-04-10,72.28126422143116,73.20976732904556,72.2748149166899,73.12594604492188,17199300
2002-04-11,72.79065004633172,72.89381924322875,71.24959583317352,71.30762481689453,25453700
2002-04-12,71.58491629024024,71.991139026344,70.95302190867022,71.84283447265625,14950600
2002-04-15,71.97179627399015,72.12654521622616,71.05618647725836,71.29476165771484,17394900
2002-04-16,72.02337298127867,73.06793936655653,72.00402997922573,72.99056243896484,15040900
2002-04-17,73.11309192854046,73.29363321613906,72.60370477031233,72.83583068847656,12920100
2002-04-18,72.79712046180744,73.15820291690308,71.66873287025402,72.51985931396484,25204800
2002-04-19,72.99054370632156,73.01633600889933,72.5778767038347,72.78421020507812,10499200
2002-04-22,72.461826310309,72.49406792394143,71.46884462686029,71.57201385498047,13922900
2002-04-23,71.63001330408562,71.88148696403394,71.03680524527132,71.26248168945312,16967000
2002-04-24,71.28828353098434,72.09427445339283,70.54032651306593,70.5467758178711,18902700
2002-04-25,70.41782459318561,70.75956400704882,70.10187748292816,70.5854721069336,25451500
2002-04-26,70.79181240067663,70.93366762441345,69.17983016617552,69.24430847167969,19769800
2002-04-29,69.592516279119,69.80529917298425,68.75428331991812,68.902587890625,17724400
2002-04-30,69.00572711179274,70.0502932765987,68.7607076052042,69.54735565185547,19473500
2002-05-01,69.61828452133358,70.44361857891032,68.86387807052161,70.39848327636719,24575600
2002-05-02,70.34688983798954,70.86917532400747,69.49576358302441,70.1276626586914,15666800
2002-05-03,70.02450018010684,70.12766939395232,69.12178923647438,69.36681365966797,18185500
2002-05-06,69.40549338097381,69.63116986663626,67.9031250459692,68.00629425048828,23630400
2002-05-07,68.41253899694662,68.55439424960622,67.63878933437844,67.76774597167969,21910000
2002-05-08,69.0250558602784,70.51452532289905,68.85740839212819,70.28884887695312,27917400
2002-05-09,70.05674737600421,70.3469022041702,69.36681919137509,69.47643280029297,18085600
2002-05-10,69.61829511372372,69.6698797300156,68.09013406189031,68.16751098632812,18958900
2002-05-13,68.48986331442501,69.60535163632305,68.21260232978749,69.55377197265625,14677700
2002-05-14,70.68217900578229,71.16577354077685,70.28240575254402,71.06905364990234,34201200
2002-05-15,70.60482617051164,71.51398656743417,70.46942024489375,70.79181671142578,29535300
2002-05-16,70.7337439239143,71.2366862676358,70.49517381816865,71.15930938720703,28092000
2002-05-17,71.3527736882626,71.73319907938182,70.99168637468551,71.50752258300781,27823700
2002-05-20,71.33986372950265,71.37210533216118,70.59835114275731,70.73375701904297,13833800
2002-05-21,70.99816510369031,71.2367403098027,69.84398492176395,70.08900451660156,16877200
2002-05-22,69.77947703835207,70.35979153753112,69.63762183639956,70.24372863769531,15844200
2002-05-23,70.45004524471247,71.15931616504726,69.94710777246375,70.99166870117188,13879800
2002-05-24,70.9143104173285,71.05616069326683,70.0309425588242,70.08252716064453,11877000
2002-05-28,70.3146587900289,70.36623847675523,69.28298634544156,69.70210266113281,24236900
2002-05-29,69.39260517344448,69.65051836636539,69.07665314917237,69.18627166748047,14773300
2002-05-30,68.70268877668559,69.32168940021809,68.28357238759327,68.99284362792969,18217900
2002-05-31,69.25071402841776,69.99867075462208,68.89607619312072,69.13465118408203,19826300
2002-06-03,69.05085990499454,69.37970561667973,67.14227377099245,67.29702758789062,26056300
2002-06-04,67.15517808201226,67.83220764073562,66.76830334568758,67.46467590332031,25856200
2002-06-05,67.67101481792741,68.1352665062734,67.28414005076563,68.0965805053711,19695900
2002-06-06,68.0514519561797,68.090137960924,66.51039712171807,66.71028137207031,22998500
2002-06-07,65.62702106601387,67.00687748878957,65.58833506592579,66.63289642333984,24011600
2002-06-10,66.56841168420937,67.35505973918288,66.42655647175461,66.89080810546875,18759900
2002-06-11,67.14226389657611,67.40663127203003,65.59476531021043,65.7430648803711,19990700
2002-06-12,65.58185852976115,66.29112944670264,64.98220118047715,66.14282989501953,31266000
2002-06-13,65.85267474676259,66.41364615026998,65.3432879383915,65.47869873046875,21043900
2002-06-14,64.67914674611734,65.48513752869533,63.512073667145174,65.38197326660156,39267500
2002-06-17,65.71731638233587,67.27771461791698,65.67218105880687,67.1358642578125,17647200
2002-06-18,66.89082426158349,67.7226078196585,66.81989663822499,67.68392181396484,21628500
2002-06-19,66.73605561034005,67.33571311839651,65.92361529504899,66.10415649414062,21540700
2002-06-20,65.93647925056027,66.44586589134283,65.09824707319632,65.25944519042969,25691000
2002-06-21,65.00907292621197,65.30671514443772,63.850853570765956,64.23908233642578,31190700
2002-06-24,63.80557080682182,65.1514353569509,62.9255828268603,64.5755615234375,37169700
2002-06-25,64.89907919011925,65.28083609829088,63.11322084760567,63.12615966796875,33355000
2002-06-26,61.59910042382746,63.50789910086303,61.592633484226525,63.22966766357422,37913600
2002-06-27,63.73437959548633,64.37495725688946,62.485573787674376,64.33613586425781,31616400
2002-06-28,64.21316304254049,65.02844643985357,63.98022492902247,64.03199005126953,28184200
2002-07-01,64.17436423556566,64.57553666915891,62.692620412207745,62.783206939697266,20270200
2002-07-02,62.673237161298516,62.8932316996458,61.320900660324774,61.450313568115234,34213900
2002-07-03,61.22381289011277,62.01320897120845,60.641467472423415,61.799686431884766,30565800
2002-07-05,62.62144201618865,64.40082791943954,62.54379924528597,64.25847625732422,19013500
2002-07-08,64.04499062376551,64.51086232755043,63.126176166744216,63.456172943115234,19118600
2002-07-09,63.23615947904752,63.63085519274783,61.4761837800046,61.857940673828125,28620400
2002-07-10,62.11676335783788,62.16205663365577,59.554447461718695,59.6062126159668,50522500
2002-07-11,59.37329647796913,60.40210338479886,58.44154310076585,60.091522216796875,59476500
2002-07-12,60.389154356863166,60.75150063717934,59.21799095238783,59.4315185546875,39018600
2002-07-15,59.29562529641903,59.78738437754677,56.86918928220526,59.748558044433594,77317200
2002-07-16,58.95914132365656,59.77441998867347,58.15032959809572,58.5967903137207,53282400
2002-07-17,59.82623304264476,60.369757524595435,58.07272840952345,58.71330642700195,48880600
2002-07-18,58.68743428559436,58.94625527847214,56.778638719245414,56.81099319458008,32656700
2002-07-19,56.13801891769578,56.64918864163417,54.54627765742245,54.81156539916992,77572600
2002-07-22,54.416868481717515,55.58803157390583,52.70218611398266,53.18747329711914,78134000
2002-07-23,53.41393030088722,53.86039103298023,51.60218999416559,51.731597900390625,74484100
2002-07-24,50.55398333551006,55.07686358175352,50.26281299092809,54.81804275512695,107022800
2002-07-25,54.52688174611415,55.549221563753754,52.79926005132438,54.35218048095703,87176600
2002-07-26,54.77277104494036,55.60099406694229,54.22277965719833,55.38746643066406,41206800
2002-07-29,56.61687672786415,58.45449641437774,56.48746869855471,58.08567810058594,53492900
2002-07-30,57.794504900320455,59.14037006409443,57.40627589370094,58.84272766113281,47532200
2002-07-31,58.55151559800927,59.2373915153886,57.74917549439579,58.985042572021484,44669900
2002-08-01,58.803867761036216,59.10798187266723,57.15389418995693,57.445064544677734,66571900
2002-08-02,57.263906173480244,57.52919895582843,55.400404563315185,56.15745162963867,51772900
2002-08-05,55.96331418863113,56.24801757029808,54.060991868809694,54.203338623046875,47191300
2002-08-06,55.148032337948855,56.87565335829089,55.07038461897091,56.02801513671875,64730000
2002-08-07,56.856289134039365,57.26392888451582,55.497480092584354,57.00510787963867,43289400
2002-08-08,57.2121319570895,58.94622531017677,56.81096431185264,58.84916687011719,48339800
2002-08-09,58.29916230320039,59.48973601844968,57.81387515039362,59.06915283203125,41879200
2002-08-12,58.22798718839503,59.05620981636852,57.943288745401816,58.6356315612793,25841700
2002-08-13,58.33153107622075,59.308577499335925,57.360956532312244,57.56801223754883,49690500
2002-08-14,57.60034469150685,59.93619379658537,56.953295187309934,59.67090606689453,57423600
2002-08-15,60.07208277088625,60.81619080162998,59.657971419908236,60.49913787841797,45551500
2002-08-16,60.059160818769456,60.87444492974407,59.528580192776026,60.3179817199707,36517300
2002-08-19,60.47324190822972,61.95498576326213,60.2403037078214,61.728519439697266,33669900
2002-08-20,61.35323224017744,61.72852212791163,60.57677482939952,61.07500076293945,30508300
2002-08-21,61.50853222117616,61.974408714131116,60.54442971784229,61.95499801635742,39628900
2002-08-22,61.7867983775541,62.860903664718094,61.51503858318707,62.55678939819336,38399800
2002-08-23,62.12324565207596,62.2138322188998,60.919732765304786,61.21090316772461,33716400
2002-08-26,61.41148830824694,61.88383181638161,60.49914587784848,61.63795471191406,33830100
2002-08-27,61.92266079414382,62.278540141017395,60.499153279845466,60.92620849609375,35335700
2002-08-28,60.356807419339766,60.49268729139833,59.39917643437511,59.59328842163086,38970600
2002-08-29,59.05621333933274,60.207965745199026,58.758571123186364,59.61914825439453,42965700
2002-08-30,59.3215264754,60.427981052459245,59.1403533193807,59.38623046875,30366700
2002-09-03,58.706810691235944,58.88151190610763,57.037421586477414,57.12153625488281,76586400
2002-09-04,57.33507599188276,58.396237136047674,56.97919667181629,57.936832427978516,51099500
2002-09-05,57.257419562254405,57.86564778551644,56.61684181991053,57.445064544677734,67250900
2002-09-06,58.072685125139024,58.6032654491528,57.80739249483449,58.23444747924805,38622200
2002-09-09,57.65212487950799,59.10798664382181,57.45801293955782,58.66152572631836,33998400
2002-09-10,58.97210734227692,59.386218741861,58.596817343717206,59.33445358276367,41416600
2002-09-11,59.83270959420089,60.38917294545777,58.94624938659415,58.965660095214844,27711200
2002-09-12,58.71974841548259,58.777980507154794,57.58093979123835,57.87858200073242,43601700
2002-09-13,57.38685941431816,58.16978923099012,57.10215586767412,58.020965576171875,41131000
2002-09-16,57.78799058371533,58.16328048706055,57.23799948348653,58.16328048706055,28167600
2002-09-17,58.81034220292662,59.00445907226625,56.77860669998594,56.83037185668945,47609700
2002-09-18,56.29982413065519,57.26392728690999,55.82747543968745,56.2609977722168,54719400
2002-09-19,55.63978632331216,56.16389978650636,54.805091857910156,54.805091857910156,48510500
2002-09-20,55.19377467104349,55.375759949728184,54.62832112066277,54.82330322265625,46325600
2002-09-23,54.368338891832586,54.634815913283106,53.744387252760454,54.374839782714844,46893800
2002-09-24,53.58189889519474,54.368338083543534,53.19842567847199,53.49740219116211,69507000
2002-09-25,54.18635474725983,55.09628114068328,53.321919714780606,54.82330322265625,59294400
2002-09-26,55.25875733632604,55.87621292908991,54.888285964158094,55.7202262878418,53638000
2002-09-27,55.24575478360732,55.65522153392114,53.78336715698242,53.78336715698242,64648300
2002-09-30,53.29591276577069,53.81587487380526,52.58096858626778,53.159423828125,73096400
2002-10-01,53.57538218028625,55.746212941183515,52.951430734781795,55.71371841430664,67198100
2002-10-02,55.0442855954259,55.59024139881547,53.68588706012758,54.04336166381836,56749100
2002-10-03,54.03686207565214,54.98578882255382,53.2634197101478,53.49740219116211,55547000
2002-10-04,53.815876297907295,53.893867145068,51.72303594783933,52.51597595214844,68483700
2002-10-07,52.035011131918694,52.775953959044344,51.05358990573343,51.43055725097656,53188000
2002-10-08,51.872539451934315,52.84746504469325,50.826118919008145,52.236515045166016,79531000
2002-10-09,51.40453837714248,51.8010082372615,50.55310554248911,50.76108932495117,79956400
2002-10-10,50.657127941133304,52.691470593880716,50.09166939530024,52.40549087524414,76749000
2002-10-11,53.360886945182095,55.07025839250644,53.17890176266642,54.69978713989258,82308300
2002-10-14,54.07586187666196,55.14828084159552,53.971872409315175,55.00529098510742,40631900
2002-10-15,56.53914839549979,57.66356406309827,56.44815579335019,57.65056228637695,82320300
2002-10-16,56.812142776116545,57.065622928033186,55.84371352010075,56.2531852722168,62977800
2002-10-17,57.76107930297374,58.040558103018185,57.09812728485586,57.3711051940918,68534100
2002-10-18,56.96813819036316,57.91706492343897,56.5001732351528,57.61158752441406,47448700
2002-10-21,57.27361172669036,58.82049137210819,56.91613714370082,58.60600662231445,45859100
2002-10-22,57.87808688565016,58.50203869381528,57.533608997711596,58.18355941772461,40966800
2002-10-23,57.69608210402596,58.671007489052414,56.987638704428996,58.625511169433594,54905800
2002-10-24,58.98299992436227,59.08049347796634,57.26063033978403,57.42961883544922,54987400
2002-10-25,57.332111547075364,58.74900330499623,57.15662715961045,58.625511169433594,43672100
2002-10-28,59.2429742862255,59.33396693682545,57.74808652569329,58.24205017089844,39416100
2002-10-29,57.89758097076058,58.16405804770113,56.54568299189417,57.566104888916016,59508200
2002-10-30,57.63757935043778,58.4695147468778,57.34510376718894,58.12504196166992,41688600
2002-10-31,58.274528457471924,58.69049612556822,57.31910101525128,57.5335807800293,41620600
2002-11-01,57.42309079324672,59.02846834622326,57.2281087369542,58.67099380493164,51878900
2002-11-04,59.66544333681992,60.406386329476774,59.080487037688826,59.22997283935547,49080600
2002-11-05,59.04150842435343,59.84094982118324,59.04150842435343,59.697959899902344,37270800
2002-11-06,60.10743427641731,60.49090275409691,59.009016164539126,60.471405029296875,65013100
2002-11-07,59.80841657994725,59.938409598134285,58.63850916862359,58.98948287963867,51572000
2002-11-08,58.83998257001367,59.51593127837067,58.18353157152909,58.268028259277344,37905400
2002-11-11,58.17705042195421,58.20954496042231,57.06563604831301,57.3646125793457,33505100
2002-11-12,57.624567542001664,58.450001833831855,57.43608145296725,57.819549560546875,37724500
2002-11-13,57.40362010815976,58.326548501797376,56.83816146537879,57.87808609008789,63891500
2002-11-14,58.54103915588776,59.14549329671986,58.3330552019847,58.970008850097656,31896800
2002-11-15,58.49550262224957,59.50292715090061,58.463003137302685,59.405433654785156,39152100
2002-11-18,59.892937935409385,59.892937935409385,58.72302508378342,58.80752182006836,28934800
2002-11-19,58.508521773496206,59.210469262988205,58.33953827170253,58.72950744628906,32806600
2002-11-20,58.48252700917083,60.06840228336548,58.463024335895945,60.03590774536133,36688400
2002-11-21,60.18538799143775,61.2188113959287,60.074897646681784,61.153812408447266,55128200
2002-11-22,60.757361294066754,61.27081771021801,60.62086735600078,60.718360900878906,32513800
2002-11-25,60.724874301917765,61.26433439713908,60.295904599579266,60.75737380981445,33846400
2002-11-26,60.49089016866218,60.73786956262664,59.54846396872,59.60045623779297,42284700
2002-11-27,60.133388090342386,61.51778513854621,60.07489495470205,61.27730178833008,37764000
2002-11-29,61.615307061438635,61.71279566578162,60.945853906335664,61.08234786987305,19385700
2002-12-02,62.050706713013376,62.427678778076896,60.58831969804386,61.179771423339844,49911900
2002-12-03,60.60787260743485,60.7053661556535,60.022916276850765,60.36089324951172,34407700
2002-12-04,59.64593567543977,60.536369354059524,59.42495495797735,60.0879020690918,64040800
2002-12-05,60.2698714515844,60.31536775759084,59.210449676580026,59.42493438720703,36724900
2002-12-06,58.57354978442239,59.905945537530464,58.48255709723372,59.8149528503418,49824100
2002-12-09,59.19098470789542,59.444464975668836,58.157565917546584,58.170562744140625,36789600
2002-12-10,58.50851886460697,59.210466319199995,58.339535371214716,58.95048522949219,33319900
2002-12-11,58.76846288367696,59.54840566081923,58.59947949687796,59.002445220947266,39201000
2002-12-12,59.275481098743725,59.4639673307851,58.625530626350795,58.996002197265625,34465600
2002-12-13,58.43703911733948,58.80751062336336,58.02106632583856,58.06656265258789,36862200
2002-12-16,58.378522166515154,59.658924753039614,58.27453272124536,59.56793212890625,37098400
2002-12-17,59.385954344247175,59.626432755940264,58.97648252545865,59.047977447509766,32353900
2002-12-18,58.70352687572038,58.75552410396766,58.06007729202833,58.36555480957031,35612600
2002-12-19,58.073049238522756,58.95048101466623,57.585586589695666,57.949562072753906,39264200
2002-12-20,58.260485448696144,58.79606372137212,58.19517199751067,58.77647018432617,31176900
2002-12-23,58.51521015057757,59.08998046820431,58.332330497913354,58.79606246948242,22599300
2002-12-24,58.515185981156144,58.691537704167395,58.29311934695797,58.35843276977539,10937000
2002-12-26,58.58703273872956,59.18139635253357,58.02532832815899,58.384559631347656,17485600
2002-12-27,58.10368882471728,58.3192275376278,57.07172012329101,57.071720123291016,22205700
2002-12-30,57.33954365733533,57.783682019096425,56.96725157343969,57.54854965209961,29968000
2002-12-31,57.47015297782571,57.75753800148925,56.8953879135931,57.62691116333008,34036600
2003-01-02,58.03186484273543,59.632071223773345,57.82939172252339,59.48184585571289,44516300
2003-01-03,59.3773196014855,59.68429307588447,59.10952818687582,59.66469955444336,32222600
2003-01-06,59.59288060115944,61.06245517910725,59.54716070250265,60.71628952026367,40984500
2003-01-07,60.67711535204898,60.98409401529758,60.21991128523964,60.56608200073242,38640400
2003-01-08,60.21989067431207,60.35052249858866,59.468778862873606,59.69084548950195,38702200
2003-01-09,59.971716555882495,60.859993308125055,59.70392995225874,60.61832809448242,34804900
2003-01-10,60.05660291380921,61.16041812768066,59.958635277271625,60.781593322753906,37768900
2003-01-13,61.09509828669853,61.30410419449892,60.376640790078056,60.761993408203125,31649900
2003-01-14,60.53995384854422,61.284538039059406,60.35707422043118,60.95796585083008,30733000
2003-01-15,61.095101166022644,61.11469469219393,60.03047805159868,60.35051727294922,33511800
2003-01-16,60.41580232803496,60.69665436520788,59.72999933539892,60.102291107177734,44812100
2003-01-17,59.429610872707975,60.28523347289678,58.8809719380189,59.21407699584961,35618300
2003-01-21,59.351212878872936,59.383867097712645,58.09717227777672,58.29311752319336,36826200
2003-01-22,57.97959293812504,58.652335470038295,57.47667423116348,57.58770751953125,42286500
2003-01-23,57.9665484243808,58.37802748125381,57.44403106506393,57.94042205810547,55919800
2003-01-24,57.862015062365536,57.92080060391656,56.2814080379749,56.4185676574707,68633900
2003-01-27,55.99403579180677,56.69289965350245,55.19066650106463,55.647865295410156,57884400
2003-01-28,55.92874772052606,56.431671649984395,55.60217555239316,56.05937957763672,46929100
2003-01-29,55.79156209940184,56.94109699267558,55.36701748135989,56.4838981628418,53712200
2003-01-30,56.686371182141755,56.745151753185496,55.125357343017974,55.14495086669922,49845900
2003-01-31,54.96210667233584,56.307582649842054,54.96210667233584,56.20960998535156,55317000
2003-02-03,56.26181687298106,56.69942210346082,56.118124413279006,56.32060241699219,39696000
2003-02-04,55.7197296296416,56.00711466976775,55.060057581126195,55.76544952392578,43633400
2003-02-05,56.00709632612052,56.52308066867053,55.17760566347248,55.41926574707031,55270600
2003-02-06,55.10575703172561,55.4453896942514,54.63549258892613,55.15800476074219,53638000
2003-02-07,55.458482901718114,55.5107306566783,54.19138141089541,54.485294342041016,43165000
2003-02-10,54.51140853599662,54.94901390750857,53.982363384858125,54.87063980102539,45455900
2003-02-11,55.10574757568465,55.438847346264254,54.09990546409587,54.491790771484375,46861000
2003-02-12,54.315463084193574,54.6159087574881,53.61659414769663,53.62312698364258,35873600
2003-02-13,53.65581491267223,53.98891996097864,52.90469783566997,53.786441802978516,57934100
2003-02-14,53.799482370871985,54.994732310269356,53.4402511155568,54.96207809448242,59580900
2003-02-18,55.21027623090279,56.039772122415435,55.1188364451904,55.928733825683594,39492700
2003-02-19,55.72625881333513,55.82423143269075,55.046988297722386,55.63481903076172,31432000
2003-02-20,55.65440055563882,55.79156019991921,54.89675609441,55.07963562011719,29280100
2003-02-21,55.11230171626133,56.000578161055344,54.511410292751975,55.63481903076172,60955800
2003-02-24,55.47154506289332,55.51726496412819,54.596329118131514,54.73349380493164,30628600
2003-02-25,54.178318475559,55.18416131008199,53.701525920194754,55.17110061645508,56770600
2003-02-26,54.87718478525989,55.21028979108003,54.263232499411885,54.367733001708984,37787200
2003-02-27,54.66812809129295,55.35393099956833,54.31543486296462,55.08613967895508,51126000
2003-02-28,55.171082653507824,55.6674735623378,54.96860957809168,55.451934814453125,43666800
2003-03-03,55.68708376279072,56.02671660226146,54.681240954568416,54.92290115356445,42923100
2003-03-04,54.83145090947251,54.870642948056165,53.982366480943014,54.04767990112305,31440500
2003-03-05,53.95623651054338,54.56366074550524,53.792950479457865,54.50487518310547,43974700
2003-03-06,54.126058995195805,54.55059871791328,53.86480033138114,54.04767990112305,41217700
2003-03-07,53.30310675444059,54.85758839548254,53.18554058104444,54.41998291015625,63538000
2003-03-10,53.949682254974725,54.11950105514871,52.96996645742763,53.1136589050293,41014100
2003-03-11,53.21816709001062,53.557799724974146,52.565023190925565,52.59114456176758,48102700
2003-03-12,52.49970578266109,52.96997019596901,51.846561871531776,52.943843841552734,62459800
2003-03-13,53.67540328900116,54.80534521562449,53.25085846166536,54.77268600463867,72117800
2003-03-14,54.99474028094563,55.367032279915,54.43956870116251,54.94902038574219,63951800
2003-03-17,54.51140570131691,56.79087720306133,54.35465251340771,56.67984390258789,88217500
2003-03-18,56.921522544698256,57.05214940182869,56.35328525168096,57.012962341308594,50792300
2003-03-19,57.0063929996848,57.581162762435426,56.61450769614065,57.450531005859375,49630800
2003-03-20,57.03907188161083,57.862029808313785,56.39898851108149,57.574649810791016,67321600
2003-03-21,58.23308810036025,58.94132453427678,57.662559442160344,58.803611755371094,71165300
2003-03-24,57.72154182026497,57.800236932961575,56.62639443529701,56.849361419677734,65398900
2003-03-25,56.88217082171167,57.87895598202084,56.68544046338955,57.3936767578125,61040100
2003-03-26,57.41988826164602,57.6100643766489,56.92150086010707,57.10511779785156,45740800
2003-03-27,56.659171712166625,57.485452685934845,56.39030056073367,57.151004791259766,53120200
2003-03-28,56.705098730577966,57.236277068535344,56.56082683553107,56.862483978271484,32583000
2003-03-31,55.97060801440126,56.78377070464762,55.34762139746461,55.57058334350586,61119500
2003-04-01,55.90501954788478,56.65260533278651,55.682057648577036,56.4230842590332,53574000
2003-04-02,57.40677999945939,58.213383762226606,57.38054829128667,57.787132263183594,50431200
2003-04-03,58.278955621907826,58.35764572985524,57.47890616986969,57.51169204711914,48755500
2003-04-04,57.99041961964315,58.09534144529725,57.4592413074003,57.85270690917969,36250100
2003-04-07,59.24294483910816,59.57739280954556,57.688755159142396,57.74121856689453,69776200
2003-04-08,57.90515136230463,58.1346724712527,57.51824006163365,57.83301544189453,39712700
2003-04-09,57.9445159867321,58.42979006721143,56.90182687780368,57.072330474853516,55647300
2003-04-10,57.111658431134394,57.46577887133333,56.20668730830498,57.387088775634766,41812400
2003-04-11,57.81334140533027,58.1674568194747,56.96082873362824,57.151004791259766,47730100
2003-04-14,57.36086150903215,58.364200332211034,57.05264526856585,58.3314094543457,36711700
2003-04-15,58.259254367286296,58.875686645507805,57.98382909525774,58.87568664550781,49709800
2003-04-16,58.96097652175894,59.05933917606666,57.728111220441924,57.87238311767578,51788000
2003-04-17,57.90515778455305,58.836360674527555,57.833021856142366,58.7314338684082,37403100
2003-04-21,58.92817901233489,59.1249143052144,58.403554900113726,58.79046630859375,32052700
2003-04-22,58.42978689984749,60.04299929873777,58.292074195413896,59.89872741699219,59763600
2003-04-23,60.0823321143664,60.56104685382549,59.83313347990038,60.44956588745117,44227100
2003-04-24,60.02332333818955,60.38400302193185,59.64953030375938,59.911842346191406,49692400
2003-04-25,59.87250405955382,59.983985064154936,59.03310442823962,59.17082214355469,43917200
2003-04-28,59.30854106861133,60.45615212642077,59.216732584241555,60.19384002685547,46432900
2003-04-29,60.42335905463636,60.85617475375921,59.93808494004554,60.4036865234375,52017100
2003-04-30,60.272529602050774,60.705340273730044,59.94464075861415,60.27252960205078,48709100
2003-05-01,60.27907785910464,60.81026113549334,59.347874835924436,60.26596450805664,50240400
2003-05-02,60.0429964588502,61.295534097320896,59.99709222621016,61.125030517578125,50201500
2003-05-05,61.295539932095636,61.498829409826236,60.659434788399324,61.006996154785156,35437800
2003-05-06,61.01357785768728,61.892317862915085,60.98734614068502,61.5841064453125,44401000
2003-05-07,61.26276793370581,61.73492880461646,60.96766989098072,61.24309539794922,41413100
2003-05-08,60.672563642048594,61.20374709537497,60.515178361116426,60.62665939331055,40570700
2003-05-09,60.875859567446355,61.51196488821584,60.731587638630025,61.466060638427734,33608100
2003-05-12,61.31525052325442,62.37761281475215,61.17097854504229,62.22022247314453,35662300
2003-05-13,61.990667237933344,62.416923757717974,61.81360945445907,62.108707427978516,39253600
2003-05-14,62.35790160016872,62.45626925976347,61.58408868609705,61.97755432128906,32195100
2003-05-15,62.22674175565105,62.515285527063796,61.80704445351604,62.37101364135742,43879200
2003-05-16,62.22677073705541,62.59400479666196,61.81363241999804,62.21365737915039,38905000
2003-05-19,61.74149467878072,61.9185525229762,60.54797901598506,60.75782775878906,41606000
2003-05-20,60.869297274226014,61.00701001654564,60.062688351282205,60.633216857910156,55404600
2003-05-21,60.403707067209425,60.90865388473546,60.27255347915268,60.75782775878906,49333800
2003-05-22,60.95453434728257,61.675893809578184,60.77747657220156,61.36111831665039,38421800
2003-05-23,61.33490572964442,61.630008784359376,61.079152750804425,61.48573684692383,26155900
2003-05-27,61.18403704962421,62.84970734159982,61.033206037278404,62.5611686706543,43719200
2003-05-28,62.8562909173719,63.26287488846348,62.5808654868841,62.738250732421875,37727100
2003-05-29,62.87598279294395,63.492415615474904,62.3513634786776,62.57432556152344,50844200
2003-05-30,62.889077009712274,63.669449003278594,62.6661100092745,63.577640533447266,52529500
2003-06-02,63.957983090221376,64.5612972301671,63.39401400191128,63.839942932128906,50305500
2003-06-03,63.70882156804916,64.1613048997105,63.512086204239445,64.10228729248047,38254500
2003-06-04,64.04324999368474,65.15151085970076,63.98422740141442,65.02691650390625,49360700
2003-06-05,64.64658447160483,65.3482666015625,64.44328992707575,65.3482666015625,46262400
2003-06-06,65.8400618390234,66.4958393374137,65.00722161428398,65.09247589111328,60356800
2003-06-09,64.77115506321043,64.98756288437934,64.11537742562197,64.4301528930664,37808500
2003-06-10,64.56790278511595,65.092527198624,64.39084492239078,65.08596801757812,29965900
2003-06-11,65.0269345193938,65.83353847945779,64.73183148265812,65.77452087402344,37610200
2003-06-12,66.069576384715,66.1679440003168,65.32854968645975,65.97776794433594,36442000
2003-06-13,65.97782981600108,66.06963834247492,64.88923585468346,65.28926086425781,48628300
2003-06-16,65.55154893364356,66.69260091599638,65.44662708626707,66.66637420654297,36326300
2003-06-17,66.93524050553518,67.00737646450109,66.38438954963644,66.66637420654297,36801800
2003-06-18,66.4237133956289,66.9811233524007,66.23353729213055,66.60733032226562,35521000
2003-06-19,66.65325849626232,66.71228110284606,65.47285639646564,65.59089660644531,43551700
2003-06-20,66.0713586846745,66.1437552363854,65.4329554675483,65.44612121582031,41545000
2003-06-23,65.45267039589349,65.59088558589322,64.44570700845813,64.7747802734375,34237500
2003-06-24,64.64315049201888,65.21573473747517,64.51151817832941,64.84059143066406,36213600
2003-06-25,64.84718777915022,65.44610363307916,64.18904113769531,64.18904113769531,47743400
2003-06-26,64.35355962950955,65.14333838903823,63.81387973673149,65.02487182617188,33477300
2003-06-27,64.99195909813467,65.2815451302861,64.22192899037785,64.27458190917969,54208800
2003-06-30,64.64313838280843,64.93930224592728,64.14952859677142,64.25482940673828,33349000
2003-07-01,64.00475638900822,65.05778993717178,63.46507638174565,64.84718322753906,51322800
2003-07-02,65.00516035823551,65.67647293848215,64.87353300039908,65.6633071899414,34662100
2003-07-03,65.20255631396431,65.71590964482724,64.4325263176699,64.98536682128906,30792800
2003-07-07,65.58428654590459,66.40696950553395,65.58428654590459,66.27533721923828,31391100
2003-07-08,66.14374446604911,66.66368097037335,65.92655484628186,66.57154083251953,30952500
2003-07-09,66.42014803003913,66.73606058058311,65.83439800745062,66.19638061523438,36528500
2003-07-10,65.70931451391372,65.8409467673012,64.91295821063342,65.35391998291016,49777700
2003-07-11,65.41319446060511,66.11082829553682,65.41319446060511,65.97261810302734,39976300
2003-07-14,66.60442197980252,67.06512753002654,66.1108121182291,66.29509735107422,42114900
2003-07-15,66.72289094808069,66.77554387364515,65.78174124396834,66.15030670166016,42573600
2003-07-16,66.34775875354362,66.38725096496137,65.30789091639963,65.76200866699219,39894200
2003-07-17,65.25521927774378,65.73566335781717,64.60365572060236,64.82742309570312,52253500
2003-07-18,65.16967677875977,65.68303536554113,64.8011162745416,65.49217224121094,35698100
2003-07-21,65.45268575005906,65.47901221998433,64.39965205935191,64.68265533447266,34786000
2003-07-22,64.95246414952896,65.4263303195405,64.4456886538885,65.26837158203125,49968300
2003-07-23,65.29474004300276,65.45269386086707,64.68266334985954,65.31448364257812,37275400
2003-07-24,65.80805854951683,66.03840879023373,64.74186457212465,64.82083892822266,40896200
2003-07-25,64.93275151548482,66.00552875751283,64.52469878095822,65.9660415649414,43241100
2003-07-28,66.05814441452807,66.4596140499658,65.59743900240302,65.72248840332031,34382800
2003-07-29,65.9068117095713,65.98579112311053,64.94591810718497,65.41978454589844,53472100
2003-07-30,65.55139901575248,65.6501220079864,65.1104420078689,65.2618179321289,28363300
2003-07-31,65.8014865200057,66.41356294018898,65.2683844629047,65.41317749023438,54937200
2003-08-01,65.28155472565777,65.50532213156787,64.6563125208171,64.83401489257812,49321000
2003-08-04,64.70238257622562,65.15650528043774,63.840212244469306,64.83401489257812,55214100
2003-08-05,64.76818812638203,64.9985383567677,63.40582028969013,63.458473205566406,61415600
2003-08-06,63.636208989127525,64.53786679645108,63.45850655995763,63.82707214355469,50096900
2003-08-07,63.952089292595964,64.54442210139574,63.68225185935652,64.49835205078125,43427400
2003-08-08,64.70898180439792,64.86035775115303,64.3404212679656,64.68265533447266,27357300
2003-08-11,64.66949354814076,65.18284715010142,64.39306812909525,64.9261703491211,34631400
2003-08-12,64.96564035240533,65.54480746421669,64.77477726503062,65.51848602294922,43285600
2003-08-13,65.69619966278493,65.71594325926212,64.84718986544215,65.18284606933594,36152000
2003-08-14,65.22231687669547,65.65011310418261,64.79452064920835,65.36052703857422,35525100
2003-08-15,65.39344043065601,65.67644364290385,65.23548666745664,65.56455993652344,12567000
2003-08-18,65.76858683657832,66.20954383267619,65.64353738167362,66.13056945800781,22873800
2003-08-19,66.26880015266495,66.43333684584665,65.81467727267982,66.38068389892578,37437700
2003-08-20,66.00550850453816,66.40039537286779,65.91995127313207,66.11080932617188,21295300
2003-08-21,66.50571164556442,66.81503630973907,66.07791537892663,66.32142639160156,46494200
2003-08-22,66.96644012607427,67.01251020344321,65.63698573538359,65.6633071899414,52040300
2003-08-25,65.6237540971081,66.36087961615979,65.3407510427742,65.76854705810547,23473000
2003-08-26,65.48559221126541,66.07134233286132,65.0446351572569,65.8870620727539,45065800
2003-08-27,65.84756853333535,66.05159237003737,65.53165595984382,65.90679931640625,18919500
2003-08-28,66.07793189069227,66.47281891962596,65.59090472238275,66.31486511230469,27402400
2003-08-29,66.21614997558602,66.78873949946403,66.13059269920674,66.76241302490234,28706600
2003-09-02,66.89404088697799,67.71014151957216,66.50573668206826,67.6574935913086,49419100
2003-09-03,67.80884952081068,68.24980657754666,67.64431285594556,68.02603912353516,44912400
2003-09-04,67.85490822801601,68.15107718795437,67.63114081146051,68.0589370727539,28381000
2003-09-05,67.74959682821851,68.15106656239507,67.39419714445933,67.67720031738281,31637300
2003-09-08,67.81540475331545,68.36824531173174,67.74300824858115,68.23661804199219,32632800
2003-09-09,68.03260138606623,68.09183215726905,67.57847872180852,67.7890853881836,35053200
2003-09-10,67.47978823740233,67.65749067908556,66.83480720789657,67.10464477539062,45904900
2003-09-11,67.19674190239243,67.63112090729162,67.02562244398443,67.30204772949219,38396300
2003-09-12,67.07170647443387,67.55215056633507,66.70314105157857,67.4271011352539,42524800
2003-09-15,67.47315048466238,67.54554697294452,67.09800732777185,67.19014739990234,21312800
2003-09-16,67.28233281845836,68.21031696431226,67.24284060583497,68.17082977294922,37892600
2003-09-17,68.10501087526342,68.30903470996034,67.8220076426548,68.03919219970703,31885800
2003-09-18,68.05232095655533,68.90790803991314,67.90094511481308,68.84209442138672,30243600
2003-09-19,68.88836135170605,69.10638461934114,68.31357915225715,68.49195861816406,34331600
2003-09-22,67.95020537240288,68.02287979316486,67.40845380706247,67.75200653076172,36677400
2003-09-23,67.77845732114618,68.24093155921605,67.62650531647206,68.00969696044922,32489200
2003-09-24,68.1286135545491,68.19467985805942,66.7742316501762,66.8006591796875,41694700
2003-09-25,66.99885254765319,67.30936462915696,66.19943376768573,66.25228881835938,52673100
2003-09-26,66.35797400608772,66.50332282060255,65.96817445438583,66.03424072265625,42914700
2003-09-29,66.26550238256547,66.72136331445125,65.92855774901393,66.68172454833984,36771600
2003-09-30,66.38440152150253,66.56938908887298,65.57177180423011,66.03424072265625,70764500
2003-10-01,66.22584193643603,67.50754881770989,66.19941441882348,67.44148254394531,65797600
2003-10-02,67.34241864975863,67.75864094604873,67.14421467598062,67.68596649169922,44591500
2003-10-03,68.49196393901425,68.89497484424153,68.10216931556783,68.30697631835938,48806900
2003-10-06,68.36647677792685,68.70341653901484,68.1814840158814,68.6175308227539,20226500
2003-10-07,68.22110183989416,68.91480553114496,67.9898672761439,68.88177490234375,42602900
2003-10-08,68.92803771388739,68.96767649380601,68.32021956596425,68.71001434326172,30920800
2003-10-09,69.29135349307586,69.51598484036012,68.59765015704994,68.89495086669922,40066500
2003-10-10,68.88837444443244,69.10639775350441,68.65053679153189,69.08657836914062,22682800
2003-10-13,69.17908931602193,69.56228097703627,69.04695669386217,69.30461883544922,23825600
2003-10-14,69.23856006567563,69.65478240729567,68.94786221661826,69.549072265625,38484400
2003-10-15,69.93886987214071,69.95868926293488,69.13284770959913,69.36408233642578,39021700
2003-10-16,69.15926219216882,69.8529709822662,69.13944280511505,69.64155578613281,32772200
2003-10-17,69.6811887030435,69.786893771957,68.69678725134354,68.88177490234375,32790300
2003-10-20,69.00728743657686,69.39708709716797,68.67034786211481,69.39708709716797,27657000
2003-10-21,69.2517478275487,69.55565682098076,68.92141130766142,69.2781753540039,26729100
2003-10-22,68.72981050784598,68.83552060595595,68.1748476143734,68.40608215332031,33914500
2003-10-23,67.97665433568162,68.67696620335224,67.94361866472008,68.28056335449219,45830500
2003-10-24,67.9369980530829,68.43250274658203,67.50755964394344,68.43250274658203,51723600
2003-10-27,68.53824300477272,68.82894085394173,68.2277257641671,68.46556854248047,32460200
2003-10-28,68.69677538491206,69.46976152472675,68.59106529372308,69.39708709716797,34956200
2003-10-29,69.21869232951273,69.6547388303019,68.62409079648583,69.48957061767578,30955400
2003-10-30,69.8925802167624,70.01150152935966,69.23851551774433,69.63491821289062,39123100
2003-10-31,69.63491392795342,69.85954025985171,69.5159926226739,69.56884765625,25761600
2003-11-03,69.86618960215503,70.43436894684336,69.83976206978157,70.02474975585938,37589300
2003-11-04,70.024731817743,70.20971945643284,69.75385850124292,69.8727798461914,31421600
2003-11-05,69.69443213852378,70.01155757281637,69.30463727108813,69.92566680908203,33558800
2003-11-06,69.76706052991449,70.32202841322666,69.43672406429886,70.29560089111328,28392300
2003-11-07,70.45417407980266,70.50702913385452,69.74725411359907,69.773681640625,31723200
2003-11-10,69.85954580098743,69.9256120779311,69.37725744281815,69.48957061767578,25530800
2003-11-11,69.43013615327352,69.58870133215446,69.23854538306358,69.46977996826172,26558600
2003-11-12,69.52263496233842,70.34186822364047,69.47638804534239,70.24937438964844,28000000
2003-11-13,70.03796096580378,70.38811692343329,69.88600392580469,70.26919555664062,29714800
2003-11-14,70.29561005495141,70.658977190177,69.5622626024417,69.67457580566406,49158500
2003-11-17,69.31118298845769,69.46313490344728,68.73639586174075,69.32439422607422,44382100
2003-11-18,69.52924492435082,69.66798568902747,68.51180760951895,68.60430145263672,41155000
2003-11-19,68.7298030178286,69.37726469685596,68.65712859343162,69.1856689453125,29827000
2003-11-20,68.70996979118483,69.52920263503809,68.54480159457141,68.56462097167969,53578700
2003-11-21,68.86855137793302,68.92801456838029,68.45893734822154,68.8487319946289,30016000
2003-11-24,69.16589605203274,69.88602759893794,69.15928790704581,69.760498046875,28906400
2003-11-25,69.8529783562365,70.30883942820354,69.66798562962231,70.02474975585938,37580000
2003-11-26,70.30884087744458,70.3286602669991,69.62834828654469,70.27581024169922,33053600
2003-11-28,70.21633820783802,70.46739721873999,70.16348314864436,70.32865142822266,10507500
2003-12-01,70.59292743292167,71.14128737551003,70.55989679863744,71.08843231201172,38699000
2003-12-02,70.94307243825898,71.20073453230252,70.73826539954116,70.91004180908203,35352000
2003-12-03,71.12144256065302,71.40553212472304,70.73825104808706,70.79771423339844,39078600
2003-12-04,70.80434264637864,71.16771490725918,70.65239063949134,71.08843231201172,36089500
2003-12-05,70.771302952333,71.22056085348451,70.44096640856087,70.5929183959961,28824400
2003-12-08,70.52025878667922,71.11486569864853,70.48062000606016,71.06861877441406,32482900
2003-12-09,71.28662395025584,71.3064433355057,70.38810818833532,70.5202407836914,43596100
2003-12-10,70.5400562131885,70.67880198322783,70.00491267931017,70.51363372802734,36915400
2003-12-11,70.48063865604601,71.41879367621267,70.47403051068201,71.30648040771484,45304000
2003-12-12,71.33284673998422,71.48479866920444,70.94965528628624,71.44515991210938,34142200
2003-12-15,72.12568899061877,72.16533280851064,71.00915475730054,71.08843231201172,38693400
2003-12-16,71.1412260680894,71.682977400741,71.03551603219057,71.4583511352539,32894200
2003-12-17,71.39232380819949,71.68302154541016,71.2205524548796,71.68302154541016,23198800
2003-12-18,71.71607306581944,72.49566759114917,71.61036294145248,72.48905944824219,29353100
2003-12-19,72.5527656074815,72.59923103574661,72.07483259426797,72.28724670410156,41465100
2003-12-22,72.21425225431072,72.79175567626953,72.20761288688036,72.79175567626953,27611300
2003-12-23,72.67226234720529,72.98424167239519,72.60587881077704,72.83821105957031,24741200
2003-12-24,72.69878372360563,72.93775018922386,72.63904463937656,72.76516723632812,8055800
2003-12-26,72.82492244666733,73.07052833081417,72.77181765047038,72.81828308105469,8308400
2003-12-29,73.08378123257674,73.86041966497247,72.87136717249369,73.78740692138672,22483700
2003-12-30,73.74096079149044,73.8604440562666,73.58165145990633,73.80070495605469,19559500
2003-12-31,73.82726987370468,74.02640530586261,73.57502456954349,73.86709594726562,31501800
2004-01-02,74.17243216533623,74.4711428745448,73.50200303988571,73.83390045166016,38072300
2004-01-05,74.13926920144837,74.6902152324936,74.07288564635603,74.63711547851562,27959800
2004-01-06,74.45122633215806,74.82958916117921,74.34501673450535,74.7101058959961,20472800
2004-01-07,74.60390672175204,75.04864807926774,74.27200927924424,74.96235656738281,30170400
2004-01-08,75.17476348910026,75.28097309136483,74.85613974665914,75.26105499267578,36438400
2004-01-09,74.89594544924704,75.3406866129276,74.52421703189162,74.60387420654297,54084300
2004-01-12,74.7101049019458,75.17475922461308,74.58398227249941,75.15484619140625,31564100
2004-01-13,75.06853091829649,75.1614668240189,74.18568792526838,74.71672058105469,54239700
2004-01-14,74.84946126495139,75.44687726418384,74.78971713285334,75.34066772460938,30112800
2004-01-15,75.38716926252073,75.71242727074058,74.73001388058822,75.52656555175781,38408700
2004-01-16,75.69918707504846,75.8784095077829,75.4270286773783,75.82530975341797,31922700
2004-01-20,76.02442002244067,76.10407722411043,75.5531263073546,75.80536651611328,29863000
2004-01-21,75.75889687471226,76.53554062089958,75.4867436467356,76.40277862548828,30725000
2004-01-22,76.42933924817687,76.58864859545943,76.05761574973329,76.20365142822266,29888500
2004-01-23,76.336385824541,76.5819916716647,75.63939940648943,75.95802307128906,44245300
2004-01-26,75.93150638476247,76.95375124859527,75.92486701702842,76.91392517089844,30460600
2004-01-27,76.83424549991794,77.33209158307076,76.10407225749759,76.12398529052734,35322800
2004-01-28,76.32312744008843,76.52226283914906,74.96898545619622,75.2544174194336,52621300
2004-01-29,75.38054572592344,75.57304685082165,74.71675083911015,75.32744598388672,60117100
2004-01-30,75.35399332272853,75.48675533870303,75.0685613188247,75.32744598388672,30984400
2004-02-02,75.47345204620187,76.12397305191759,75.08845498603485,75.65267944335938,38832400
2004-02-03,75.50001315413856,75.76553206597909,75.30087776852217,75.52656555175781,25093500
2004-02-04,75.1348953218624,75.49334493213483,74.86937652932545,74.9092025756836,39332600
2004-02-05,75.12162601751716,75.36723181767539,74.86274655502487,75.12826538085938,37226800
2004-02-06,75.28758295487827,76.1372392397859,75.14154733134397,75.9712905883789,37216000
2004-02-09,76.11734375666936,76.25010574700663,75.86510357155667,75.99122619628906,24851300
2004-02-10,75.85845364906002,76.42931746718544,75.84517998404958,76.23681640625,27908100
2004-02-11,76.23681582125373,77.25906020716093,75.78543524909148,77.04664611816406,42965700
2004-02-12,76.98031277303544,77.17944824945967,76.72143310863589,76.76789855957031,27814700
2004-02-13,76.88071904000785,77.13295925890768,76.17045875570955,76.42269897460938,44739900
2004-02-17,76.90059255232633,77.28559458147613,76.84748777637114,77.11300659179688,23984300
2004-02-18,77.13297332985056,77.39849233017601,76.56874861938006,76.77452850341797,28618000
2004-02-19,77.21923254751218,77.25905860576378,76.37621050927719,76.48905944824219,51146200
2004-02-20,76.65503298331654,76.70813272343155,75.88502851159063,76.25675201416016,46728800
2004-02-23,76.48241810137168,76.50897049430161,75.7854317139264,76.06422424316406,36357000
2004-02-24,75.85183845800071,76.32977158031389,75.02873422754635,75.9314956665039,43953000
2004-02-25,75.97796373012264,76.37623965769151,75.88503284916834,76.2501220703125,31213600
2004-02-26,76.07750873482186,76.5288893201215,75.89828133505574,76.29656219482422,29683000
2004-02-27,76.46254228930674,76.82762647500046,76.09081367170761,76.34969329833984,39312000
2004-03-01,76.62186505418588,77.22591593380278,76.5023817391341,77.10643768310547,33130800
2004-03-02,76.96035899178126,77.64406672118074,76.4890653634025,76.65501403808594,38556400
2004-03-03,76.50233941605359,76.91389395451695,76.28328594891896,76.7944107055664,31346200
2004-03-04,76.81432319224602,77.06656335408756,76.68156121415709,76.99354553222656,21060000
2004-03-05,76.6151914031718,77.63079659449114,76.52226054019829,77.25243377685547,55905600
2004-03-08,77.22586447400425,77.41173122361849,76.27664301917484,76.30982971191406,39281600
2004-03-09,76.40277719283456,76.47579502285353,75.83191328415114,76.00450134277344,39746100
2004-03-10,76.15053906007346,76.18372576093633,74.71673988389564,74.73001861572266,67671800
2004-03-11,74.61052832746843,75.18802649877168,73.74759315663003,73.76087188720703,89134800
2004-03-12,74.16579405753045,74.81631011518894,74.06622382623715,74.73001861572266,54012200
2004-03-15,74.52423263670183,74.57733743092246,73.61483709134502,73.81397247314453,57677200
2004-03-16,74.19900333226188,74.38486511956695,73.57503441972013,74.20564270019531,59832600
2004-03-17,74.46449832995056,75.18139790497405,74.41139353231499,75.03536224365234,41607300
2004-03-18,74.80966907360379,75.18803189256144,74.29854932546363,75.0552749633789,60014300
2004-03-19,74.87875304256308,74.98532988653736,73.96616435839842,73.97948455810547,48636200
2004-03-22,73.63310834225966,73.65309118419749,72.67389127239359,73.0402603149414,62752100
2004-03-23,73.43990241679509,73.5398216677966,72.84705463151809,72.91366577148438,54080200
2004-03-24,72.99361564996464,73.36664216825154,72.50734458253622,72.9736328125,51584300
2004-03-25,73.32667580444621,74.13934506774096,73.13349990726098,73.93950653076172,49873600
2004-03-26,73.9128900999454,74.46577253170169,73.80631323188435,73.95951843261719,37409500
2004-03-29,74.35920354854441,75.09859943992623,74.3259004948897,74.9986801147461,44113600
2004-03-30,74.80544694330536,75.31835826533694,74.75215600327243,75.25174713134766,39059900
2004-03-31,75.26509747548364,75.53820984097969,74.85876278864198,75.33837127685547,48517600
2004-04-01,75.31840536455108,75.85130493391344,75.30508516226516,75.79135131835938,45103800
2004-04-02,76.47744389549636,76.49742673679413,75.87127568700427,76.36420440673828,50987700
2004-04-05,76.24430220993901,76.85713305902794,76.23098200978755,76.78385925292969,30251800
2004-04-06,76.49077859191775,76.72392023926261,76.35089360351083,76.53740692138672,28420900
2004-04-07,76.5707180301357,76.59070595810442,76.01117801758632,76.35755920410156,45890500
2004-04-08,76.87713941062135,76.87713941062135,75.76471185233622,76.18437194824219,46929700
2004-04-12,76.32425538259962,76.65731636253894,76.31759274001081,76.48412322998047,23085200
2004-04-13,76.77719562535059,76.8038411056535,75.28507922102114,75.4116439819336,56210300
2004-04-14,75.0119885296352,75.69809328231605,74.97202284139573,75.53156280517578,62322300
2004-04-15,75.5715077808516,75.79132917013398,74.84543753893189,75.24510955810547,61602500
2004-04-16,75.52486533801411,75.9711706733565,75.25842076313475,75.82462310791016,47059200
2004-04-19,75.63810987265279,75.93119992144099,75.45159155529095,75.82462310791016,28277600
2004-04-20,75.99117069983627,76.15103849735188,74.45908863715266,74.5523452758789,53299400
2004-04-21,74.73887805842554,75.23846950288589,74.5190616852643,75.05195617675781,50177300
2004-04-22,74.92540507350083,76.38420880306819,74.89875958354928,76.10443878173828,62071500
2004-04-23,76.21765427990984,76.31757356520833,75.79799938018326,76.17768859863281,29395700
2004-04-26,76.27096747405973,76.56406277447023,75.67145666963253,76.07112884521484,35515200
2004-04-27,76.09108225665821,76.68393014929556,75.9112265558641,76.13771057128906,43485500
2004-04-28,75.86459783466748,75.94453426593704,74.93868910474174,75.15184783935547,50165800
2004-04-29,75.08525680070733,75.48492889990476,74.04610832637272,74.4924087524414,69687600
2004-04-30,74.7188867733422,74.85877175213649,73.87291425907969,73.91287994384766,48681400
2004-05-03,74.18598460066437,74.79881541965356,74.1726593190613,74.70555877685547,33758000
2004-05-04,74.77214883542457,75.44493306753434,74.37913953485341,74.64558410644531,51185100
2004-05-05,74.87874421234172,75.24510810529995,74.71221378405924,75.12520599365234,34405000
2004-05-06,74.61898046211695,74.9986697797932,73.93953829231478,74.47909545898438,54997000
2004-05-07,74.08607245548355,74.7588569422997,73.24675750732422,73.24675750732422,60950000
2004-05-10,72.90037617394691,73.10687231914382,72.18096336331041,72.4940414428711,75279400
2004-05-11,72.91368139503685,73.30669584462805,72.82708740273623,73.10685729980469,48300600
2004-05-12,72.98698041867475,73.63311951056792,71.98113487102329,73.57316589355469,90830500
2004-05-13,73.11352610275307,73.81295090438022,73.02692702104751,73.26673126220703,57393700
2004-05-14,73.24007234959416,73.76630905550972,72.78710943071145,73.3000259399414,54123100
2004-05-17,72.53399657384163,72.94033124579762,72.21426098148304,72.67388153076172,55020400
2004-05-18,72.93367838179793,73.23343625718422,72.82710153076076,73.0402603149414,30193100
2004-05-19,73.60645665897025,74.05941967246353,72.70719327277051,72.78712463378906,54804100
2004-05-20,72.90705720659903,73.18683233332789,72.63394980554763,73.02030181884766,38082900
2004-05-21,73.25340197658997,73.63975377076827,72.92034113652699,73.14682006835938,47480400
2004-05-24,73.62642486281051,73.77963507781539,73.06022247902742,73.45323181152344,40961500
2004-05-25,73.20677158064082,74.59230585561059,73.00693304944336,74.50570678710938,48668000
2004-05-26,74.37915618156963,74.79881104964336,74.27923690380763,74.7655029296875,35977000
2004-05-27,74.9653287890581,75.29172696450321,74.64558817079218,75.18515014648438,45306900
2004-05-28,75.0919261827048,75.19184040489282,74.84545924305819,75.17852020263672,23367200
2004-06-01,74.91207516152252,75.1785249624767,74.51906564374823,75.07860565185547,41044700
2004-06-02,75.29174150174674,75.59149934214258,74.91205230292991,75.35835266113281,39774200
2004-06-03,75.14518919844147,75.39831870321294,74.6522605513105,74.66558074951172,38688300
2004-06-04,75.25843048095703,75.65810247698863,75.07857477937446,75.25843048095703,32739500
2004-06-07,75.55819473928068,76.47744097866087,75.55153209840016,76.40416717529297,31643800
2004-06-08,76.18434396333076,76.55070786495997,76.05111656828838,76.5107421875,32846500
2004-06-09,76.27760500665276,76.40416468662467,75.75136820056312,75.7979965209961,36737600
2004-06-10,75.96453961060425,76.17103576660156,75.89126579742329,76.17103576660156,21711000
2004-06-14,75.81796113249193,75.83794396757233,75.18514763845809,75.41828918457031,34633000
2004-06-15,75.87127103229086,76.23763495852104,75.61148394714564,75.95120239257812,37445000
2004-06-16,75.93785858154297,76.07108086200222,75.73802007874984,75.93785858154297,26633400
2004-06-17,75.83794330381232,75.98449086925866,75.49156230720645,75.82462310791016,28402400
2004-06-18,75.72705561321798,76.36218452304047,75.66688824421995,75.96773529052734,31799800
2004-06-21,76.0479661967939,76.30870167284449,75.6334611601874,75.68025970458984,25284000
2004-06-22,75.63344367944349,76.13485872529127,75.32590973006909,76.06131744384766,37334000
2004-06-23,75.95438666165906,76.77670486058334,75.82735982578458,76.71653747558594,35580000
2004-06-24,76.58949822392506,76.83686489035414,76.38893520578667,76.47584533691406,35272100
2004-06-25,76.48920414983715,76.84353666912043,76.00115787755954,76.10812377929688,32837900
2004-06-28,76.56274123091349,76.6229136956271,75.8206515709389,75.8473892211914,40824500
2004-06-29,75.90086280096457,76.32873654701154,75.82732152267612,76.1615982055664,28418100
2004-06-30,76.26186311356734,76.7432222323695,75.9810719944848,76.56939697265625,52230600
2004-07-01,76.38221185154201,76.48249586316334,75.26572910377773,75.50640869140625,57734700
2004-07-02,75.65351548516588,75.74042560275348,75.27912206178152,75.46631622314453,34615100
2004-07-06,75.12536657639255,75.17884698554818,74.63063326159617,74.80445861816406,38698200
2004-07-07,74.75093041709354,75.25903226883032,74.71081885797034,75.02503967285156,29839800
2004-07-08,74.7509625961717,75.09192629746642,74.34314456733992,74.50360107421875,45291100
2004-07-09,74.69079228535946,74.83787486053417,74.46348145991,74.69747924804688,27412900
2004-07-12,74.55706307747099,74.90471365592745,74.20941759967151,74.73088836669922,35691300
2004-07-13,74.82447435352736,74.8913286546771,74.61053752945443,74.78436279296875,26752000
2004-07-14,74.38325528295437,75.13871881482729,74.28965821177215,74.55707550048828,54089400
2004-07-15,74.70414310532063,74.81780104098121,74.00884707248967,74.0757064819336,38403500
2004-07-16,74.59048967946265,74.6573439877202,73.83502630490459,74.01553344726562,40871200
2004-07-19,74.04225746203451,74.18265300405994,73.53415566661715,73.7012939453125,39592800
2004-07-20,73.89518882054745,74.81110859582488,73.7079947294032,74.63728332519531,46679800
2004-07-21,74.75765209944782,74.91810351112069,73.1731784696208,73.26009368896484,56241100
2004-07-22,73.11299445736077,73.80160358886705,72.71854533017361,73.46063995361328,72477100
2004-07-23,73.28679806397098,73.34696539909443,72.66504343108329,72.84555053710938,49610500
2004-07-26,72.99935007560356,73.15980146934824,72.34416547510452,72.70518493652344,49679100
2004-07-27,72.90574608418135,73.61441101489216,72.85226059112387,73.38710021972656,51295100
2004-07-28,73.24001056495041,73.78822402582826,72.59819495648496,73.60771179199219,65862300
2004-07-29,73.90187262551785,74.12249640951282,73.54085327915959,73.92192840576172,52200500
2004-07-30,73.75483999580814,74.14260234501998,73.60775737364781,74.10248565673828,41581700
2004-08-02,73.66790043293172,74.4501066831077,73.574303365423,74.2562255859375,38263100
2004-08-03,74.16261835113079,74.24952844457178,73.64783455040703,73.68125915527344,40948800
2004-08-04,73.46734111896447,74.04229751676355,73.30020274985213,73.67459106445312,40763200
2004-08-05,73.73477248086895,73.79493985273758,72.3842914381281,72.47120666503906,50772000
2004-08-06,71.95640740863294,72.17703127564889,71.28117208326866,71.4349365234375,74729000
2004-08-09,71.54857847869786,71.85611751345999,71.44829955503343,71.53520965576172,37476300
2004-08-10,71.74245757555329,72.47787033307598,71.7090329688114,72.45780944824219,55870600
2004-08-11,71.98983733169482,72.42439810417585,71.60207509774816,72.31074523925781,52933200
2004-08-12,71.9898282830642,72.17033545167739,71.28784519262484,71.52184295654297,50015900
2004-08-13,71.60205899463912,71.76919732333839,71.26109537590862,71.6622314453125,41634700
2004-08-16,71.6288030845334,72.6316330755627,71.60206033936043,72.40432739257812,45731900
2004-08-17,72.70517806169813,73.059510527181,72.55809550606584,72.81214904785156,40701600
2004-08-18,72.55141130232036,73.65452541084024,72.53135551681851,73.56092834472656,43165400
2004-08-19,73.41386972121695,73.55426536616562,72.99268278637095,73.34701538085938,39881600
2004-08-20,73.2801198548938,73.96204190433531,73.21326555211034,73.86176300048828,44870900
2004-08-23,73.90858886173697,74.05566634200291,73.57431212351231,73.67459106445312,33745100
2004-08-24,73.96872998946763,74.02890243334708,73.44057231833209,73.77484893798828,30453100
2004-08-25,73.7614918032288,74.38992847929676,73.47401366075421,74.27627563476562,38551400
2004-08-26,74.1826785744862,74.41667122518477,74.10913729845848,74.27627563476562,26629500
2004-08-27,74.3431232144783,74.6306013309105,74.24284430230398,74.51026153564453,24902900
2004-08-30,74.35647538281073,74.43669848908011,73.84168664785751,73.89517211914062,26726500
2004-08-31,73.98211203391378,74.3163886902738,73.60771871034382,74.282958984375,44125300
2004-09-01,74.17601135092774,74.63731491409767,73.86179547961021,74.42337799072266,52778300
2004-09-02,74.36989035206142,75.34597785576054,74.36989035206142,75.26575469970703,42736600
2004-09-03,75.09857119857105,75.42616079048425,74.88463440988106,74.95817565917969,30480500
2004-09-07,75.23900499705418,75.63344907963524,75.09192242366532,75.45294189453125,37338800
2004-09-08,75.29249745194434,75.58665752523795,75.08524239726974,75.26575469970703,32963100
2004-09-09,75.25904277432973,75.4662926596046,74.89802338985764,75.1988754272461,34314800
2004-09-10,75.2255972077663,75.72701206369449,74.9314372940676,75.58661651611328,27900600
2004-09-13,75.75377140302231,76.04124952078215,75.55320847709065,75.83399963378906,44398100
2004-09-14,75.7470904859257,76.00782586334365,75.67354921530455,75.9877700805664,28048900
2004-09-15,75.74710324242027,75.78721481472991,75.33259829280892,75.41282653808594,38295000
2004-09-16,75.44622516734421,75.79387567650276,75.41280056881557,75.64010620117188,23911700
2004-09-17,75.82743011149837,76.10268044238863,75.65288636799116,75.96170043945312,33683000
2004-09-20,75.63948375982606,75.85431123930744,75.37766292926723,75.50521850585938,37149400
2004-09-21,75.693126513882,76.17648920557896,75.55214658245151,75.8341064453125,40920800
2004-09-22,75.52530226559156,75.53872673236388,74.83382698435078,74.88753509521484,49042100
2004-09-23,74.921133739958,74.98826634888142,74.4847640991211,74.4847640991211,44068700
2004-09-24,74.63242984454692,75.00838152749651,74.60557578705854,74.82711791992188,34981100
2004-09-27,74.58543044871085,74.65256302601934,74.23633797357435,74.3504638671875,39355100
2004-09-28,74.45790008379579,74.86070077770472,74.12223198522358,74.70629119873047,41662900
2004-09-29,74.65935039156075,75.0890054502381,74.51837030560965,75.08229064941406,33325700
2004-09-30,74.88753872033071,75.17621342783981,74.69285065043968,75.02851867675781,43536700
2004-10-01,75.36422140692383,76.29737854003906,75.33065254007913,76.29737854003906,62824300
2004-10-04,76.59947564095994,76.8277326607512,76.39807781138042,76.4249267578125,33082400
2004-10-05,76.43163346921958,76.63975119622387,76.22352086410456,76.46520233154297,36910600
2004-10-06,76.37793491256996,76.98885345458984,76.31751709908134,76.98885345458984,42297800
2004-10-07,76.78746723605525,76.80089683435094,76.10270625781517,76.16312408447266,39388800
2004-10-08,75.9617059231191,76.37793116510281,75.42463481630762,75.53205108642578,51872600
2004-10-11,75.71328769735766,75.87440693395114,75.61930104918744,75.8408432006836,20229100
2004-10-12,75.32394420255541,75.74688942475713,75.14940042128494,75.54548645019531,41754700
2004-10-13,75.86100213197594,75.90799546824407,74.73315693965151,74.88085174560547,54212600
2004-10-14,74.97483215615115,75.14266621764666,74.23636330994871,74.27664184570312,64082200
2004-10-15,74.5317619351322,75.01512494357272,74.22966261580189,74.69288635253906,63482200
2004-10-18,74.44445923845109,75.12251012920053,74.31690374127075,74.97481536865234,43535100
2004-10-19,75.20307472795346,75.34405982944966,74.24306380995826,74.34376525878906,55851900
2004-10-20,74.10211163929368,74.39750130088056,73.67917154175005,74.19609832763672,57118500
2004-10-21,74.37734409424108,74.73315148887544,73.98796783819667,74.679443359375,53218300
2004-10-22,74.64588526323278,74.68616380245868,73.75300674986902,73.84027862548828,48752400
2004-10-25,73.6791585790409,73.92755485275478,73.4106230359239,73.75300598144531,43990900
2004-10-26,73.93426510120393,74.921130284724,73.76643102569072,74.88085174560547,54337400
2004-10-27,74.77342928511828,75.92812844850522,74.59888554880283,75.78043365478516,73896000
2004-10-28,75.71328509640126,76.2369264387577,75.51859701134012,76.00867462158203,54413300
2004-10-29,75.94155913814086,76.29065173770107,75.79386434228837,75.9952621459961,48820200
2004-11-01,76.23694814108318,76.42492148447646,75.99526666475195,76.20338439941406,36720900
2004-11-02,76.31079694716337,76.91500064910593,76.00869765713686,76.23023986816406,56210000
2004-11-03,77.22383322053514,77.4453754845904,76.69347679532292,77.19026947021484,76960200
2004-11-04,77.0559868365238,78.32481215137523,76.98885422467943,78.24425506591797,55350300
2004-11-05,78.57990188237635,78.9759877698915,78.20395013886137,78.73430633544922,63287200
2004-11-08,78.53293684931036,78.70077095470377,78.35838794557192,78.62020874023438,33863800
2004-11-09,78.60005249398162,78.88201250090161,78.3852250903441,78.46578216552734,44658100
2004-11-10,78.5866018722523,78.91556024752671,78.3852041162942,78.52618408203125,45265400
2004-11-11,78.66720924860167,79.29826718135229,78.6135011007312,79.12371826171875,37863200
2004-11-12,79.19756641774784,79.88904218183598,79.00287822133326,79.74806213378906,55583700
2004-11-15,79.78911777071835,79.9709135002654,79.60732204117132,79.94398498535156,35297900
2004-11-16,79.69482638821297,79.728494726403,79.27063306718148,79.37162780761719,40028700
2004-11-17,79.70155115750624,80.22000959642214,79.49955142765683,79.84294891357422,54494000
2004-11-18,79.80930106018567,79.99110189111705,79.60730641556707,79.95069885253906,31854300
2004-11-19,79.92375329539826,79.93722268527296,78.8733669161228,79.06189727783203,54276500
2004-11-22,78.89355998057734,79.53322238818049,78.79929480675231,79.43895721435547,37560200
2004-11-23,79.40532869558845,79.62752748976494,79.02826781121811,79.56019592285156,41968800
2004-11-24,79.63425657726461,79.84972067234854,79.48612918576316,79.74872589111328,29724800
2004-11-26,79.79581439050564,80.11227822895385,79.65441663787128,79.68807983398438,15487700
2004-11-29,79.98440096454723,80.13253351538307,79.10234549538657,79.32453918457031,61460800
2004-11-30,79.45245370881509,79.614050481369,79.21005598144981,79.37838745117188,53685200
2004-12-01,79.56020391047046,80.46245829924592,79.51980085661067,80.2806625366211,49898300
2004-12-02,80.19310947534629,80.71157326803359,80.13251261330342,80.34797668457031,60163500
2004-12-03,80.3344729029431,80.89333436443555,80.18634045415557,80.29407501220703,49067900
2004-12-06,80.26717376708984,80.55670408736934,80.0180413538503,80.26717376708984,33030500
2004-12-07,80.45569011585536,80.54322574856192,79.47936986125369,79.51976776123047,52047200
2004-12-08,79.59386756683153,80.00459684668976,79.45920441874384,79.9843978881836,43895100
2004-12-09,79.54671531482252,80.43550522918099,79.2706543882687,80.26717376708984,60922800
2004-12-10,80.07191061419186,80.50283875672567,80.02477800913563,80.34797668457031,47828600
2004-12-13,80.63748867830083,81.06841672285938,80.36142267068838,81.0482177734375,38541000
2004-12-14,80.92031020182124,81.44550360353091,80.92031020182124,81.33103942871094,41500700
2004-12-15,81.27040274174489,81.54646872010201,81.00780615295331,81.3916015625,46699200
2004-12-16,81.28390081743458,81.63402801369872,80.826039014893,81.34449768066406,51641800
2004-12-17,80.81547640813977,81.16049621330058,80.61252752847834,80.80194854736328,70761900
2004-12-20,81.01166375527391,81.37697793144294,80.61928869627728,80.8222427368164,47187400
2004-12-21,80.91017746349952,81.50550649481646,80.81546696512366,81.44461822509766,33094200
2004-12-22,81.43784647185781,81.91140409458453,81.38372987722353,81.64080047607422,31500700
2004-12-23,81.76933018390606,82.0466951231908,81.62726445968693,81.70167541503906,25646100
2004-12-27,81.99258688878353,82.1008304077469,81.44461826770294,81.53256225585938,29944100
2004-12-28,81.61372039897725,82.08051140206452,81.58665952735865,81.97903442382812,23422900
2004-12-29,81.91136341128158,82.12784516630187,81.82341431118036,82.10078430175781,22650600
2004-12-30,82.12788821774969,82.24289308134837,81.88434547052022,81.94522857666016,21076900
2004-12-31,82.06025382255521,82.30379661495827,81.7220005176994,81.76935577392578,28648800
2005-01-03,82.2361532756863,82.37145771327026,81.11315483109051,81.38375854492188,55748000
2005-01-04,81.49198614993563,81.54610791780735,80.12544505985767,80.3892822265625,69167600
2005-01-05,80.32837287059068,80.67339259857586,79.8277595524692,79.83452606201172,65667300
2005-01-06,80.125435496653,80.60575451618139,80.00366411414332,80.24044036865234,47814700
2005-01-07,80.48397484619262,80.65986797200262,79.91570673255057,80.12542724609375,55847700
2005-01-10,80.05779846049963,80.81548780421952,80.05779846049963,80.5042953491211,56563300
2005-01-11,80.26070092199208,80.3283505145863,79.82097082813002,79.94950866699219,63099700
2005-01-12,80.09835879817267,80.39601810448734,79.50302986287487,80.21336364746094,72720500
2005-01-13,80.2607206122109,80.32160887341647,79.48950371250274,79.57068634033203,55537500
2005-01-14,79.80746546646638,80.1863074208304,79.66539973357987,79.99011993408203,42032500
2005-01-18,79.86160462244729,80.92371975708598,79.79394983471047,80.8222427368164,57391700
2005-01-19,80.79516519936867,80.85604830217895,79.96982650793213,79.97659301757812,54378900
2005-01-20,79.75335434549785,79.96306971800415,79.34745146008704,79.48951721191406,72049300
2005-01-21,79.68567605336267,79.82774175407347,78.91445930017066,79.00240325927734,63160400
2005-01-24,79.21214123246241,79.38126785239132,78.72506090258842,78.84683227539062,58441900
2005-01-25,79.09038315016325,79.46922516611546,78.96184525417858,79.07008361816406,68245000
2005-01-26,79.36773735175385,79.55715833395512,79.17831636955258,79.30685424804688,57195100
2005-01-27,79.27977098377362,79.65861284120068,79.13770528723846,79.44213104248047,55878800
2005-01-28,79.48271976682388,79.52331365250049,78.8873961106766,79.44213104248047,60738900
2005-01-31,79.79395658964971,79.99691064736986,79.63159644027523,79.93602752685547,52532700
2005-02-01,79.99690071495978,80.5584023984449,79.89542369869908,80.44339752197266,49841200
2005-02-02,80.54488489798672,80.903432618043,80.43664651143031,80.68695068359375,52468900
2005-02-03,80.54486061490461,80.61251539260894,80.21337388175988,80.47721099853516,48837100
2005-02-04,80.50428227756362,81.47168688449533,80.49075441707605,81.33638763427734,50024600
2005-02-07,81.3499284525838,81.53258298560574,81.1537408955831,81.22815704345703,45412000
2005-02-08,81.29577695286378,81.62050231224207,81.22812734171586,81.32283782958984,39263500
2005-02-09,81.46492729013818,81.5122825478686,80.6734157703572,80.71400451660156,55279400
2005-02-10,80.95075096922662,81.19428850274042,80.68014740147002,81.00486755371094,45858600
2005-02-11,80.97781377563628,81.88433503284524,80.81545368529072,81.70167541503906,53133000
2005-02-14,81.64756698590402,81.76257184633711,81.50550124748644,81.64080047607422,32432100
2005-02-15,81.72198535947886,82.148182586463,81.64080272329075,81.94522857666016,43852700
2005-02-16,81.80991528545671,82.16846283466909,81.63402218461016,81.99933624267578,55523000
2005-02-17,82.01289420803839,82.08054383314737,81.32962112336578,81.33638763427734,58124000
2005-02-18,81.34314121645636,81.50550649481646,81.11313148078213,81.44461822509766,47723300
2005-02-22,81.11310279353106,81.49871116092193,80.22011472371358,80.233642578125,80697600
2005-02-23,80.45691185110051,80.88987556375142,80.24719650441058,80.8086929321289,68292600
2005-02-24,80.66661045448687,81.3972385034353,80.49072253114757,81.3431167602539,68563600
2005-02-25,81.36342058777973,82.31053055828778,81.30253749061887,82.1481704711914,60899900
2005-02-28,81.95875798737758,82.06023498781015,81.20783541004512,81.60697174072266,69381300
2005-03-01,81.73552350587153,82.20907603990236,81.70846262373611,82.01289367675781,47294400
2005-03-02,81.69494026960629,82.48645177040693,81.62052412905213,81.97230529785156,64226500
2005-03-03,82.3037679719336,82.46612805658646,81.6543173106541,82.006103515625,61230800
2005-03-04,82.56762427766516,83.09529854669988,82.39173113420851,83.02764892578125,56168500
2005-03-07,82.98028569269205,83.37942203065165,82.80439256615549,83.06822967529297,43442400
2005-03-08,82.98705166523305,83.21030005043022,82.60820967435424,82.75704193115234,44362000
2005-03-09,82.51348145685145,82.72996328534056,81.83020858889081,81.83697509765625,73263600
2005-03-10,81.99259243873995,82.19554646986639,81.45139029129517,82.0196533203125,65149000
2005-03-11,82.06700297480621,82.34437312100343,81.28902461833805,81.44461822509766,57976500
2005-03-14,81.59342544739766,81.96550597780428,81.37017712915369,81.95197296142578,36336400
2005-03-15,82.14140187260462,82.16846274665464,81.23488581793181,81.27547454833984,62438500
2005-03-16,80.97783436552922,81.28903192970857,80.43663220632342,80.58546447753906,74874200
2005-03-17,80.71399060290103,81.0048886106238,80.49074737570434,80.74781799316406,62584200
2005-03-18,80.89521802958676,81.18046564334512,80.24322126316352,80.50809478759766,60232000
2005-03-21,80.62352643830023,80.67106769253205,79.97832296206731,80.20923614501953,61244300
2005-03-22,80.39258967243131,80.77291959471722,79.39421844482422,79.39421844482422,92472400
2005-03-23,79.42819031708153,79.95114925247219,79.29235965370113,79.46215057373047,70817300
2005-03-24,79.77454494465884,80.13450077446629,79.50287850542101,79.55721282958984,51932500
2005-03-28,79.74740740268845,80.1005754593547,79.67269897460938,79.67269897460938,46765500
2005-03-29,79.55726528062803,80.07343133732066,78.95280977515776,79.14297485351562,71160300
2005-03-30,79.31270470543032,80.27711553462257,79.30591162026536,80.26353454589844,62002100
2005-03-31,80.27035329067611,80.45372519590119,80.05302113037615,80.11414337158203,64575400
2005-04-01,80.56915973218833,80.81365899334182,79.40100292864015,79.75416564941406,95255300
2005-04-04,79.70661991554152,80.04620162779874,79.28553672696452,79.8899917602539,71581200
2005-04-05,79.99187282600326,80.39936987248927,79.91716442962678,80.27033233642578,46853900
2005-04-06,80.44692203655953,80.78650381836283,80.26355015429273,80.54879760742188,53268200
2005-04-07,80.41977282217336,80.99706090657433,80.35864539730797,80.98347473144531,46734600
2005-04-08,80.93594729188055,80.96311446516656,80.14132690429688,80.14132690429688,63772900
2005-04-11,80.33828184494087,80.42657126841985,80.02586713692874,80.20244598388672,44945000
2005-04-12,80.06660879321882,80.861229084734,79.50969476220718,80.61672973632812,86144800
2005-04-13,80.5216436841891,80.68464669701603,79.55043942126105,79.66590118408203,65949000
2005-04-14,79.73381003652936,79.80172536221832,78.62677001953125,78.62677001953125,96119800
2005-04-15,78.60641053283972,78.91882523429278,77.4925824036216,77.52654266357422,128677300
2005-04-18,77.50614852939405,78.07664344143214,77.3974798709448,77.76422882080078,100035200
2005-04-19,78.17174179868492,78.4637824005544,77.9883698773287,78.38228607177734,64930100
2005-04-20,78.36190062533028,78.53169153903002,77.11903507506977,77.28882598876953,107735900
2005-04-21,77.9612066967928,78.92561796846515,77.68274707493363,78.78978729248047,86952200
2005-04-22,78.60639284658525,79.1225586284016,77.60802153526419,78.49093627929688,88845800
2005-04-25,78.68791044184704,79.12257481600719,78.59282793385,79.00711822509766,52284100
2005-04-26,78.75582807286393,79.30594905395827,78.2057070917696,78.23966217041016,72626000
2005-04-27,78.00874052872346,78.8305279579333,77.72349302733313,78.54528045654297,84131900
2005-04-28,78.28715992596946,78.56561939678198,77.56045532226562,77.56045532226562,72481500
2005-04-29,78.15136580896709,78.69469883505579,77.40428678430094,78.61319732666016,103993800
2005-05-02,78.83055453754058,79.06147296053122,78.45701231576575,79.05467987060547,56026400
2005-05-03,78.83051958155983,79.36026636545421,78.57243927652611,79.19047546386719,86000300
2005-05-04,79.2244619627835,79.97154114094187,78.97316947980644,79.80175018310547,81055700
2005-05-05,79.91720569000458,80.14133099484746,79.28558312828932,79.77458190917969,96906700
2005-05-06,80.09376981635312,80.13451797742422,79.50289557278475,79.52326965332031,67415400
2005-05-09,79.60478318083791,80.19565751365386,79.49611967436624,80.01907348632812,43750500
2005-05-10,79.70664125554173,79.8017237459019,79.04785172832693,79.19047546386719,74613500
2005-05-11,79.41461349411153,79.73382126958819,78.68111543747683,79.62515258789062,91647400
2005-05-12,79.67949494591508,79.86286688772027,78.74903869628906,78.74903869628906,95086800
2005-05-13,78.98673537849679,79.20406754146356,77.96798989303866,78.59281921386719,85267000
2005-05-16,78.5792251115163,79.3534711878256,78.55206312779225,79.32630920410156,49207000
2005-05-17,79.06145116304559,79.9375678023705,78.89166023297972,79.85607147216797,61071800
2005-05-18,80.20246908467847,80.87484513194299,80.1481399062166,80.67788696289062,77944900
2005-05-19,80.83406368976334,81.09894230769271,80.61673150658659,81.01744079589844,61768100
2005-05-20,81.05139683611009,81.08535709516326,80.64389963551223,80.90198516845703,46345500
2005-05-23,80.96311184636265,81.52681901519459,80.94953085096317,81.35023498535156,51047900
2005-05-24,81.11931653210121,81.38418996888582,80.95631350822762,81.16006469726562,50654100
2005-05-25,81.0581693926294,81.41133734353782,80.70500662332768,81.09892272949219,47608800
2005-05-26,81.35700062446196,81.64224806608483,81.24154406689173,81.53358459472656,43256200
2005-05-27,81.54040606941818,81.66944885253906,81.36382720806284,81.66944885253906,24596100
2005-05-31,81.5539815748439,81.61510382309687,81.09215003325866,81.146484375,43377200
2005-06-01,81.17362036175555,82.12445031121544,81.12607912336287,81.83920288085938,69611000
2005-06-02,81.65586737305927,82.07015253117952,81.56757276129525,82.01582336425781,39704500
2005-06-03,81.87320619478989,82.10411942227144,81.31629203141833,81.6015396118164,60999400
2005-06-06,81.46568988972862,81.63548082754099,81.19402853451541,81.52681732177734,36046400
2005-06-07,81.76449748295815,82.34857853700689,81.50641720529269,81.5879135131836,66501300
2005-06-08,81.79171583541468,81.9003793744784,81.27554977543502,81.43855285644531,46881200
2005-06-09,81.32306815692421,81.89356841667313,81.11932213542042,81.82565307617188,56653300
2005-06-10,81.87998215893626,81.941109592453,81.22798556387153,81.63548278808594,36465300
2005-06-13,81.4588979521321,82.23314417571568,81.3706033526095,81.89356231689453,49383200
2005-06-14,81.80525776865102,82.31463049493554,81.75771652146209,82.0837173461914,33857100
2005-06-15,82.28748326593602,82.34181242846097,81.65586076481026,82.23993682861328,53195600
2005-06-16,82.21956684621163,82.61348308841414,82.12448433003978,82.45048522949219,46564500
2005-06-17,82.87873217963167,83.12421838948096,82.66052279337922,82.75598907470703,51529400
2005-06-20,82.56503195063304,83.08327583723926,82.4695656977045,82.78324127197266,41019400
2005-06-21,82.85143470552309,82.95372146788593,82.53093861129592,82.83097839355469,39879800
2005-06-22,82.97419514192434,83.15149188695062,82.55823270312534,82.89918518066406,46310100
2005-06-23,82.72872750093563,82.91966009878689,81.71269034664256,81.73314666748047,62185600
2005-06-24,81.74674389801439,81.83539484983497,81.03756229605293,81.1330337524414,58572500
2005-06-27,81.12621170566385,81.42625147069934,80.9761918231461,81.24895477294922,48183800
2005-06-28,81.41944899238182,81.99224663151627,81.39899267705869,81.93087768554688,41174200
2005-06-29,82.08089099691719,82.10134731059438,81.66492861041021,81.71266174316406,42316500
2005-06-30,81.97859075155205,82.04678018677508,81.11256879640614,81.2694091796875,62288800
2005-07-01,81.4534953993072,81.69216615084177,81.2898397660562,81.50804901123047,49737500
2005-07-05,81.31715155863107,82.27181936795778,81.2762389333454,82.16271209716797,51549000
2005-07-06,82.09451439665565,82.27181109259507,81.42625063910941,81.47398376464844,52363600
2005-07-07,80.66250505024178,81.79446411132812,80.64204874228838,81.79446411132812,103268800
2005-07-08,81.80812065074927,82.72869110107422,81.63764444874388,82.72869110107422,64491200
2005-07-11,82.73551164970817,83.26057606305388,82.72187064012886,83.15147399902344,49688300
2005-07-12,83.18554987749306,83.62196845345385,82.94688428165823,83.36966705322266,51871100
2005-07-13,83.37648844989796,83.54696463117507,83.18555595927083,83.485595703125,41182300
2005-07-14,83.86064510980601,84.1743206580318,83.52650804977665,83.81291198730469,63638800
2005-07-15,83.73109037688998,83.90156657558815,83.43787110702833,83.76518249511719,56075900
2005-07-18,83.53334756322998,83.62199332447102,83.22649244910828,83.43106079101562,56598400
2005-07-19,83.67651254570625,83.94927542524525,83.47194428794141,83.88790130615234,59165700
2005-07-20,83.59470841277451,84.3720846848379,83.39696059549652,84.17433166503906,69477000
2005-07-21,84.24936250996583,84.29027514403158,83.51290388164969,83.68338012695312,101110900
2005-07-22,83.79247109767428,84.2561666314587,83.62199487499649,84.2425308227539,52607100
2005-07-25,84.15386508759936,84.52208906297375,83.77199490171594,84.00384521484375,57301600
2005-07-26,84.03112776834317,84.23569607946712,83.8401900610987,84.10613250732422,42758800
2005-07-27,84.21524898333804,84.48119145866269,83.90839388181612,84.41300201416016,43181600
2005-07-28,84.52892288754141,84.99261838434873,84.31071354801568,84.94488525390625,47880700
2005-07-29,84.8358018033143,84.98581653011186,84.21526576885944,84.37892150878906,62358100
2005-08-01,84.44026319999107,84.58346256769212,84.18113607532423,84.31752014160156,40418200
2005-08-02,84.46748694562974,84.96527416787127,84.37883605761533,84.82207489013672,45147400
2005-08-03,84.72668403956617,85.06081598470631,84.63803827524941,85.04718017578125,36837200
2005-08-04,84.71305312805933,84.76760156943466,84.26299336969046,84.36528015136719,50855600
2005-08-05,84.18115076225426,84.54256469905427,83.64926581727615,83.79246520996094,53595500
2005-08-08,83.97655717726471,84.15385383978062,83.45148769279973,83.63560485839844,47616000
2005-08-09,83.91523649609,84.27664535184884,83.78567807012463,84.14026641845703,47170000
2005-08-10,84.43344369051788,84.89713911628192,83.75153895866019,84.09931182861328,72863700
2005-08-11,84.05838389430554,84.57663288487485,83.88109243116624,84.43343353271484,58570200
2005-08-12,84.26297982999034,84.34481028268725,83.70381807619724,83.91520690917969,54776900
2005-08-15,84.02429178332626,84.46753084621372,83.7583493860977,84.43343353271484,36208500
2005-08-16,84.17431634433964,84.22886476545986,83.25374085360232,83.3355712890625,71942100
2005-08-17,83.32193530930078,83.78563070422749,83.21282806224986,83.32875061035156,62275100
2005-08-18,83.22648655985189,83.57425427724212,83.08328196737241,83.32195281982422,53388600
2005-08-19,83.62201103383202,83.75157465291043,83.32879166606466,83.51290893554688,39842100
2005-08-22,83.58791890422148,84.03115820933807,83.11058226697192,83.51290893554688,69912000
2005-08-23,83.53331472170467,83.60832464500325,82.61274453874485,83.35601806640625,55168600
2005-08-24,83.15147551330185,83.69018094603729,82.57185225360412,82.6127700805664,79104600
2005-08-25,82.74913272294675,82.96734201467541,82.65366648297297,82.91278839111328,35631100
2005-08-26,82.83783530607889,82.84465061138314,82.29230913539581,82.34686279296875,61956800
2005-08-29,82.10813523600696,83.04234120671981,82.08767372792748,82.98097229003906,56179200
2005-08-30,82.68095743195028,82.71505475313671,82.09451888468489,82.5445785522461,74160200
2005-08-31,82.64005092350823,83.64245189132123,82.33319061768645,83.58789825439453,102945200
2005-09-01,83.54695319375662,83.97655644137598,82.605926674839,83.52649688720703,74578700
2005-09-02,83.77200904886647,83.79246536178407,83.21966779000704,83.37650299072266,47653400
2005-09-06,83.64246980152288,84.41984108536118,83.63564929481629,84.35164642333984,57251300
2005-09-07,84.30388955411865,84.64484195817522,84.18796698534442,84.49482727050781,41749700
2005-09-08,84.32431718360196,84.55616222798584,84.08564643465314,84.2152099609375,39068700
2005-09-09,84.44029798429601,85.06082883328851,84.41984166655769,84.96536254882812,43093900
2005-09-12,84.86305791486974,85.01307781677167,84.74031483172463,84.79486846923828,33017600
2005-09-13,84.64482401266655,84.84257698939635,84.22886175170383,84.32433319091797,58427500
2005-09-14,84.37889527004805,84.50163833745722,83.88792300041135,84.01748657226562,57694600
2005-09-15,84.27660467855942,84.3175225008476,83.806093943668,83.97657012939453,73156900
2005-09-16,84.43676343474533,84.7380751698209,84.14229601263379,84.57372283935547,75424100
2005-09-19,84.5531683816454,84.6079542261836,83.98477700005957,84.29293823242188,53355300
2005-09-20,84.36829698589172,84.64907061890308,83.45750681888937,83.58077239990234,84480300
2005-09-21,83.4027311342395,83.45751700463562,82.71107388832598,82.80010223388672,94469100
2005-09-22,82.82743091305746,83.31364863545895,82.47818299369563,83.0945053100586,84597200
2005-09-23,83.02604503317613,83.47117087374151,82.79321303253109,83.16300964355469,59368100
2005-09-26,83.5602229308094,83.7108814421416,82.91650732511842,83.2589111328125,70415400
2005-09-27,83.21783943932452,83.53969993308048,82.8754355480384,83.23838806152344,66150800
2005-09-28,83.49859282489649,83.62870794382546,82.99868096638059,83.32054138183594,58620500
2005-09-29,83.23836020701738,84.13545643009282,82.91649982096732,83.99849700927734,66607700
2005-09-30,83.97109488154916,84.25871276855469,83.36846095677595,84.25871276855469,47824200
2005-10-03,84.20392092419432,84.46414586658584,83.85466767216056,83.95738983154297,50994800
2005-10-04,84.08752255910892,84.2518749138071,82.97128809542193,83.01237487792969,60776300
2005-10-05,83.03293622704844,83.0740230184422,81.88245904600858,81.92354583740234,106052100
2005-10-06,82.02624080900206,82.35495070502996,80.92370032550555,81.6290512084961,140941800
2005-10-07,81.97145835522149,82.21114516783528,81.58111827637441,81.90982818603516,75661400
2005-10-10,81.95777893325543,81.97832232660112,81.01274626668015,81.21818542480469,52677000
2005-10-11,81.48525909769734,81.75918319687275,81.02643923576241,81.10176849365234,75629800
2005-10-12,81.0743601588998,81.58111625006768,80.40325172931708,80.46488189697266,100510400
2005-10-13,80.43748216921998,80.86206466761753,80.04029259568674,80.41693878173828,99052900
2005-10-14,80.88945706353847,81.36197064652602,80.50596134261201,81.26609802246094,88651000
2005-10-17,81.35512469886696,81.67697980195076,81.11543791885508,81.56741333007812,68109300
2005-10-18,81.45101499367634,81.46470884638184,80.67033477278278,80.68402862548828,74996900
2005-10-19,80.46486981620917,82.03992893226514,80.20464488406625,82.02622985839844,116563800
2005-10-20,81.82764829322112,82.0467864884688,80.32792339201573,80.581298828125,131966700
2005-10-21,81.00591116676914,81.34146550878631,80.4717619458977,80.8963394165039,96579500
2005-10-24,81.10863819617695,82.23856689608607,81.08809479794863,82.14954376220703,71308400
2005-10-25,81.98513793945312,82.34123546764526,81.45098903483216,81.98513793945312,76594500
2005-10-26,81.8413713191617,82.54672242825654,81.62223305978593,81.74549865722656,80855800
2005-10-27,81.62905782853035,81.7454790827179,80.75935453932706,80.87577056884766,66623100
2005-10-28,81.1017743590448,82.14267974158992,80.87578656903126,82.03996276855469,72322000
2005-10-31,82.37547897438458,83.06713587939669,82.26590728759766,82.26590728759766,77698900
2005-11-01,82.57407892633708,82.79321708901385,82.32754784024247,82.51244354248047,66365100
2005-11-02,82.29328558386784,83.37528228759766,82.26589266703947,83.37528228759766,74012300
2005-11-03,83.6492488566225,83.99850219332355,83.37532477341908,83.7314224243164,84897600
2005-11-04,83.82045916848615,83.86154595645694,83.23837369867283,83.62186431884766,59156000
2005-11-07,83.79990554128545,83.97110743648119,83.4438026734647,83.70403289794922,46765400
2005-11-08,83.49858853384747,83.83414278552428,83.40271589051123,83.70403289794922,42152800
2005-11-09,83.60129473645084,84.19707387406847,83.45063626152852,83.81358337402344,57666800
2005-11-10,83.77934958371765,84.58742266721828,83.3753156543007,84.46415710449219,79048100
2005-11-11,84.47104969084711,84.8066040841256,83.84102770458198,84.75182342529297,34867000
2005-11-14,84.77230659768729,84.92980937001867,84.49153306272117,84.70382690429688,45092200
2005-11-15,84.60800013336474,84.97779172297726,84.1354811110053,84.39570617675781,69592500
2005-11-16,84.48469046979754,84.60795601027485,84.21761600287432,84.56686401367188,51133000
2005-11-17,84.69699367662363,85.36125780221785,84.32719699150933,85.35440826416016,55717500
2005-11-18,85.64203560147676,85.7926941073431,85.14212898619368,85.68997192382812,72437200
2005-11-21,85.70365831004172,86.2241134646901,85.58724229080892,86.12139129638672,50021200
2005-11-22,85.98443432981101,86.64184895103222,85.88856169075794,86.49119567871094,66438800
2005-11-23,86.45693989625033,87.25131903996851,86.42954697150148,86.9910888671875,50854700
2005-11-25,86.95688385503685,87.12123623977101,86.8404625755432,87.05960083007812,15270000
2005-11-28,87.14176929299032,87.1554631464813,86.31315270309761,86.44326782226562,54498500
2005-11-29,86.73086970982493,86.95685743559183,86.34737396240234,86.34737396240234,51738900
2005-11-30,86.3953271838602,86.64185310705989,85.79954270573732,85.88172149658203,56007200
2005-12-01,86.29943764494371,86.9910946731831,86.27204994303311,86.75826263427734,65468200
2005-12-02,86.81305014104018,87.02534403266648,86.62815440282832,86.86783599853516,46699400
2005-12-05,86.76509590789077,86.785644518709,86.40899835702919,86.68292236328125,59273400
2005-12-06,87.00479806853448,87.47731170761688,86.71717493752767,86.8472900390625,57935200
2005-12-07,86.81306702866895,86.88155197619342,86.06662916759737,86.3405532836914,66816500
2005-12-08,86.43641748251062,86.84730100411126,85.92966131335874,86.28575897216797,62608600
2005-12-09,86.39537893901,86.81995655104947,86.162541504469,86.51179504394531,50744500
2005-12-12,86.77195399319513,86.87467615874259,86.25834839012421,86.59390258789062,48389900
2005-12-13,86.57337535399978,87.4499282441892,86.48435224706932,87.18285369873047,88630900
2005-12-14,87.10068354135737,87.71700622444679,87.06644107022238,87.52526092529297,64375000
2005-12-15,87.54578465360876,87.65535635689474,87.09381443922004,87.27186584472656,55900300
2005-12-16,87.62437417418796,87.67945046619133,86.99101257324219,86.99101257324219,46238300
2005-12-19,87.24572758692513,87.34210846191966,86.5297516209915,86.54351806640625,48733000
2005-12-20,86.6467585502567,87.14931506733966,86.3851541476904,86.62610626220703,46603200
2005-12-21,86.8946064170823,87.26636340144142,86.6054638467017,86.76380157470703,51806900
2005-12-22,86.956568096195,87.21817779541016,86.79823035943504,87.21817779541016,32247900
2005-12-23,87.28010860255058,87.33518486513212,87.03227067329513,87.26634216308594,27977300
2005-12-27,87.4040204807686,87.46598258423954,86.31628801859938,86.37825012207031,44499500
2005-12-28,86.56415144509587,86.73626086317238,86.39892787440397,86.57103729248047,30764300
2005-12-29,86.55036450878615,86.71558804035546,86.09599323151882,86.18549346923828,32788900
2005-12-30,85.91701661860826,86.09600661715261,85.61410238666829,85.71736907958984,44645600
2006-01-03,86.18552984261657,87.43160057956905,85.63477750179985,87.22506713867188,73256700
2006-01-04,87.33521588854937,87.76892979263052,87.22506332425765,87.63813018798828,51899600
2006-01-05,87.5348538001003,87.83776281370663,87.34897268148733,87.69319152832031,47307500
2006-01-06,88.13380053118549,88.519323976584,87.67942911136893,88.42294311523438,62885900
2006-01-09,88.40915859600969,88.84975825609021,88.38162571307163,88.65011596679688,43527400
2006-01-10,88.38849414690063,88.79466976888246,88.29899390639771,88.73959350585938,44960800
2006-01-11,88.82221594722499,89.11135845865074,88.62256317439456,89.02185821533203,49598900
2006-01-12,88.86353807956216,89.00122351629757,88.42293837917359,88.6707763671875,40509200
2006-01-13,88.5124395918067,88.73961478726355,88.25771050114577,88.5881576538086,44856700
2006-01-17,88.25769823679842,88.4091553492068,87.9892079929334,88.34719848632812,52066600
2006-01-18,87.83087781186579,88.73961005945513,87.54173525559986,87.99610137939453,75067600
2006-01-19,88.20950608385738,88.65010569287551,87.98920102698668,88.33341979980469,81530400
2006-01-20,88.31281648174479,88.33346877918736,86.72252655029297,86.72252655029297,114957800
2006-01-23,86.88771631953739,87.30766371175231,86.83264004624569,87.03228759765625,67017400
2006-01-24,87.17685904593904,87.53484957067144,87.03228776753798,87.12178802490234,53008800
2006-01-25,87.45909120840898,87.55547202783707,86.63296314599009,87.1974868774414,87747700
2006-01-26,87.60369190868448,87.89283446424045,87.26635892720252,87.6794204711914,71294000
2006-01-27,87.88598022388085,88.57441808775948,87.74140365038595,88.4917984008789,65771200
2006-01-30,88.42294311523438,88.67766171207425,88.36098624109377,88.42294311523438,33709600
2006-01-31,88.34033422042415,88.49178085610107,87.76892439376371,87.77581024169922,72937000
2006-02-01,87.99614037518259,88.41608270117483,87.9272976292346,88.3885498046875,63561000
2006-02-02,88.1888524982046,88.21638537754603,87.29388160112251,87.36272430419922,83626900
2006-02-03,87.1424429955737,88.38851351848616,86.83952873492032,86.92902374267578,86040400
2006-02-06,87.04606455215048,87.29390254457695,86.86018343164922,87.15621185302734,45511900
2006-02-07,87.00475974742612,87.1975267267376,86.33009370310687,86.38516998291016,71208100
2006-02-08,86.63986777720929,88.18885757357025,86.46775838343162,87.16996765136719,59422200
2006-02-09,87.37651296386855,87.84465081714472,86.99787537447759,87.0254135131836,62023300
2006-02-10,87.03917505709394,87.52107932641623,86.36450382768011,87.18374633789062,64508700
2006-02-13,87.15621310658345,87.28701795234623,86.70872754424606,87.0254135131836,52308700
2006-02-14,87.059821328613,88.14066818854434,86.88771192255793,87.94790649414062,90964400
2006-02-15,87.89973561411621,88.34034062375432,87.59682131135358,88.25772094726562,85471300
2006-02-16,88.35410086436501,88.95304886736868,88.24394830005092,88.91862487792969,61017900
2006-02-17,88.84289455366685,88.9186231270508,88.5193279678197,88.67766571044922,40342600
2006-02-21,88.88421030316707,89.08385265549674,88.31968622980762,88.45738220214844,46456300
2006-02-22,88.65007456095448,89.25589224515275,88.56745494128047,88.99429321289062,42326700
2006-02-23,88.99434549474937,89.24906408531237,88.31278838181971,88.86354064941406,43423200
2006-02-24,88.8841648939181,89.13888340410763,88.64320757015005,89.0906982421875,36777400
2006-02-27,89.08380699694897,89.52440657032464,89.00119785966679,89.1251220703125,35858600
2006-02-28,88.94614383200984,89.4349391941229,88.20952099610572,88.27835845947266,74394800
2006-03-01,88.53307439963444,89.14578340771916,88.46422644175924,89.06316375732422,48641600
2006-03-02,88.73959614782662,89.09758661577331,88.53995388005683,89.05628204345703,60642300
2006-03-03,88.58127738121577,89.5450964616877,88.56750568592636,88.64323425292969,73402500
2006-03-06,88.90487671840151,88.9324096144059,88.01679112986481,88.23709106445312,57478400
2006-03-07,88.02363667412709,88.161322100562,87.70695599143691,88.099365234375,61780800
2006-03-08,87.9134931872614,88.42294087274712,87.55550789023633,88.2852554321289,66692400
2006-03-09,88.31278650309224,88.58815737866841,87.69319152832031,87.69319152832031,56313600
2006-03-10,87.92036849204482,88.69830111774151,87.73449264426321,88.52619171142578,60490800
2006-03-13,88.69829447343092,88.91859953927997,88.484880506342,88.69141387939453,45479100
2006-03-14,88.60879511507117,89.65521255011198,88.5399471632847,89.62078857421875,69877300
2006-03-15,89.60016366113346,90.08895905680288,89.39364075212956,90.02011108398438,53398900
2006-03-16,90.19225246953323,90.50893855009501,90.07521927805352,90.20602416992188,65526400
2006-03-17,90.32278749711074,90.474846914163,90.11544333431094,90.28131866455078,47286800
2006-03-20,90.29515207827166,90.47485388203734,89.99795172437081,90.13618469238281,45538500
2006-03-21,90.10854351831529,90.53707948546995,89.4726633453609,89.56942749023438,87102700
2006-03-22,89.5140955198576,90.20527071340712,89.47262669568408,90.11542510986328,51605700
2006-03-23,90.03251273889192,90.12236892468594,89.61781378565169,89.92884063720703,46704200
2006-03-24,89.84588827091962,90.24677124274632,89.67309443202014,89.9979476928711,43209200
2006-03-27,89.87349273173427,90.04628649774108,89.67305660362398,89.86658477783203,32523000
2006-03-28,89.80441116501625,90.21912060747803,89.19618400830466,89.31368255615234,82079900
2006-03-29,89.44504016121483,90.19841906129402,89.36209191459386,89.87356567382812,61505700
2006-03-30,89.92882413089059,90.53014330329296,89.54176762697648,89.71456146240234,70571700
2006-03-31,89.86663080299516,90.01869023867788,89.41736045338713,89.73530578613281,62925600
2006-04-03,89.90118347830116,90.45411532504747,89.50030050686084,89.66617584228516,61624700
2006-04-04,89.66616851260035,90.35734381103264,89.41043702705979,90.2398452758789,54809300
2006-04-05,90.27443732406836,90.73752366835325,90.11546990355306,90.5509033203125,50607200
2006-04-06,90.44029327921191,90.68911681197609,89.98411504472789,90.45410919189453,57906200
2006-04-07,90.58544056951352,90.82043765965214,89.40353661549351,89.53485107421875,80180900
2006-04-10,89.67309570312501,89.90809279619963,89.34132393425591,89.673095703125,41496500
2006-04-11,89.7491228289964,89.89426374550757,88.64323805763111,88.91279602050781,72799400
2006-04-12,89.00265223589923,89.25147578225896,88.89206164940629,89.07868194580078,43033700
2006-04-13,88.87824105142957,89.33441934092609,88.68471278555216,88.96118927001953,51051800
2006-04-17,89.04411138443602,89.37587256133247,88.48426110264276,88.9266128540039,64167700
2006-04-18,89.11324071451534,90.50251004095588,89.11324071451534,90.33662414550781,92531800
2006-04-19,90.371166469489,90.59234761800471,90.01867087885194,90.5093994140625,87269000
2006-04-20,90.54397866073614,91.13838993487273,90.26751271548649,90.63383483886719,86005500
2006-04-21,91.02087698176622,91.0899881838957,90.28131434814384,90.64763641357422,72342600
2006-04-24,90.46794691556241,90.59236397068523,90.11545126129694,90.48177337646484,52546400
2006-04-25,90.57160669334421,90.6269019829373,89.79749373203725,90.1085205078125,84359800
2006-04-26,90.1983713172665,90.64072306125374,90.06013837473878,90.1292495727539,67262400
2006-04-27,89.78366581424746,90.97940665758605,89.56940316211681,90.564697265625,124478600
2006-04-28,90.39880789858174,91.06234079072257,90.34352315852607,90.86881256103516,55854400
2006-05-01,90.86881216234836,91.09690126344299,90.0739648329408,90.1292495727539,64990300
2006-05-02,90.55089091030231,90.86192829657642,90.36428113433819,90.80663299560547,49063500
2006-05-03,90.64767365692418,90.76518278717032,90.1638528572436,90.46797180175781,60821300
2006-05-04,90.5992574089092,90.97248742146661,90.52322770587926,90.79278564453125,42921400
2006-05-05,91.26971306567891,91.78809461219375,91.1314800959082,91.59456634521484,62588200
2006-05-08,91.58764272700365,91.76735506951958,91.48397064208984,91.48397064208984,30016700
2006-05-09,91.5254404373756,91.76735603338071,91.44941072547391,91.6636734008789,29864000
2006-05-10,91.5185236609845,91.75352073094376,91.15910955331275,91.61528778076172,64378200
2006-05-11,91.58763114683245,91.61528406364575,90.21219911055437,90.5093994140625,80626900
2006-05-12,90.10163543574984,90.3504590288664,89.29296139474624,89.32752227783203,91726500
2006-05-15,89.01647062816578,89.67309566219086,88.892064124771,89.50720977783203,84029300
2006-05-16,89.68691947152722,89.85280537048968,89.1685379020821,89.37589263916016,62137600
2006-05-17,88.93352167971183,89.23073253318013,87.62028759796907,87.67558288574219,144789500
2006-05-18,88.02116228203802,88.29763342176564,87.16410649480596,87.23322296142578,87906300
2006-05-19,87.68943652061101,88.1179619505371,86.94987895550416,87.84840393066406,124309400
2006-05-22,87.28165591263713,87.89680178879063,86.74253977607579,87.177978515625,110852800
2006-05-23,87.9036912739021,88.21471810766182,86.5144271850586,86.5144271850586,92006500
2006-05-24,86.86690726268684,87.70322869810693,86.23102728632179,87.20558166503906,168405000
2006-05-25,87.72396554162715,88.28382110595703,87.38529112989598,88.28382110595703,78977900
2006-05-26,88.47735882246126,88.73310089111328,88.13177639701875,88.73310089111328,62989700
2006-05-30,88.44971885984263,88.47045327860982,87.12266332624348,87.15721893310547,72419900
2006-05-31,87.51662923096404,88.13177490234375,87.22633156131599,88.13177490234375,86926200
2006-06-01,88.04191282072591,89.12014993583198,87.96588311154376,88.9749984741211,73721700
2006-06-02,89.3344072888988,89.45881378025092,88.69161932391671,89.16161346435547,91702600
2006-06-05,89.0579565538506,89.06486451126939,87.62030515000461,87.86222076416016,86105100
2006-06-06,87.92442042845457,88.04191897877284,86.92221822568146,87.64794921875,130498600
2006-06-07,87.71707695297548,88.228545298167,86.94295856770582,86.99134063720703,108599400
2006-06-08,86.79779992042809,87.43367996367498,85.61589072920312,86.91529846191406,204957200
2006-06-09,87.33694376926837,87.75164804865145,86.59738613450574,86.63885498046875,94972200
2006-06-12,87.00515837829666,87.0397192579639,85.58133872660464,85.69883728027344,95815900
2006-06-13,85.52603973006372,86.28633159061688,84.70354461669922,84.70354461669922,185688800
2006-06-14,84.90399012682953,85.45001936756331,84.55840240028283,85.36016845703125,163566400
2006-06-15,85.67117377322423,87.33690872775507,85.60897052923704,87.17102813720703,134057000
2006-06-16,86.98011936891764,87.16755922901434,86.40390691928863,86.53581237792969,94253500
2006-06-19,87.05650509511153,87.1120448058618,85.77217973922201,85.85548400878906,95804400
2006-06-20,86.09150691835727,86.64688801869289,85.89017948189755,86.14704132080078,65494700
2006-06-21,86.08456195918404,87.26475141580806,86.05679211006196,86.78573608398438,75008200
2006-06-22,86.74408682003596,86.82045258816434,86.11233990690556,86.40391540527344,74566100
2006-06-23,86.31364889664412,86.9870530916095,86.10537770147008,86.3900146484375,54107000
2006-06-26,86.45945664674602,86.82045413259114,86.25812919051323,86.77185821533203,37899600
2006-06-27,86.78573174247843,86.98011538005169,85.92488235242993,86.02207946777344,69780200
2006-06-28,86.21644216984183,86.61909162280298,85.84155726131475,86.60520935058594,62368100
2006-06-29,86.91764150561707,88.41023788275696,86.8968154416547,88.35469818115234,110634800
2006-06-30,88.54214230999204,88.62545186142049,88.13948742292399,88.36164093017578,54227800
2006-07-03,88.46578146184365,88.8684310747317,88.38247190578524,88.72264862060547,23914000
2006-07-05,88.36855178492219,88.47962584887578,87.83399163144453,88.2158203125,69653400
2006-07-06,88.3061058030638,88.75735662769843,88.22280154387799,88.47272491455078,50100300
2006-07-07,88.29915448320959,88.55601630712239,87.67434614730823,87.89649963378906,81626500
2006-07-10,88.12560146605855,88.46577285121121,87.75766023158937,88.06311798095703,60964100
2006-07-11,87.89651781749816,88.451904296875,87.43138468654091,88.451904296875,73640800
2006-07-12,88.27138082241697,88.44493839175064,87.2786313139661,87.50772857666016,82561300
2006-07-13,87.09119610732135,87.2508714198071,86.08456420898438,86.08456420898438,102405700
2006-07-14,86.17481610419456,86.26506944437746,85.27231977826827,85.75133514404297,103242500
2006-07-17,85.75133497239312,86.15398986756037,85.49447311929757,85.62637329101562,81159000
2006-07-18,85.8832345907619,86.11927566020044,84.9668507552652,86.06373596191406,122771000
2006-07-19,86.20956089981293,87.65356189905079,85.89021544169368,87.25785064697266,133565300
2006-07-20,87.55633200119198,87.68129367370283,86.54275634485154,86.66077423095703,112259800
2006-07-21,86.8829146620635,86.91068450695197,85.95958718160783,86.04983520507812,101560000
2006-07-24,86.39001963948088,87.69517068784592,86.39001963948088,87.61880493164062,92884000
2006-07-25,87.4591289690337,88.37551268448439,87.27862762152716,87.93120574951172,95480700
2006-07-26,87.88263623797873,88.479674890245,87.59800448788437,88.04925537109375,84525800
2006-07-27,88.43106018793722,88.64627519836797,87.6118681620402,87.96592712402344,87257100
2006-07-28,88.19500189791226,88.95865402963193,88.07004025479044,88.84757995605469,82137000
2006-07-31,88.62548503546878,88.83375104716134,88.47969194175678,88.75738525390625,49593100
2006-08-01,88.40325050383423,88.43102034094309,87.88952175870739,88.3199462890625,65225600
2006-08-02,88.5699303359144,89.1808565786431,88.54910426792291,88.91704559326172,64770900
2006-08-03,88.40326059762515,89.24328370055537,88.2713604769914,89.15303039550781,63693800
2006-08-04,89.61125415704286,89.85422842179752,88.50048666493355,89.00032806396484,96294200
2006-08-07,88.79206085205078,88.9170225241374,88.44494568476094,88.79206085205078,45377300
2006-08-08,88.92397591881992,89.18084838898737,88.13255362847062,88.451904296875,90901300
2006-08-09,88.98642733469205,89.27801335827077,87.89649136317284,88.15335845947266,78910600
2006-08-10,87.87566786981442,88.51435843993292,87.66739667250961,88.42411041259766,69322300
2006-08-11,88.2852684328141,88.30609449494365,87.74376963121777,88.1741943359375,47482200
2006-08-14,88.60461928428921,88.97256582562692,88.11171636236105,88.24362182617188,57839000
2006-08-15,89.03507813145026,89.46549773144953,88.79209847071529,89.29888916015625,68143000
2006-08-16,89.77789425176736,90.17360013234467,89.58349996413588,90.04169464111328,71737600
2006-08-17,89.95836568809501,90.50680297718945,89.895887501954,90.27076721191406,70992800
2006-08-18,90.38183538530889,90.72895050048828,89.96529300984855,90.72895050048828,58288400
2006-08-21,90.37490537589443,90.44433265082712,90.11110503600297,90.34020233154297,42133600
2006-08-22,90.24301683051691,90.61095810860814,90.02779650037988,90.33325958251953,60839900
2006-08-23,90.37489607477819,90.55540273378001,89.68761485200599,90.08332061767578,66592100
2006-08-24,90.24300437067583,90.31937013066694,89.83340042538856,90.0069580078125,57983000
2006-08-25,89.99998600428715,90.42346677143247,89.93750784022724,90.11800384521484,41756000
2006-08-28,90.00697065763971,90.81922957948134,90.0000321668887,90.54846954345703,52681500
2006-08-29,90.59011733421251,90.82615309822607,90.11803521307145,90.65259552001953,61817800
2006-08-30,90.85391230779058,90.97193018285822,90.63176412916717,90.7081298828125,50052200
2006-08-31,90.84005268950803,90.93724452243849,90.65260751417239,90.69425964355469,37510300
2006-09-01,91.04136464693065,91.34682768566822,90.83309343023556,91.23574829101562,48794500
2006-09-05,91.29822998828371,91.53427635927441,91.08302027356635,91.40930938720703,52348300
2006-09-06,91.02052338188366,91.05523701105382,90.47902466478864,90.6039810180664,53795600
2006-09-07,90.29159980018338,90.64566406680196,89.79870217195928,90.18746948242188,86269400
2006-09-08,90.30549197570403,90.56930291829705,90.13193437518026,90.4443359375,45096300
2006-09-11,90.1527476304922,90.72896005353414,89.88893672538259,90.53457641601562,68496600
2006-09-12,90.63866583012678,91.5272793701783,90.50676043708478,91.42314910888672,69875600
2006-09-13,91.38846762941236,91.95079242435814,91.30516339108341,91.79112243652344,62898400
2006-09-14,91.61064586824168,91.8050295277494,91.46485282705339,91.79808044433594,57805400
2006-09-15,92.2576232827448,92.31340726677901,91.81833105829242,92.01358032226562,76703100
2006-09-18,91.89500744103422,92.31338188641054,91.79738815574031,92.1390609741211,64154100
2006-09-19,92.12510702211496,92.13208666761564,91.39296774438215,91.90895080566406,92089100
2006-09-20,92.21576665313631,92.57835714574797,92.08328105162217,92.39705657958984,75204100
2006-09-21,92.46677645809918,92.56439573422699,91.63700729116113,91.9507827758789,88932500
2006-09-22,91.81132959092878,91.81829859657907,91.34415085948056,91.671875,65966800
2006-09-25,91.85314368724484,92.63410836751828,91.37899605966884,92.37610626220703,92299100
2006-09-26,92.39006758279561,93.15708372049595,92.32033497402202,93.14313507080078,73962700
2006-09-27,93.08037121580155,93.41506429140878,92.92696800621052,93.25469207763672,82432200
2006-09-28,93.25469967717201,93.42902055321298,92.93394458378778,93.21983337402344,58597500
2006-09-29,93.29653829834085,93.3941575668025,93.07340246202719,93.14313507080078,47966600
2006-10-02,93.11526972161298,93.31748797262121,92.70387485191475,92.79452514648438,51687400
2006-10-03,92.66201433124895,93.34534925913565,92.49466244209785,92.98973846435547,73108100
2006-10-04,92.89907336877633,94.13326808500724,92.79448510456241,94.07748413085938,80890500
2006-10-05,94.07749154760863,94.41916430381265,93.95895462558737,94.25878143310547,60505900
2006-10-06,94.09844635174598,94.20304530520266,93.71493813515092,94.1402816772461,64983600
2006-10-09,94.02868080919012,94.3424562448315,93.88224659805003,94.1960220336914,41176800
2006-10-10,94.20303439500698,94.44707731206245,94.02173381922874,94.32157135009766,56403700
2006-10-11,94.02172189630032,94.43311668351154,93.64519341844851,94.20999145507812,104071800
2006-10-12,94.44707873009375,95.10252713607564,94.41221241578945,95.02582550048828,59158600
2006-10-13,94.94208956000404,95.3255974741772,94.85840833528572,95.26981353759766,53944000
2006-10-16,95.19318027523421,95.56273981057214,95.12344764453793,95.41630554199219,42273000
2006-10-17,95.15829802304859,95.3186702791446,94.6004689900188,95.11646270751953,90500600
2006-10-18,95.55571112768344,95.78581592325234,94.90027367813285,95.24193572998047,86848600
2006-10-19,95.10249742740734,95.44417017732736,94.99092951236791,95.39535522460938,64063200
2006-10-20,95.41630554199219,95.49300717987585,95.06069466073465,95.41630554199219,48094500
2006-10-23,95.2210828382415,96.0857186605568,95.10254585803581,95.8556137084961,66219900
2006-10-24,95.72308222976223,96.17631226877211,95.68124692027853,96.1414566040039,53234900
2006-10-25,96.04385666939879,96.5110354521827,95.883473764489,96.46920013427734,78105400
2006-10-26,96.68537994193481,96.92245389433371,96.21122139742998,96.76905059814453,66843700
2006-10-27,96.6504727581768,96.74809202905044,95.9671378620613,96.1623764038086,80238000
2006-10-30,95.98805546181111,96.36458389504833,95.80675493050586,96.09264373779297,49717800
2006-10-31,96.27395403512749,96.40642898490857,95.70217636255212,96.07870483398438,71274100
2006-11-01,96.37853526155158,96.44128822890941,95.33260991344304,95.43022918701172,83005600
2006-11-02,95.18618874537624,95.53483057592224,95.08160045209415,95.37445831298828,60693100
2006-11-03,95.7161399534092,95.79981059574158,94.56561542281266,95.20711517333984,71346400
2006-11-06,95.49999796928363,96.42040709157116,95.49301832157627,96.28095245361328,63303300
2006-11-07,96.3646009492464,96.90848136001075,96.22514634335633,96.6504898071289,63318900
2006-11-08,96.22514188333723,96.95729182995558,95.43023896293259,96.85967254638672,87517800
2006-11-09,96.92938598761737,97.02003625712578,96.15540079332283,96.35063934326172,95916300
2006-11-10,96.32273871016892,96.46219327708276,96.02988092773938,96.39247131347656,48991500
2006-11-13,96.35066537676414,96.95032983923244,96.27397437686223,96.62958526611328,59398200
2006-11-14,96.90146825832707,97.43837941837054,96.30877315337133,97.35469818115234,96704000
2006-11-15,97.31988384916363,97.9334862243465,97.29198654501198,97.63365936279297,76509600
2006-11-16,97.92654754871921,98.0938888666429,97.264130005954,97.88471221923828,76728800
2006-11-17,97.57089432587195,97.91953614475614,97.43143972625907,97.91256713867188,56353800
2006-11-20,97.82886057611789,98.13566696640432,97.577838133129,97.96831512451172,69174200
2006-11-21,97.9613754624205,98.08688140165653,97.82191023255398,98.06596374511719,51367900
2006-11-22,98.14261729923544,98.42850598486021,97.96829648698103,98.26115417480469,45505300
2006-11-24,97.78706027682979,98.20542407175763,97.75916297334562,97.86376190185547,30998000
2006-11-27,97.81493797311653,97.86375292988663,96.49010345108097,96.51799011230469,84545100
2006-11-28,96.39244496316488,97.03394430736635,96.3017947315858,96.93632507324219,106652900
2006-11-29,97.25014225866511,97.98926115494987,96.97820208664142,97.94742584228516,90034900
2006-11-30,97.92649722113485,98.35184058510556,97.45233890471904,97.98925018310547,83994300
2006-12-01,97.98926565453058,98.07991592926876,96.90150491648679,97.77310943603516,126080000
2006-12-04,97.79402529120918,98.70049610277604,97.78007664003644,98.51919555664062,87813200
2006-12-05,98.70749849711872,98.98641841640342,98.49831121758194,98.94457244873047,73374400
2006-12-06,98.92359279637611,99.06305798847907,98.66560134244627,98.86083984375,53253200
2006-12-07,99.03519937070087,99.22346894180508,98.39369966736172,98.4285659790039,62857400
2006-12-08,98.40764806837494,98.94454883541492,98.16359452720806,98.60985565185547,79625500
2006-12-11,98.60985546512309,99.07703424787677,98.55407149468475,98.89574432373047,39779400
2006-12-12,98.79812836085242,98.92363431878479,98.24029927739731,98.81904602050781,77451600
2006-12-13,99.17464465599112,99.25134627851283,98.70746591506924,98.92362213134766,55520200
2006-12-14,98.91669890414458,99.87895413389292,98.90275024640243,99.79527282714844,64755200
2006-12-15,100.01466633247132,100.18995844331054,99.73420323472111,99.80431365966797,70857400
2006-12-18,99.94458603064597,100.18299152998927,99.39066744169922,99.53089904785156,48954600
2006-12-19,99.25043309168503,99.95860963751693,98.99801192799491,99.72021484375,65023600
2006-12-20,99.76227909315844,100.02872661565745,99.57296055354153,99.66411590576172,41469600
2006-12-21,99.7552655477455,99.86744439907393,99.08915747861266,99.29949951171875,48698400
2006-12-22,99.3135232888063,99.32053112339884,98.63338886888543,98.68948364257812,62069100
2006-12-26,98.73156620362184,99.29250332198845,98.71053199784434,99.27146911621094,32696900
2006-12-27,99.47480590034331,99.9866667847405,99.4467638582463,99.92355346679688,39727100
2006-12-28,99.85341210704685,100.05674627152874,99.55892261073726,99.71318054199219,37288800
2006-12-29,99.60801542558684,99.94457337754096,99.1662757580953,99.29949951171875,45461200
2007-01-03,99.74122301189963,100.16893624152684,98.56326502150627,99.12419128417969,94807600
2007-01-04,99.02602546520656,99.60098877771983,98.59130441358693,99.33454132080078,69620600
2007-01-05,99.09615787495538,99.1452341126682,98.43004985582247,98.54222869873047,76645300
2007-01-08,98.73860256545805,99.15228961908768,98.33893118555353,98.99803161621094,71655000
2007-01-09,99.08217597208396,99.2855209453895,98.44410970259035,98.91390228271484,75680100
2007-01-10,98.57024680981478,99.26440732008088,98.37392052995807,99.24336242675781,72428000
2007-01-11,99.27145203016978,100.00066266924881,99.21535725808927,99.67813110351562,54476800
2007-01-12,99.67115023726298,100.43543243408203,99.64310819011715,100.43543243408203,55370600
2007-01-16,100.31620368633327,100.57563266262889,100.07779821459145,100.23907470703125,44871300
2007-01-17,100.16191532070556,100.58962849444765,100.07776783311316,100.28111267089844,50241400
2007-01-18,100.38628145965566,100.449384049733,99.78327619018327,99.94454193115234,68177300
2007-01-19,99.94458546011136,100.33724893367642,99.88850137715916,100.14092254638672,56973000
2007-01-22,100.3162515474813,100.3372857610551,99.51690863571848,99.83244323730469,60253600
2007-01-23,99.74823220033198,100.3231955360589,99.60800063275899,100.12686920166016,54064400
2007-01-24,100.24608524068111,100.9542617431671,100.20401683247191,100.9332275390625,55834700
2007-01-25,100.87011932445691,100.91218773032965,99.57295308213196,99.74824523925781,73583800
2007-01-26,99.96561275962449,100.02169683269949,99.27145199175358,99.65709686279297,67255600
2007-01-29,99.69917637088342,100.12688969385667,99.38365260452268,99.60101318359375,66114600
2007-01-30,99.81139823239562,100.16899052347792,99.60805325784784,100.11990356445312,70407600
2007-01-31,100.00765590807018,101.05940854585042,99.84637946701082,100.79296112060547,91868600
2007-02-01,101.07346142126302,101.43106429710762,100.90518778461617,101.39600372314453,69312400
2007-02-02,101.4801295927425,101.63438754234919,101.23472699944742,101.53622436523438,49607000
2007-02-05,101.45908069483029,101.62736498793117,101.20665960467014,101.56426239013672,45705300
2007-02-06,101.64843334522882,101.69050175789516,101.19968577847791,101.59233856201172,57081300
2007-02-07,101.75355236369013,101.92183662731985,101.36791831204863,101.81666564941406,55669700
2007-02-08,101.5152178339191,101.75361265775327,101.15762559816784,101.68350219726562,70641000
2007-02-09,101.71153695902568,101.90085551686181,100.54058643275413,100.92623138427734,79084400
2007-02-12,100.92617216203435,100.99628257636206,100.40029590916754,100.58259582519531,65657000
2007-02-13,100.8070059474776,101.59931913774255,100.79998741459241,101.43104553222656,64081800
2007-02-14,101.52920789787525,102.3004868813438,101.51518153119896,102.09715270996094,66039400
2007-02-15,102.13922948426591,102.33555583789673,101.97094516730355,102.23038482666016,38715200
2007-02-16,101.97800880063642,102.20237729016301,101.83075862079976,102.18134307861328,39841800
2007-02-20,102.06214644240097,102.51089412394069,101.6694935584273,102.3987045288086,56911800
2007-02-21,102.0971689200956,102.41971121096306,101.91486892029161,102.35659790039062,63971600
2007-02-22,102.40569591627802,102.66512492462788,101.78866400562342,102.27947998046875,79067400
2007-02-23,102.18833773997657,102.22338761837806,101.69050321863978,101.87982177734375,71966200
2007-02-26,102.25142438434176,102.33556119773769,101.49416096682513,101.78865051269531,69192800
2007-02-27,100.88415640009079,101.10852482155346,97.46244970615619,97.81303405761719,274466500
2007-02-28,98.43709313799143,99.55194902717483,98.02340608965103,98.81571960449219,177536300
2007-03-01,97.70083605971068,99.04007073438858,96.79633321860993,98.52120208740234,212828600
2007-03-02,98.19865697139258,98.62637021225638,97.22403312076625,97.23104095458984,162574000
2007-03-05,96.71217218582929,97.86910670338632,96.29147747861276,96.30550384521484,143750400
2007-03-06,97.3081732699149,98.24773658577772,96.56493629769558,97.9532470703125,143333300
2007-03-07,97.87610622010867,98.48613007715898,97.74288249616686,97.85507202148438,115144900
2007-03-08,98.54229089878268,98.97702297327024,98.21275129731859,98.68253326416016,117891600
2007-03-09,99.0821440556639,99.15927303810936,98.2197095784901,98.71052551269531,107765100
2007-03-12,98.45808635994496,99.10316014110273,98.27578638885134,98.85775756835938,80366900
2007-03-13,98.28981961964026,98.70351726867118,96.78931908472315,96.93656921386719,190605200
2007-03-14,97.06277007430131,97.71486247548994,95.88481189006748,97.65876770019531,231853800
2007-03-15,97.44142306760415,98.1566181958375,97.32222566272962,97.79200744628906,132435900
2007-03-16,98.06722255968938,98.29249160020956,97.229520770061,97.51814270019531,121531600
2007-03-19,98.03200370654295,98.78523482898632,97.95456883172558,98.69371795654297,96161200
2007-03-20,98.60932472615478,99.29215713696844,98.52485415703981,99.23583984375,82147400
2007-03-21,99.32727898662296,101.12234162282775,99.13017398545995,100.8689193725586,152368700
2007-03-22,101.00266800956933,101.14345575676576,100.51694115153758,100.7914810180664,118942200
2007-03-23,100.86188854676226,101.23498094111456,100.7703716699303,100.93932342529297,74416800
2007-03-26,101.01675952115957,101.12234765614775,100.02418808660029,100.80557250976562,113787500
2007-03-27,100.74927671554288,100.77744071848335,100.23539644678814,100.56625366210938,99864600
2007-03-28,100.0594105415217,100.2917152329157,99.43993136447105,99.83415222167969,152907900
2007-03-29,100.34100411864844,100.39028576266864,99.39067829227544,99.93975830078125,139432700
2007-03-30,100.12977479595091,100.55213802599866,98.94713412070135,99.96082305908203,128194100
2007-04-02,100.07347869873048,100.2846657290924,99.59478738048223,100.07347869873047,79416400
2007-04-03,100.64368334164207,101.35466862844973,100.60144808084033,101.15052795410156,82417800
2007-04-04,101.15050332172761,101.33352632110478,100.77741095360936,101.26313781738281,63995200
2007-04-05,101.13643280071204,101.6784769738207,101.09419754540295,101.53768920898438,46822800
2007-04-09,101.82630545663407,101.93190434160255,101.47433065624277,101.67848205566406,50967400
2007-04-10,101.60107454445287,101.96713144308426,101.55883927565336,101.79817962646484,56620000
2007-04-11,101.94602029282973,101.97417356001293,101.04495462163642,101.38285827636719,106365700
2007-04-12,101.18571879590442,102.01637416330321,100.9041325126535,101.8333511352539,115534400
2007-04-13,102.0023129192762,102.29798126220703,101.62218478631178,102.29798126220703,84287000
2007-04-16,102.65699918768861,103.38206661223748,102.64996355669872,103.2694320678711,83064600
2007-04-17,103.45945192724183,103.76214503603654,103.23418294648802,103.5439224243164,108424100
2007-04-18,103.19900938251917,103.97334745059172,103.17789175511649,103.670654296875,88345300
2007-04-19,103.16385920556543,103.76221017114283,103.03010700695901,103.64253997802734,102947700
2007-04-20,104.33944182827048,104.62101745605469,103.50877546589024,104.62101745605469,124114100
2007-04-23,104.44498348982059,104.69840573853601,104.16340798743317,104.22676086425781,77270800
2007-04-24,104.3464626077935,104.46613276964017,103.70587653454606,104.26902770996094,114471000
2007-04-25,104.6984020313971,105.3530806263216,104.19860392114366,105.22636413574219,108418800
2007-04-26,105.23347603127047,105.45169878498841,104.95893599571835,105.34609985351562,88741600
2007-04-27,104.95190273797004,105.40947668202219,104.77591523827873,105.26164245605469,108191100
2007-04-30,105.33902344202988,105.40942270242515,104.33238061517571,104.38868713378906,100874100
2007-05-01,104.4802320256865,105.21938149225946,103.95226965548038,104.65621948242188,134342700
2007-05-02,104.8181188069881,105.5572682303478,104.71253063568868,105.26864624023438,87129800
2007-05-03,105.57134757958248,105.87404082397855,105.40239576832961,105.83885192871094,86569700
2007-05-04,106.12042687504302,106.38088485035061,105.7473343596053,106.24009704589844,96409000
2007-05-07,106.21191380836831,106.4371720836393,106.1626321829359,106.26118469238281,63461400
2007-05-08,106.00079030146865,106.24013071903916,105.68401495569307,106.1204605102539,80584000
2007-05-09,106.04298549603865,107.57760147269522,105.85291606385296,106.40904235839844,102070100
2007-05-10,106.10634426246324,106.31049570795362,105.07858362858914,105.29680633544922,153617800
2007-05-11,105.4164609117182,106.2471163493316,105.39534328136662,106.19784545898438,113408900
2007-05-14,106.19783504802075,106.50757458470468,105.44460383459227,105.96553039550781,108027500
2007-05-15,106.08524244531915,106.76103904155076,105.72623188129073,105.99373626708984,180673300
2007-05-16,106.15557306551545,106.73985236417565,105.85991560259382,106.71873474121094,114166500
2007-05-17,106.56393141254495,106.97222361329834,106.37386194601339,106.50761413574219,101132800
2007-05-18,107.00740355356704,107.43681335449219,106.86661574405844,107.43681335449219,99182000
2007-05-21,107.40863427586484,107.86619723215802,107.35231701731173,107.3804702758789,174664600
2007-05-22,107.49314851038511,107.81697019340885,107.267890125979,107.2960433959961,82148800
2007-05-23,107.6691301947824,108.05630477058365,107.25380235047857,107.31011962890625,133786600
2007-05-24,107.3734606151221,107.85215205788678,106.11339521718018,106.33865356445312,187593000
2007-05-25,106.64836760433091,107.01442441492654,106.42309856968168,106.78211975097656,83309200
2007-05-29,106.95813968337336,107.35234987247426,106.61320039719904,107.16932678222656,82020000
2007-05-30,106.62024256271448,108.08444870976098,106.53576128165368,108.0422134399414,129013600
2007-05-31,108.17591842175788,108.3307881711367,107.78874404831083,107.9295425415039,114866700
2007-06-01,108.32377368315053,108.68981976092141,108.06330501304473,108.46456146240234,107771700
2007-06-04,108.08445490472343,108.68281657192087,108.0422196324831,108.47867584228516,78008800
2007-06-05,108.2252122484381,108.3378360177107,107.60573318105716,108.04922485351562,126917900
2007-06-06,107.6057729330048,107.6691258406405,106.8243881812315,106.88774108886719,164096800
2007-06-07,106.6905873647591,107.35230163114504,104.9307135675272,104.95887756347656,232414600
2007-06-08,105.29679393056449,106.43015333971697,104.95185472206776,106.32455444335938,175886000
2007-06-11,106.2471453878516,106.96517724030909,106.08523993043255,106.50761413574219,102015600
2007-06-12,106.06413177012239,106.67656475525636,105.2757113072903,105.34609985351562,233898000
2007-06-13,105.94446836496083,107.04967495162826,105.39538825866231,106.92295837402344,193208200
2007-06-14,107.04260431103985,107.78878937652033,107.02148667646372,107.60576629638672,146396500
2007-06-15,108.26750083548814,108.63513543929842,108.119029487965,108.218017578125,154030800
2007-06-18,108.43716228230083,108.44422823565328,107.92813316033353,108.09073638916016,88537500
2007-06-19,107.85038393339083,108.43718179870646,107.71605528151271,108.35941314697266,110851700
2007-06-20,108.57859633601547,108.57859633601547,106.7263018390772,106.85355377197266,177119700
2007-06-21,106.81109146465451,107.5392837633744,106.22429373882612,107.44737243652344,205262000
2007-06-22,107.12218411821021,107.29893006115117,105.94152251389063,106.43640899658203,204964700
2007-06-25,106.21728761955171,106.93133762690239,105.35476621501459,105.92742156982422,232014400
2007-06-26,106.1960491654276,106.3727951284441,104.83156472132715,104.83863067626953,198445700
2007-06-27,104.72546985006217,106.45051132504032,104.67597582670373,106.33031463623047,213638000
2007-06-28,106.3162078857422,107.04440020377757,105.81424473279111,106.31620788574219,157705000
2007-06-29,106.68381511935667,107.21405279050201,105.44659388668421,106.35153198242188,199701800
2007-07-02,106.66263320075223,107.40496828389664,106.59194129951489,107.31305694580078,103357000
2007-07-03,107.58879954805363,107.8150395632745,107.45448167519864,107.70191955566406,54048400
2007-07-05,107.74431291372996,107.8574328961977,107.19994322507007,107.58877563476562,89279000
2007-07-06,107.73017418433797,108.28868653236549,107.412022905331,108.15435791015625,81109000
2007-07-09,108.28163696575679,108.42303156242706,107.89985968825923,108.23921966552734,72348100
2007-07-10,107.66652394608725,107.89276386830714,106.59191667868255,106.69795989990234,180362600
2007-07-11,106.57777374084877,107.49685454424949,106.41517053944897,107.45443725585938,175607600
2007-07-12,107.72312707299025,109.40575210837446,107.7019184202516,109.15123748779297,133882500
2007-07-13,109.27850106951433,109.90771627715523,109.1512383643428,109.47645568847656,111794300
2007-07-16,109.5754613451843,109.95722798402679,109.28559529681621,109.46234130859375,98378700
2007-07-17,109.53296781674942,109.92181096794852,109.35622191054202,109.40571594238281,126201300
2007-07-18,109.03812180249648,109.44110779593629,108.3806319661069,109.20780181884766,237887400
2007-07-19,109.72385090938816,109.95715678839888,109.4057104517239,109.63195037841797,145212700
2007-07-20,109.50467164021559,109.57537430385204,108.04828738608452,108.52196502685547,245502500
2007-07-23,109.00273145700375,109.38450866029098,108.38059319504335,108.8542709350586,121183900
2007-07-24,108.25334139040507,109.07344507674819,106.58485941613105,106.96663665771484,256732400
2007-07-25,107.47567984965528,107.73726040249824,106.22431550829803,107.1858139038086,265214500
2007-07-26,106.18191997286392,106.61318060898394,103.49537883577457,104.64776611328125,467592500
2007-07-27,104.78203100882943,105.24863192785972,102.54796052295191,102.59037780761719,422987600
2007-07-30,103.17011656503934,104.49924924945972,102.71764747064088,104.19525146484375,283017500
2007-07-31,104.86688763612953,105.66578262440807,102.540905352416,103.02165985107422,316976700
2007-08-01,102.63988339407106,103.93366479664944,101.77029650594005,103.52361297607422,467670000
2007-08-02,103.75691746150359,104.46390111743901,102.69644197760049,104.35079193115234,294758400
2007-08-03,104.12454555569317,104.33664279692424,101.24005112300662,101.66424560546875,359398200
2007-08-06,101.95415804508166,103.8064525032955,100.76641942429355,103.36812591552734,324980000
2007-08-07,103.17721900397709,105.34058773751826,102.67525575205525,104.47100067138672,232568700
2007-08-08,104.92350551274603,106.46472556456844,104.16702740068459,105.92742156982422,274930600
2007-08-09,104.23062581884682,105.30524431193957,102.71768078244888,102.78838348388672,357622100
2007-08-10,102.0814381228973,103.57317506905258,101.1835652570267,102.30767822265625,411018400
2007-08-13,103.5730964888604,103.84881965892629,102.52676379062487,102.67522430419922,181917200
2007-08-14,103.00751589858484,103.26203044471391,100.90070763700857,101.10572814941406,264134500
2007-08-15,100.90071275306995,102.1308682530199,99.41604269408606,99.71297454833984,323834000
2007-08-16,98.82926820864611,101.05627382147986,96.85678800249038,100.46240997314453,546743700
2007-08-17,102.86619093888841,103.08535429320384,99.96048573240475,102.30767822265625,388218100
2007-08-20,102.63283347285294,102.84493076320747,101.30370052183302,102.25813293457031,187320400
2007-08-21,102.2298244312932,103.19838843122515,101.9046072555609,102.46311950683594,157066400
2007-08-22,103.22667671785541,103.78519983092337,102.74593302390167,103.67914581298828,173156700
2007-08-23,104.16695540814435,104.38611858627159,102.9438768667714,103.58723449707031,203915300
2007-08-24,103.55898090643014,104.86690521240234,103.41758630820199,104.86690521240234,128901900
2007-08-27,104.52756542941987,104.8669146532613,103.73573619016672,103.89127349853516,113024300
2007-08-28,103.33274621740323,103.39637216506841,101.42389227343743,101.60770416259766,219790700
2007-08-29,102.06720361826846,103.74276183537484,101.77734858427158,103.60135650634766,207654200
2007-08-30,102.83078947191169,104.06094514260032,102.73181217342294,103.32567596435547,191817300
2007-08-31,104.38617493996841,104.98711560701531,103.80645371592732,104.34375762939453,185477500
2007-09-04,104.24475351913463,106.0334215734588,104.20940217350167,105.39714050292969,120062000
2007-09-05,104.77499625504284,104.8881162512879,103.9266178586381,104.4851303100586,166261800
2007-09-06,104.59826981529723,105.06488179605009,104.01147186151138,104.72553253173828,127878400
2007-09-07,103.55896674432894,103.84883264307196,102.69644578905911,103.26911163330078,235447600
2007-09-10,103.58728061865018,103.72867523642478,102.0389842028814,103.07117462158203,192305900
2007-09-11,103.38930348873612,104.42149368273259,103.31153484773237,104.27303314208984,162081900
2007-09-12,104.1316199301095,104.94465762263245,103.91245671860716,104.54167175292969,149554600
2007-09-13,105.02241723204962,105.65869816480698,104.77496865391412,105.27693176269531,154079000
2007-09-14,104.60530375636131,105.40418793113088,104.44976649308634,105.26985931396484,121911000
2007-09-17,104.85274519588374,105.09311705193676,104.37200148377768,104.70428466796875,109870800
2007-09-18,105.22040369277602,107.81503302918176,104.7255171741199,107.78675842285156,263759500
2007-09-19,108.45837838319584,109.15121942937331,107.9634919216405,108.42302703857422,193779900
2007-09-20,108.40885518416371,108.47248111473952,107.53926843648897,107.65945434570312,175186800
2007-09-21,108.47566596355335,108.76689615890548,107.78663758443486,107.95001220703125,141457500
2007-09-24,108.26966497858655,108.55380654629487,107.51670879222144,107.7511215209961,139450200
2007-09-25,107.12603533226745,107.72982676089921,106.88452309637233,107.53803253173828,142289900
2007-09-26,108.14887308896678,108.51825158530897,107.53798246916156,108.10625457763672,135547000
2007-09-27,108.61770415161214,108.75267000390754,108.1062603107504,108.74555969238281,102713300
2007-09-28,108.57508730484538,108.81659944482398,107.95708633163113,108.38329315185547,133372100
2007-10-01,108.39749296439558,109.92471405840764,108.32645488792998,109.60506439208984,148162300
2007-10-02,109.82530359764773,109.85371233430166,109.25703131453861,109.45592498779297,112978800
2007-10-03,109.25698888040209,109.68319563692329,108.6887168180032,109.23567962646484,119055900
2007-10-04,109.47012437480505,109.57667067574967,109.10074580004496,109.40619659423828,76864400
2007-10-05,110.12365647454419,110.88372304182361,109.83952572052756,110.70613861083984,134579700
2007-10-08,110.37937574312652,110.45041384931041,109.9389698336874,110.1165542602539,71280400
2007-10-09,110.52855093878478,111.16785053602251,110.12365324534586,111.15364074707031,94054300
2007-10-10,110.84106671004115,111.12520823382978,110.39356142327169,110.96893310546875,101711100
2007-10-11,111.47327457228671,111.89238199462243,109.77556813869052,110.43618774414062,233529100
2007-10-12,110.42912866983559,111.06132893273957,110.29416274198604,111.047119140625,124546700
2007-10-15,111.00445303481564,111.06838081359311,109.34936522682275,110.10942077636719,161151900
2007-10-16,109.68319563692329,109.76133318098923,109.01547677652118,109.23567962646484,166525700
2007-10-17,110.08811585071332,110.16625341859222,108.30517241497475,109.56957244873047,216687300
2007-10-18,109.00129852755947,109.52695223415171,108.73847709370897,109.17178344726562,148367500
2007-10-19,108.74557634110877,111.15362027762876,106.30912367080914,106.31622314453125,297169900
2007-10-22,105.74090264016093,107.09054034539605,105.59883722469877,106.93426513671875,261989800
2007-10-23,107.58771919527351,107.93577762263087,106.72820607771587,107.80081176757812,180085100
2007-10-24,107.41013776122747,107.78661576777424,105.7266305217834,107.60192108154297,326694200
2007-10-25,107.72268488840601,108.17730048586479,106.46539523163315,107.85765075683594,237374500
2007-10-26,108.72423733868871,109.12202453613281,107.90024337890411,109.12202453613281,176484000
2007-10-29,109.34229114106233,109.70457035194498,109.07237015049834,109.48436737060547,106841000
2007-10-30,109.00134316226969,109.21444668944287,108.58934590010709,108.72431182861328,132981600
2007-10-31,109.3777814648243,110.29412304573906,108.56799702807425,109.85370635986328,220954400
2007-11-01,108.88766991335976,108.97291781457874,106.96976013878957,107.28231048583984,333040800
2007-11-02,107.63741249258482,107.97127189780083,105.98943555773448,107.40299987792969,331228200
2007-11-05,106.2949101273668,107.37462623397904,105.81898527141904,106.58615112304688,226841000
2007-11-06,107.16154375960433,108.04946586723763,106.47961481182907,108.02105712890625,177800500
2007-11-07,106.8631390323712,107.35327347555156,104.81026478637565,105.06598663330078,306639700
2007-11-08,105.12285323037949,105.41408337531243,103.0486689777058,104.53327178955078,374509900
2007-11-09,103.4890535062402,104.80317114168302,102.92078144061361,103.0983657836914,277745100
2007-11-12,103.14814021991029,104.14260864539656,102.07552337646484,102.07552337646484,243087800
2007-11-13,103.26179331886178,105.35018799904806,103.15524699391091,105.18681335449219,191117400
2007-11-14,105.99657134288853,106.12442690074653,104.26334596598473,104.89554595947266,230558800
2007-11-15,104.1142109671451,104.76772040744335,102.65801638743223,103.38255310058594,263111100
2007-11-16,103.92955183235493,104.04320851455057,102.69357063989509,103.56017303466797,308770600
2007-11-19,103.19783435473082,103.25466265717182,101.71323153471506,102.11811828613281,267746000
2007-11-20,102.30283446862852,103.37544045042763,100.94608691493738,102.74324035644531,414767500
2007-11-21,101.63510413379605,102.22468563680785,100.63352552606908,100.640625,259012400
2007-11-23,101.62800245888079,102.53012337868833,101.36517018464778,102.3809585571289,77688400
2007-11-26,102.59406527669996,102.91372590181068,99.91610004388755,100.1220932006836,214232000
2007-11-27,100.68323052620423,101.74162635261476,100.1220578906502,101.27281188964844,293897900
2007-11-28,102.42359127633682,104.75349798740788,102.3880722247445,104.5119857788086,258596900
2007-11-29,104.14971322067663,104.93108904960486,103.78034540963186,104.54750061035156,199409900
2007-11-30,105.86873690121583,106.45831855337516,104.65406537936842,105.59881591796875,222908000
2007-12-03,105.26491271807126,105.44959656055978,104.62560248381452,104.90263366699219,146430400
2007-12-04,104.17812268954657,104.8032124531351,103.92950017568009,103.96501922607422,136533900
2007-12-05,105.08023696203955,105.9823687574861,105.0092097047008,105.70533752441406,171130000
2007-12-06,105.57750528910853,107.41017802015536,105.53488675750881,107.2183837890625,154457400
2007-12-07,107.559320283335,107.61614859316012,106.94133002718598,107.19705200195312,148980100
2007-12-10,107.45985740314131,108.14888565339733,107.16151695028152,108.02812957763672,123914300
2007-12-11,108.07071020550626,108.60346315002641,105.0091583518856,105.06598663330078,250346400
2007-12-12,107.30360655016497,107.80795106429241,104.56170271413517,106.10313415527344,322435600
2007-12-13,105.35729920696595,106.11735495548092,104.63275167447333,105.88294219970703,237551300
2007-12-14,105.0802580609534,105.91136276593753,104.49068726720674,104.5404052734375,159152900
2007-12-17,104.14260603652976,104.32728992838129,102.89951511636602,103.04869079589844,177269400
2007-12-18,103.78030617359752,104.05022703517506,102.26018445839603,103.62403106689453,245569300
2007-12-19,103.66664957983365,104.34146799211149,102.95631212714342,103.62403106689453,198917200
2007-12-20,104.30599663260764,104.32020642304613,103.12683332078306,104.277587890625,214813800
2007-12-21,105.2380785133988,105.98789399322106,105.03812917163579,105.78080749511719,146084400
2007-12-24,106.27347788352846,106.74478052787548,106.03067306481104,106.56625366210938,45601400
2007-12-26,106.1521191408951,106.8876492964566,106.04500733044252,106.7948226928711,67093100
2007-12-27,106.41633554773391,106.42347270222722,105.2023546023066,105.45228576660156,122981700
2007-12-28,106.07355113421607,106.1235439026349,104.90241496227041,105.18806457519531,116398100
2007-12-31,105.04528464866242,105.40947578338022,104.3026062726909,104.40972900390625,108126800
2008-01-02,104.6381973729519,104.96669169984408,102.74581638143148,103.49562072753906,204935600
2008-01-03,103.48134812780197,103.89553189619163,102.88150028244533,103.44564056396484,125133300
2008-01-04,102.3601751971053,102.43159031178487,100.62489905384159,100.91053771972656,232330900
2008-01-07,101.26764884727628,101.56757288522486,100.04653032823008,100.82490539550781,234991000
2008-01-08,101.46045231566566,102.04601513085116,98.86109998076334,99.19673156738281,326365700
2008-01-09,99.32526164009253,100.53924284734859,98.33265213048404,100.23931884765625,301824900
2008-01-10,99.74653430752439,101.97455720504519,99.52516271721157,100.89624786376953,335701200
2008-01-11,100.53207514895968,101.33187223848857,99.26096439035065,100.08218383789062,267076600
2008-01-14,100.8034478289807,101.30332105101233,100.26071899098719,100.8891372680664,170365500
2008-01-15,99.82512508087528,101.03911706425386,98.47546176779214,98.66827392578125,239940100
2008-01-16,98.0898152885249,99.34664067668194,97.31857781292285,97.81845092773438,378802600
2008-01-17,98.4111814777821,98.46117424761387,94.92633237653504,95.28338623046875,397892600
2008-01-18,96.21887564697013,96.41882493172682,93.6195240487145,94.30506134033203,348561500
2008-01-22,90.84161052934788,94.5692469431526,89.97754114515156,93.34812927246094,435923700
2008-01-23,90.7559348326022,95.82610329439504,90.57740792755904,95.59044647216797,511913000
2008-01-24,96.03320561143678,96.73303904050822,95.19770086505821,96.39740753173828,259949300
2008-01-25,97.48281389715736,97.66134077764207,94.6906617676528,95.0048599243164,269603900
2008-01-28,95.16196411236243,96.77585407990976,94.30503726836719,96.5759048461914,217934600
2008-01-29,97.19002633342207,97.43995739800673,96.31881439036925,97.0543441772461,168968300
2008-01-30,96.81875250957773,98.93250583786565,96.11892980325206,96.34030151367188,334939200
2008-01-31,95.26196862058956,98.93248198617857,95.11914925117905,98.09697723388672,343680800
2008-02-01,98.50401188935177,99.69657036823727,98.20408798116664,99.6751480102539,206843600
2008-02-04,99.4109134684386,99.47518053062551,98.28975942256943,98.41830444335938,124694300
2008-02-05,97.07577408748948,97.29714566631294,95.45474703163052,95.78324127197266,286882500
2008-02-06,96.10460774607941,96.58305855854047,94.55499547086187,95.01202392578125,250792900
2008-02-07,94.11936982531657,96.25454425723758,94.06937707049062,95.64041137695312,297368100
2008-02-08,95.04056519823125,95.84751016550439,94.33360574218878,95.02629089355469,221643500
2008-02-11,95.04774381602792,95.85467814640968,94.29078046450148,95.51190948486328,188576300
2008-02-12,96.34027760509453,97.34002408031179,95.67615174222786,96.39740753173828,256654400
2008-02-13,97.12581712873343,97.87563264603732,96.50454670694397,97.38289642333984,181967800
2008-02-14,97.79707401058118,97.83278158460445,96.2545983427192,96.52596282958984,215207200
2008-02-15,96.04745772471965,96.56161599094442,95.62613691935691,96.50448608398438,154110300
2008-02-19,97.63279827312552,97.75419526542547,96.12603070358698,96.77587127685547,145190000
2008-02-20,95.68326311399139,97.51137648012299,95.5190105516981,97.06148529052734,220085700
2008-02-21,97.58995105177371,97.83988218370813,95.74041491050475,96.25456237792969,201051200
2008-02-22,96.38310157938727,97.01151974078137,94.87633413980241,96.8472671508789,205491000
2008-02-25,96.790146352363,98.29691393385731,96.24742845958316,98.06840515136719,190107000
2008-02-26,97.65422600961824,99.22526073871596,97.47569908821127,98.80393981933594,212420700
2008-02-27,98.23263536433181,99.36092662995836,98.12552358763998,98.70394897460938,168395800
2008-02-28,98.00411823955027,98.51827651659816,97.51138231601136,97.7398910522461,170831100
2008-02-29,96.83302356899716,96.89014260505006,94.81923431088784,95.5619125366211,252715200
2008-03-03,95.07631004381095,95.55476095211388,94.43361739598194,95.33338928222656,189483500
2008-03-04,94.4264333042287,95.26193778608337,93.54094696264727,94.96916198730469,282513100
2008-03-05,95.27625160796661,96.24030139777379,94.5050139554047,95.56903839111328,270681400
2008-03-06,94.96201221524421,95.13340193780269,93.22673622205431,93.59092712402344,247911700
2008-03-07,92.669744430946,94.0765372462403,91.81995466068611,92.62689971923828,326434600
2008-03-10,92.71974014551779,92.78400722267907,91.11299783797404,91.4057846069336,235683600
2008-03-11,93.34813298658362,94.77634798222118,92.08415966444801,94.69065856933594,341440600
2008-03-12,94.79064005716245,95.52616996154138,93.66234882121793,93.80516815185547,229161100
2008-03-13,92.55548573897055,94.7192308781239,91.83424099139182,94.01226043701172,351504200
2008-03-14,94.81208689993244,94.84064641486968,91.2486853843452,92.55550384521484,484687800
2008-03-17,90.38462436829737,92.30557065274529,90.02757046695334,91.62003326416016,405311100
2008-03-18,93.27672258666304,95.46903794591002,92.81969420084575,95.42619323730469,334416600
2008-03-19,95.79040870035439,96.15459971322926,92.86256270276438,93.0625228881836,345971600
2008-03-20,93.32947103796353,95.38193038335957,92.76252695581933,94.78628540039062,245320700
2008-03-24,95.66897565480878,97.46308294996417,95.61874634473261,96.68085479736328,208977300
2008-03-25,96.7813118904225,97.27648719210322,95.99908383866975,96.77413940429688,192947200
2008-03-26,96.4942561666196,96.94636368653215,95.52543400185245,95.59001922607422,196934300
2008-03-27,96.307694695769,96.47993296914144,94.98723411767192,95.28864288330078,225153200
2008-03-28,95.43934731641527,95.70487172453669,94.05429062055431,94.37722778320312,180896100
2008-03-31,94.21935631934493,95.25276411937345,94.07582989164419,94.70735931396484,166692100
2008-04-01,95.88427960348464,98.20226337747334,95.81251092488466,98.0372085571289,254547300
2008-04-02,98.3529708003875,98.79790593573438,97.58508756965642,98.10179138183594,210910800
2008-04-03,97.57071200583415,98.63282019773418,97.39130132036108,98.34575653076172,175884800
2008-04-04,98.4031910926522,99.0060194518384,97.68554819156724,98.2381362915039,204446800
2008-04-07,98.9413995273215,99.44375819782852,98.13047068992508,98.2883529663086,154245500
2008-04-08,97.73577064966865,98.25964680594298,97.56353244264875,98.1878890991211,148937300
2008-04-09,98.03720048620723,98.17355439410409,96.80285377837319,97.4774398803711,195610600
2008-04-10,97.1832022900461,98.08025593430183,96.81002490793439,97.6137924194336,192967800
2008-04-11,96.51579946578424,96.96790705545091,95.45368006858588,95.7192153930664,222973300
2008-04-14,95.5828802132082,95.83404871214967,95.12358909618757,95.39628601074219,160522000
2008-04-15,95.86275515201712,95.94169632159459,94.96570138425648,95.61875915527344,172389200
2008-04-16,96.55168522561733,98.25250659637565,96.53734024975641,98.2094497680664,189268900
2008-04-17,97.61377981838716,98.49647742428529,97.35542796417789,98.35295104980469,179665700
2008-04-18,99.70931675383483,100.15425189446539,99.22131383637564,99.37919616699219,218530600
2008-04-21,99.19975427620716,99.73798633876036,98.92705747742455,99.42940521240234,118587400
2008-04-22,99.17108707904131,99.25720073419308,98.24532148470753,98.9916763305664,162166000
2008-04-23,99.09928744324176,99.59446270640957,98.40317308057972,98.8337631225586,193309000
2008-04-24,99.09212792050735,100.28341770217693,98.3457732101568,99.26436614990234,229381300
2008-04-25,100.03939268566569,100.39104156726587,98.97011202081045,100.18292999267578,190788100
2008-04-28,100.38389375973517,100.64941813233214,100.02507230471794,100.20448303222656,105610200
2008-04-29,100.03227443971925,100.27627047336082,99.47251368001682,99.80980682373047,125514100
2008-04-30,99.9604541175871,100.89339188534917,99.22128295898438,99.22128295898438,208395900
2008-05-01,99.30745341134421,101.27378845214844,99.2285122341347,101.27378845214844,187279500
2008-05-02,102.14930253897182,102.17083095305806,100.87189886815976,101.55365753173828,181585500
2008-05-05,101.22353325399985,101.62541152601713,100.76424223592844,101.0656509399414,118504500
2008-05-06,100.48438570066587,102.04884233667322,100.24756217358541,101.94120025634766,179339800
2008-05-07,101.82632084052604,101.93396286387679,99.84563095836322,100.1255111694336,199267300
2008-05-08,100.28345233626335,100.6996866549486,99.73803656332726,99.86721801757812,178321200
2008-05-09,99.46531889906471,100.03225202080378,99.35766588456262,99.68060302734375,152588200
2008-05-12,99.93177997090118,100.87189047566103,99.55860257384916,100.80013275146484,147865900
2008-05-13,101.04414230112694,101.10872754669016,100.27625899155156,100.81449127197266,159132200
2008-05-14,101.23792391817138,102.04885322734968,100.80016116085558,101.02262878417969,181910800
2008-05-15,101.21634508847697,102.3574055686609,101.06564621869116,102.28563690185547,166927000
2008-05-16,102.52245551464743,102.52962800084441,101.62540197379771,102.3789291381836,204236800
2008-05-19,102.48656763116409,103.55585935692937,102.12057374131112,102.65880584716797,165664400
2008-05-20,102.09906279820096,102.14929210915253,101.18765321027652,101.82635498046875,178552100
2008-05-21,101.76897614211491,101.99144377266124,99.75240058733593,100.10404968261719,252724800
2008-05-22,100.06093442758467,100.59199406336705,99.75235326717582,100.11834716796875,170820400
2008-05-23,99.7882617081082,100.22602437773726,98.69026879008767,98.77638244628906,181376400
2008-05-27,98.89117335327225,99.75234246505698,98.69740674425388,99.50834655761719,168322900
2008-05-28,99.8743542924114,100.46999917298022,99.03471347050908,99.9676513671875,181288100
2008-05-29,99.84568575945283,101.13743455008205,99.8098014151877,100.47003173828125,173927200
2008-05-30,100.80725923976897,101.00102581237012,100.42690952896206,100.72114562988281,117362000
2008-06-02,100.34801667609646,100.36954508892437,99.0347287417815,99.68060302734375,181069900
2008-06-03,99.96764921932096,100.19728923259473,98.48212329300753,99.09929656982422,271965700
2008-06-04,98.81941367869217,99.86717700933,98.64718641089881,99.04906463623047,246637700
2008-06-05,99.45096516595243,101.10871869241876,99.26438193387683,101.02977752685547,237867100
2008-06-06,100.14709488064346,100.32650565221381,97.75734208928264,97.80757141113281,384276300
2008-06-09,98.21660315931045,98.67589415591263,97.17602319282942,98.04436492919922,228263900
2008-06-10,97.36262218348097,98.38885734329553,97.13298212312402,97.55638885498047,260234900
2008-06-11,97.57793122593549,97.78604290260098,96.11393319909426,96.1211166381836,283890100
2008-06-12,96.59473643773187,97.50613501493628,95.81968081000207,96.4870834350586,252791800
2008-06-13,97.00380519531238,97.97262764742365,96.46557293310912,97.70709228515625,244726900
2008-06-16,97.2764963092835,98.26683605510341,97.21191107701816,97.76448822021484,185832500
2008-06-17,98.36731978204037,98.40319316756171,97.14731806418193,97.29085540771484,191707700
2008-06-18,96.6593392017979,97.25498421680881,95.95605211495032,96.34357452392578,265893000
2008-06-19,96.27180187080482,97.05404104521284,95.80533831160508,96.46556854248047,304204900
2008-06-20,95.8085447297223,95.98885289625903,94.64015133220819,94.89979553222656,289275700
2008-06-23,95.26757273306727,95.36854481578125,94.71223178070625,94.80598449707031,165096400
2008-06-24,94.5175123968147,95.52002503690042,93.89725206520623,94.61848449707031,267300600
2008-06-25,95.0007197857507,96.21238477174315,94.65453136191451,95.06562805175781,287853900
2008-06-26,94.17130395741269,94.78434479152249,92.37543162074256,92.48361206054688,297775000
2008-06-27,92.51969169680399,92.93800781079995,91.62536505857231,91.97876739501953,303423400
2008-06-30,92.23844618339406,92.97410659187973,91.81292154721731,92.30335998535156,258842600
2008-07-01,91.25033658355706,92.65674330794879,90.82481203531138,92.59183502197266,388622000
2008-07-02,92.887523345778,93.15438683850562,90.83922580800538,91.00511169433594,288064600
2008-07-03,91.67588819768172,91.67588819768172,90.14687290509109,91.0988998413086,239352500
2008-07-07,91.44507219519012,91.84174678105548,89.37513287452997,90.16848754882812,372427300
2008-07-08,90.14684216479982,91.87780114108922,89.5770678703822,91.76961517333984,375973700
2008-07-09,91.95715656949312,92.13025085290488,89.71412274159259,90.00261688232422,336729400
2008-07-10,89.7429633441284,90.72384001875214,89.12991679813042,90.37043762207031,436475700
2008-07-11,89.41117705905475,90.80315574188857,88.34375073904367,89.31741333007812,481124600
2008-07-14,90.34159013830543,90.51468440840735,88.27886461915145,88.50965881347656,322720800
2008-07-15,87.84614221224297,89.06502169396883,86.5623434257178,87.2619400024414,502502500
2008-07-16,87.59368139759046,89.8439286879233,87.34125113326635,89.40397644042969,371642900
2008-07-17,90.2550600129976,91.06284262128044,89.49776347382189,90.29833221435547,375490600
2008-07-18,90.99790079094807,91.17820891116595,90.26224608158861,90.86087036132812,267030100
2008-07-21,91.24314330896884,91.4523014359816,90.29111643924398,90.911376953125,222863000
2008-07-22,90.26226798520182,92.17353562382516,90.04589598740729,91.94274139404297,296904200
2008-07-23,92.23839398086616,93.14714267341378,91.99317765186409,92.44033813476562,311698400
2008-07-24,92.5629724384096,92.61346399370845,90.26945846925125,90.52188873291016,248634500
2008-07-25,90.79594656383769,91.22868490412529,90.27665835446595,90.500244140625,219131000
2008-07-28,90.52190952247028,90.91858417001673,89.01453045460254,89.17320251464844,205201300
2008-07-29,89.41840852773863,91.14936214033118,89.17318661432871,91.07723999023438,261505600
2008-07-30,91.67584074385196,92.75048086377066,91.07721659692801,92.69998931884766,354710000
2008-07-31,91.88502504982203,92.72887128845065,91.32967292253676,91.47392272949219,277402100
2008-08-01,91.68309003269795,91.79848438728676,90.48584127625176,90.99070739746094,248690900
2008-08-04,90.9041469283597,90.97626907940766,89.98097018878391,90.1468505859375,188239600
2008-08-05,90.88972085818804,92.72165214164696,90.13243000448902,92.57740783691406,251577600
2008-08-06,92.33216655369516,93.25534306154026,91.94270043271688,92.98847961425781,209555400
2008-08-07,92.2889285772239,92.63512266789147,91.26477954212528,91.603759765625,246312500
2008-08-08,91.29361328854594,93.70973561651707,91.1493634836591,93.30584716796875,260811700
2008-08-11,93.377945827132,94.84925486215317,93.20484611501657,94.27227783203125,249425800
2008-08-12,93.96218391855648,94.26510029532703,92.84427116764896,93.29144287109375,213200800
2008-08-13,92.88751231542236,93.50777259533265,92.0797355807048,92.72885131835938,256393200
2008-08-14,92.20233592321004,93.96214452146258,92.1374276565036,93.42842864990234,239555300
2008-08-15,93.70972800698112,94.12083579059976,93.25535904182793,93.88282775878906,181000800
2008-08-18,94.07035433007908,94.1064181578839,92.07254813028678,92.59904479980469,172275100
2008-08-19,91.89945518459464,92.09419106509412,91.25755862048648,91.58932495117188,194673700
2008-08-20,91.87779562520869,92.28168401115425,91.12049939899417,92.01483154296875,225498200
2008-08-21,91.41619629679467,92.63508067490635,91.30801034859297,92.17349243164062,180609800
2008-08-22,92.80099998376595,93.50780487060547,92.17353112540795,93.50780487060547,167715300
2008-08-25,92.89475282066758,93.50779387307325,91.41622392111367,91.61095428466797,171936900
2008-08-26,91.61094200436982,92.223993979732,91.29360347287309,91.87779998779297,159117200
2008-08-27,91.99321564339935,92.91639244394685,91.81290750258717,92.77214813232422,171032800
2008-08-28,93.24092319343163,94.0054277717059,93.11831500683415,93.89724731445312,167537100
2008-08-29,93.56548776666507,93.86119572854577,92.68558324920286,92.88752746582031,189195800
2008-09-02,93.78190060210203,94.27234463138143,91.97160472375963,92.31058502197266,252364900
2008-09-03,92.2312240600586,92.67839025857313,91.54605528252053,92.2312240600586,251947000
2008-09-04,91.57488531381297,91.76240729205777,89.403974092504,89.45446014404297,340042500
2008-09-05,88.92074996902062,90.11799298206704,87.99035944247656,89.7357406616211,289503400
2008-09-08,92.3466158682033,92.49087119013534,89.73575741724545,91.58932495117188,364075300
2008-09-09,91.66865777181216,91.85617977914643,88.56736104856132,88.87027740478516,377326800
2008-09-10,89.35348129488129,90.08192755714674,88.3870325233679,89.23087310791016,298916600
2008-09-11,88.0769111029894,90.68776911935727,87.7018671376387,90.52188873291016,375369400
2008-09-12,89.64199316306181,91.02675832088542,89.31022685457704,90.9402084350586,297851200
2008-09-15,87.72350693712607,90.62286466668151,86.46856392865962,86.61280822753906,483607000
2008-09-16,84.52845913378191,88.22117205356497,84.38421481375998,88.0625,581744300
2008-09-17,86.28826190942303,87.88218518586415,83.66297586557087,84.1029281616211,624095600
2008-09-18,85.14149389793643,87.83890175108843,82.07625595035603,86.59838104248047,776114700
2008-09-19,91.90907505671724,92.85210647688989,89.46445673290714,90.03752899169922,501087800
2008-09-22,90.27691584221982,90.4945401967404,87.31000331313153,87.99913787841797,249966500
2008-09-23,87.66545775147075,88.514182834996,85.80116149567766,85.99702453613281,327470400
2008-09-24,86.57733658597564,87.04885230953569,85.4457032769651,86.27266693115234,311818400
2008-09-25,86.6136023737203,88.43437560827955,85.91721227389581,87.62191772460938,328253000
2008-09-26,86.20012357218461,88.13695912342706,85.96799353084937,87.66544342041016,285917400
2008-09-29,86.42501413276064,86.57009336028194,80.4984385843888,80.79585266113281,459562300
2008-09-30,82.34096234425674,84.72755239270798,80.17924672817793,84.13996887207031,328154400
2008-10-01,83.61767024515515,84.6477524872798,82.6601331373222,84.19074249267578,332783000
2008-10-02,83.38554843924038,83.50161623803541,80.56371511043919,81.13678741455078,365337800
2008-10-03,81.86946465512527,83.7482668214828,79.56266932303312,80.04143524169922,461798000
2008-10-06,77.7274085808054,78.0683509643316,73.00500457988254,75.96466827392578,610637500
2008-10-07,77.5025143831977,77.85796795005939,72.28683958505631,72.56249237060547,540012100
2008-10-08,70.74171664086903,74.12211727620674,70.22667812796921,70.73446655273438,725414800
2008-10-09,72.29407886635138,72.99046906276152,65.46799496224418,65.79442596435547,534485200
2008-10-10,62.93631774691883,68.14474063192489,60.62952308677595,64.19852447509766,871026300
2008-10-13,68.09398377308003,73.52002716064453,65.25038301232206,73.52002716064453,455584000
2008-10-14,75.95013945916294,76.55222882551818,70.44430089985238,72.43191528320312,546268300
2008-10-15,70.69821132337613,70.94485274093942,65.07630343395303,65.30117797851562,484627500
2008-10-16,66.2223944951657,68.74680732898555,62.77671182787005,68.02140045166016,708811200
2008-10-17,66.73021372517864,71.51790063670768,66.48357790802362,67.6152114868164,476649000
2008-10-20,69.16755230737327,71.88782839865236,68.25353799106705,71.67745971679688,321294200
2008-10-21,70.34273907884779,71.55416780919201,69.07327644258557,69.53753662109375,356502000
2008-10-22,67.60793286163431,69.5375182145122,63.49487633713113,65.75089263916016,516168000
2008-10-23,65.49701730551249,67.06389399285376,62.247190586911,66.51258850097656,634666400
2008-10-24,60.97774132017218,65.22862892107882,60.934218649293896,63.13945770263672,545812600
2008-10-27,62.36325964495181,64.93120187018972,60.716582154797955,60.89793395996094,397288600
2008-10-28,63.357078662358276,68.36239075046798,61.31868567145288,68.01419830322266,639939500
2008-10-29,68.0214394392476,70.48782534268595,66.81001058802381,67.52091217041016,531270100
2008-10-30,69.47952028008055,70.03083145684101,67.39034894863674,69.85673522949219,414582100
2008-10-31,68.97171782144612,71.50338739676938,68.53647460885226,70.24118041992188,411394000
2008-11-03,70.2049044686767,70.86502764464642,69.60281519410559,70.44429016113281,205419400
2008-11-04,71.85881562956763,73.16455044298125,70.15411028691155,72.83811950683594,346793400
2008-11-05,71.9604116755213,73.05577839625572,68.91370281736344,69.77693939208984,387844100
2008-11-06,68.52196442303523,69.23286592429618,65.33017159072791,65.9104995727539,477721900
2008-11-07,66.48357400694276,68.18827989749657,65.64935458216425,68.08672332763672,380391000
2008-11-10,69.06600966318607,69.29813971493974,65.9540125249022,67.1944580078125,301773000
2008-11-11,65.837961522383,66.83902150401622,64.3073518294919,65.11980438232422,418498200
2008-11-12,64.00267808701825,64.52496660901703,61.746661308808314,62.25444412231445,454330600
2008-11-13,62.479294034651495,66.54157708463163,59.548649507184294,66.13534545898438,753141900
2008-11-14,64.85868046892683,66.78100571595648,62.76224792084834,62.83479309082031,540352300
2008-11-17,62.660686214334596,64.24207449186628,61.77569387769196,62.00056838989258,415254900
2008-11-18,61.76843963716528,63.270032695385495,60.14352865235953,63.16847610473633,523811800
2008-11-19,62.319737940869565,63.016128219272,58.69995186938276,59.120689392089844,558327600
2008-11-20,58.12686149715884,59.85333371639884,54.44179810657356,54.731956481933594,814180400
2008-11-21,56.19002018334506,58.68542179576414,53.92674856735457,57.684356689453125,718536500
2008-11-24,59.42535307654654,63.10316714755718,58.29371968067171,61.68136978149414,523305300
2008-11-25,63.3280687341405,63.48040362521383,60.80364852704988,62.13840103149414,454112400
2008-11-26,61.15185336880185,64.69909553753243,61.108325156175646,64.53950500488281,370134200
2008-11-28,64.29284242198462,65.3809532943931,64.18403576227826,65.35193634033203,118308100
2008-12-01,63.48041109229948,63.509428056072274,59.38185766092641,59.563209533691406,369927100
2008-12-02,60.549705519126725,62.015024796694426,59.51237359023754,61.85543441772461,469508400
2008-12-03,60.498950195353295,63.712503707640295,60.31034280922979,63.34254455566406,519863500
2008-12-04,62.42855628599297,63.87212093232989,60.745611414501305,61.87725067138672,444173800
2008-12-05,60.680318681189114,64.14050889194392,59.65749178342784,63.78506088256836,471905300
2008-12-08,65.53326789220631,67.01309888530906,63.89385200273195,66.01203918457031,412859300
2008-12-09,65.55504880447978,66.83176145563228,64.54673326771783,64.92394256591797,370790000
2008-12-10,65.51878995359556,66.27321424241548,64.56125249748156,65.366455078125,396187400
2008-12-11,64.9529747181166,66.01206878392625,63.37884209845273,63.79232406616211,365061000
2008-12-12,62.05860324392024,64.61203477284525,61.80470623473036,64.55400085449219,415060400
2008-12-15,64.57574466299107,64.6700511383227,62.59538616287254,63.65447998046875,256694200
2008-12-16,66.65042114257812,66.75197772245085,63.96641632979585,66.65042114257812,377699500
2008-12-17,65.89599432022989,67.04939476740343,65.33017753024292,66.00480651855469,281819800
2008-12-18,66.30220819696532,66.49806567335719,63.98815784151692,64.77159881591797,374673300
2008-12-19,65.15844955216825,66.27002220539329,64.41983928989906,64.49297332763672,301451300
2008-12-22,64.77820674870986,64.8440207164452,62.518499007577745,63.66663360595703,243759500
2008-12-23,64.01032124156242,64.30284068090555,62.745182616968975,63.00844955444336,221625200
2008-12-24,63.220515085385045,63.52766353937274,62.891434231029955,63.37409210205078,62061600
2008-12-26,63.798264609805486,63.842146165914826,63.25710710545546,63.73976516723633,74767700
2008-12-29,63.798269269953195,63.864088819252004,62.59894412981811,63.55694580078125,127795900
2008-12-30,63.99570136814156,65.12189764617764,63.534981412059565,65.06339263916016,168256300
2008-12-31,65.14383383324684,66.52598250470403,64.99026237856765,65.99213409423828,193987200
2009-01-02,66.13842136975794,68.33230967972146,65.70695376753827,67.98128509521484,227566300
2009-01-05,67.73993189302294,68.49317129756756,67.19877453170304,67.90081787109375,240349700
2009-01-06,68.47852882972936,69.07087656071732,67.77648562798792,68.35420989990234,328260900
2009-01-07,67.27921968971158,67.46935817713815,65.96288489882718,66.30659484863281,280899200
2009-01-08,65.93363302034788,66.61373276863951,65.57529405570772,66.5771713256836,263834400
2009-01-09,66.66494153844994,66.78194598929281,62.423422792998416,65.15115356445312,330953600
2009-01-12,64.96831886909804,65.01951493337654,63.1912753580956,63.5861701965332,277858500
2009-01-13,63.425295602855456,64.26628142094455,63.0377040907888,63.70318603515625,356432300
2009-01-14,62.55507424475237,62.70864576895062,60.814591391158636,61.699459075927734,435491600
2009-01-15,61.51660495020167,62.34296719893745,59.76149390732462,61.72136688232422,532647300
2009-01-16,62.78903724557502,62.88410365983846,60.73409850678765,62.20399856567383,399237200
2009-01-20,61.59704299647422,62.20401422393383,58.54022656216746,58.92049789428711,419855200
2009-01-21,59.92239620247132,61.60437365983442,58.847390186599185,61.465431213378906,364360700
2009-01-22,60.2734109871821,61.45811243724708,59.35929104775258,60.514739990234375,427940300
2009-01-23,59.16183297011007,61.42153437644513,58.92050401040118,60.77799606323242,386800600
2009-01-26,61.12901613646832,62.4234128881504,60.55860627817226,61.1948356628418,317978800
2009-01-27,61.5239173142656,62.26984219917976,60.916946004371916,61.816436767578125,273789700
2009-01-28,63.18398125552235,64.31748681088294,62.94265221455697,63.907962799072266,330007000
2009-01-29,62.97186644278241,63.98105239235487,61.77254206931618,61.83104705810547,294392500
2009-01-30,62.14552952604417,62.45267247236115,60.11983671007131,60.5732421875,383383600
2009-02-02,59.65180855766967,60.8291954467923,59.461670054383774,60.390419006347656,288233300
2009-02-03,60.77070234548346,61.6921369565729,60.12716381197843,61.238731384277344,278385800
2009-02-04,61.648261900322694,62.43074848433016,60.72682727544361,60.93890380859375,322989300
2009-02-05,60.478147739768715,62.37220636564861,56.843613062953914,61.845672607421875,417679400
2009-02-06,62.05777436664317,63.87138518661629,61.92614087331083,63.608123779296875,366101700
2009-02-09,63.59350370415379,64.16391372925357,63.12547467949006,63.695884704589844,240075200
2009-02-10,63.08888795380776,63.64467433937675,60.29533814381465,60.77799606323242,536212800
2009-02-11,61.02664558518265,61.46542762433485,60.25878817535709,61.1363410949707,324442500
2009-02-12,60.09059782055621,61.297237473766835,59.271549778112224,61.180233001708984,469302200
2009-02-13,61.099773368345296,61.60436373458542,60.50741990807541,60.52204895019531,293998400
2009-02-17,58.620677940164036,60.66830296997522,57.89669103244891,57.933258056640625,478910100
2009-02-18,58.35012490469972,58.45982045139104,57.245866072209026,57.79433822631836,362964800
2009-02-19,58.38667812055847,58.61338370619219,57.0557194377512,57.1727294921875,316867500
2009-02-20,56.11232637376341,57.28970741969771,55.41027753116223,56.61691665649414,477176600
2009-02-23,57.23850751210333,57.23850751210333,54.54733932318779,54.59122085571289,379641400
2009-02-24,55.05926505629106,57.00450911038862,54.6277976047836,56.660804748535156,426260900
2009-02-25,56.41218061554447,57.34823872932067,55.30792194413045,56.2147331237793,461985800
2009-02-26,56.90945082364829,58.26234722045747,55.23478242221702,55.300601959228516,363353900
2009-02-27,54.12320990474737,55.351787212307755,53.97694738042779,54.06470489501953,470510900
2009-03-02,53.03358061898411,54.057396079909104,51.46129876683886,51.629493713378906,426452600
2009-03-03,52.36809770724576,52.43391165747311,50.927443950370055,51.24190139770508,443761000
2009-03-04,52.090200804269124,53.289525435739186,51.2418950223618,52.455848693847656,462753100
2009-03-05,51.263860694954,52.45587702966823,49.85245885559055,50.31317901611328,485549400
2009-03-06,50.7519377334435,51.51979509835019,49.06995489334205,50.40091323852539,490470000
2009-03-09,49.69154179539101,51.190700248697425,49.53066142411512,49.80855178833008,379905300
2009-03-10,50.832363390568766,52.92386944516092,50.72998244350564,52.77760696411133,406227900
2009-03-11,53.38462404960787,53.9330962145011,52.529008811417796,53.12135696411133,356648300
2009-03-12,53.10671082822512,55.39566501086911,52.63136737232886,55.21284103393555,409702700
2009-03-13,55.58579912576335,56.295156993022886,54.649741330373494,55.6442985534668,337474700
2009-03-16,56.28055229161069,57.01916298182607,55.43956058445618,55.47612762451172,360644900
2009-03-17,55.6296942702243,57.3043630137551,55.17628867830335,57.1727294921875,356814300
2009-03-18,56.90213474478612,59.16184207835825,56.360977316740204,58.452484130859375,473273200
2009-03-19,59.18375027488038,59.23494074123615,57.545649772153425,57.72847366333008,428520400
2009-03-20,58.00912246444318,58.11960312275388,56.36665757973271,56.49923324584961,371078200
2009-03-23,57.99435007932888,60.60903290066357,57.67764206676673,60.55747604370117,419933300
2009-03-24,59.83571683870687,60.66063275408436,59.29805289489757,59.36433792114258,330271000
2009-03-25,59.828336005175984,60.911030414528845,58.23006159090841,59.9903678894043,441775100
2009-03-26,60.5796190562831,61.35297814301165,59.89464563124024,61.213035583496094,422025200
2009-03-27,60.43229800926084,60.78582931664561,59.88726167985119,60.10822296142578,322332300
2009-03-30,58.77511274998625,58.82666963969075,57.41989424745732,58.03121566772461,324108500
2009-03-31,58.59832478924554,59.71785353197971,58.22269853648837,58.56886291503906,364238300
2009-04-01,57.83970114744936,59.96827244010096,57.69239739224059,59.703121185302734,377018300
2009-04-02,61.19092316475384,62.31781333907648,59.754686072177314,61.448707580566406,476230700
2009-04-03,61.492877850661934,62.07473712774206,60.88892357635853,62.06000900268555,284646300
2009-04-06,61.38241417998942,62.07475425347184,60.609060967430025,61.57391357421875,264866600
2009-04-07,60.57958543422,60.874198523713,60.034554871188185,60.13766860961914,258947800
2009-04-08,60.439642422257464,61.087792337312614,60.0566493427699,60.78581237792969,230402800
2009-04-09,62.36201234080629,63.20902321714655,62.11159476341297,63.201656341552734,269653500
2009-04-13,62.54611332606875,63.73929370243522,62.29569587507153,63.21635818481445,224847500
2009-04-14,62.627176016854165,63.16484565561589,61.927474418040035,62.12633514404297,276598800
2009-04-15,61.75070830324905,62.91442772655207,61.581309451834265,62.78921890258789,250726100
2009-04-16,63.29003219061122,64.18859981840902,62.43565457097438,63.70985412597656,335202900
2009-04-17,63.95291427645527,64.55686877471553,63.4447066747595,64.13704681396484,262649000
2009-04-20,63.00278656925204,64.11494861379059,61.38241694834099,61.448707580566406,293690100
2009-04-21,60.99940185437802,62.70078400698021,60.9478449897318,62.649227142333984,114090900
2009-04-22,62.08214091980254,63.59202469384178,61.920103351432985,62.266273498535156,340395200
2009-04-23,62.39145101523067,62.91438660227466,61.59599732538452,62.8775634765625,324903700
2009-04-24,63.36368400631831,64.30644164122087,63.113266467981774,63.827701568603516,287703000
2009-04-27,63.105897732774714,64.08548409173824,63.002783970702616,63.22373962402344,289581600
2009-04-28,62.58297389011857,63.776149253947594,62.42830321774369,63.0248908996582,247926300
2009-04-29,63.724573320432576,65.0797914465598,63.56254144013553,64.3653564453125,311505700
2009-04-30,65.21973366718528,65.5658980465644,64.0191861723297,64.387451171875,301419800
2009-05-01,64.40217585531042,64.9693014023161,63.87187343151035,64.73361206054688,236110300
2009-05-04,65.21974122469256,66.98004767695699,65.09452683968637,66.93585205078125,287120000
2009-05-05,66.70751953125,66.97267077147531,66.16985017766041,66.70751953125,243036300
2009-05-06,67.52511875197851,67.90811215246727,66.73703131505573,67.86392211914062,291941000
2009-05-07,68.50468382498843,68.60779761601395,66.49395366143065,66.921142578125,317728000
2009-05-08,67.78288256556932,68.65935542016558,67.34833238610813,68.48258972167969,299081700
2009-05-11,67.53979952850621,67.84177952923021,67.05369264494405,67.20099639892578,247923600
2009-05-12,67.48825848687106,67.63556789469276,66.17723566329434,67.00215148925781,282431300
2009-05-13,66.09620312459879,66.29506937891027,65.18290746348012,65.31548309326172,269619100
2009-05-14,65.3449567843981,66.3761001336759,65.18291924988996,65.87525939941406,260098700
2009-05-15,65.82368264724471,66.28769448570475,64.92511522290965,65.33757019042969,271502700
2009-05-18,65.95628588137758,67.27467007883746,65.23448376667231,67.19365692138672,241447400
2009-05-19,67.1568227645741,67.73868228738998,66.88430457208179,67.11263275146484,206102200
2009-05-20,67.72392942845357,68.34998440701601,66.58967820396407,66.663330078125,285722200
2009-05-21,65.88998121645768,66.1404043692322,65.00614735564102,65.70584869384766,258988400
2009-05-22,65.88998539788432,66.28771234627546,65.3154927899679,65.56591033935547,166811900
2009-05-26,65.07978602763052,67.43667959080547,65.05032415568114,67.24518585205078,236318500
2009-05-27,67.34831631198868,67.57663885217556,65.9415410784116,66.0446548461914,246015800
2009-05-28,66.62649841195507,67.2746427431597,65.62481723328038,66.96530151367188,289095000
2009-05-29,67.33356672292166,69.01285411089839,66.78853613297497,68.15111541748047,258641500
2009-06-01,68.9907671802686,70.09556223517778,68.81400154488104,69.80094909667969,276246800
2009-06-02,69.5284270578772,70.24286199463108,69.40321831742769,69.85986328125,230874500
2009-06-03,69.26331296876705,69.32959800127105,68.3205550446182,68.97606658935547,235310500
2009-06-04,69.2338388066216,69.72731269204172,68.71826991428408,69.62419891357422,210102300
2009-06-05,70.33128894328433,70.46386464499561,69.08655634201422,69.63895416259766,284257900
2009-06-08,69.11598191431638,70.04401141408461,68.52676120564857,69.35167694091797,238565100
2009-06-09,69.74204421063811,70.0734805423499,69.24856472173309,69.70521545410156,225125500
2009-06-10,70.32390395404826,70.33126520995617,68.6372491700491,69.52845001220703,296100400
2009-06-11,69.66101055290149,70.78790058300436,69.64627680572423,69.83777618408203,275414200
2009-06-12,69.52843336034178,70.07346398879777,69.23382023548413,70.0292739868164,184361800
2009-06-15,69.2043651000426,69.24855510632707,68.05537998241782,68.42364501953125,224190500
2009-06-16,68.66670655737249,68.71089656704504,67.4514307178665,67.49562072753906,227319000
2009-06-17,67.46614441615306,68.00381376903053,66.89901880931423,67.4293212890625,223445200
2009-06-18,67.53246090868576,68.25425741210502,67.2083857981743,67.92282104492188,211725100
2009-06-19,68.5731379748765,68.66201723135163,67.78800208621395,68.17316436767578,215655600
2009-06-22,67.50656111443254,67.54359791596866,66.1066559119092,66.12887573242188,251913600
2009-06-23,66.2695794738212,66.57325963815833,65.81034933267867,66.18069458007812,188309800
2009-06-24,66.78068116475973,67.46211530292537,66.36589049937987,66.75105285644531,211577700
2009-06-25,66.41773717294207,68.26946401941211,66.34366922928764,68.20280456542969,279411000
2009-06-26,67.97318391983634,68.32130945744161,67.60283856511103,68.02503204345703,167579000
2009-06-29,68.22503581395628,68.75092564833959,67.84728189170077,68.66204071044922,168481300
2009-06-30,68.67683364741822,68.92866574006958,67.60282888193817,68.10649871826172,228888200
2009-07-01,68.39537280856528,69.05459269467984,68.2990850571658,68.38796997070312,173041100
2009-07-02,67.49912699899235,68.41017885130361,66.48438457399386,66.52141571044922,212309900
2009-07-06,65.87700574519556,66.61028765624837,65.66961333811147,66.51399993896484,174499600
2009-07-07,66.44734493883102,66.52882134696954,65.18076484552338,65.22520446777344,197088900
2009-07-08,65.61778328316657,65.77333329567576,64.4400878386064,65.18077850341797,248050500
2009-07-09,65.63259206149542,65.84739300557804,65.11411092131016,65.30668640136719,163777600
2009-07-10,64.95858000620998,65.5437264082851,64.69933935997982,65.15116119384766,173520300
2009-07-13,65.41038447359837,66.7880694289569,64.87708634236013,66.73622131347656,217413500
2009-07-14,66.94361420094356,67.17323212897678,66.46216983314598,67.11397552490234,181487400
2009-07-15,68.00280789325883,69.26198540970425,67.16582947927891,69.07681274414062,220877900
2009-07-16,68.88425231032748,70.00269712905042,68.75092772497625,68.96572875976562,231174500
2009-07-17,69.66934329976297,69.86192440286611,69.28418674457647,69.72119140625,138561700
2009-07-20,70.12859027491373,70.58041201902977,69.7656534422868,70.46189880371094,164179400
2009-07-21,71.01002075380622,71.03224057105282,69.9360158283733,70.78781127929688,217718300
2009-07-22,70.33596181927265,71.20256825706709,70.28411371575554,70.7729721069336,196068100
2009-07-23,70.81742050359213,72.64692697754127,70.75816390622063,72.3358383178711,258795500
2009-07-24,71.99513142127623,72.69138246479632,71.61738324538551,72.63212585449219,154003100
2009-07-27,72.49877554189962,72.88393772097456,72.09880204102308,72.8469009399414,159259400
2009-07-28,72.33582418917644,72.86171367333603,71.89140544671454,72.50617980957031,186685200
2009-07-29,72.1728630062416,72.65430716952628,71.83214615407807,72.32840728759766,194399300
2009-07-30,73.20245180461399,73.94314238893422,73.03209048377123,73.08393859863281,225575400
2009-07-31,73.06912215305101,73.6764881635914,72.86913254472731,73.18762969970703,207358000
2009-08-03,73.95795573029551,74.46162556740434,73.55798212573664,74.39496612548828,175776900
2009-08-04,74.06164245985408,74.69122826270154,73.9060981309873,74.58753204345703,176714600
2009-08-05,74.63939275811532,74.70605785375665,73.75797474568381,74.37274932861328,184726400
2009-08-06,74.71348169132709,74.82458078851806,73.63947665996237,73.98760223388672,193203800
2009-08-07,74.76531025676557,75.57266029054863,74.3579281702562,74.9578857421875,220640900
2009-08-10,74.61718022855406,74.97271425430478,74.26905469215816,74.80235290527344,130898700
2009-08-11,74.46903719647489,74.52088531493658,73.66908995361932,73.86907958984375,157301000
2009-08-12,73.74316060285848,75.22454192891685,73.7061294603198,74.66162109375,219052400
2009-08-13,75.00232895399502,75.26156952416714,74.26163838149148,75.23194122314453,176449500
2009-08-14,75.194929342916,75.25418596459038,73.84687228044778,74.65422821044922,199616100
2009-08-17,73.21728787679301,73.29135583005535,72.66917824142452,72.81731414794922,237667500
2009-08-18,72.98027258758142,73.65430401089647,72.84694800115773,73.39505767822266,173461500
2009-08-19,72.81726562966053,74.29124347727308,72.74319772574978,74.0394058227539,192812800
2009-08-20,74.13573013887935,74.97271425430478,73.97278293022447,74.80235290527344,174131300
2009-08-21,75.41712547869824,76.38742846975467,75.2689896017964,76.2689208984375,224605000
2009-08-24,76.5800023177976,76.99478725433144,75.9874475647313,76.26150512695312,191279000
2009-08-25,76.56515884888898,77.22437276814274,76.24666179175368,76.40961456298828,215310600
2009-08-26,76.17260874123062,76.7651634050126,75.91336819495854,76.41703796386719,194620700
2009-08-27,76.37262423476355,76.82444604760019,75.50601740726586,76.5874252319336,196230100
2009-08-28,77.20220830845007,77.29108759209916,76.04672676180842,76.57261657714844,147024400
2009-08-31,75.82449961535202,75.98004396499162,75.39489770624024,75.89115905761719,176051600
2009-09-01,75.51340211411309,76.46889363719028,74.06164926036641,74.21719360351562,321276800
2009-09-02,73.90610930688166,74.394967829547,73.75056495449385,73.93573760986328,171805000
2009-09-03,74.36532633986832,74.6393782045659,73.7653632001645,74.55049896240234,143572300
2009-09-04,74.69865176134084,75.61710659537135,74.47644795445767,75.59488677978516,142687900
2009-09-08,76.29115137002992,76.32818816993884,75.83932953604796,76.24671173095703,132909100
2009-09-09,76.38001878476044,77.09108110198682,76.14299801235165,76.83184051513672,154612500
2009-09-10,76.88368415856141,77.66881436191152,76.45408226762542,77.6169662475586,162902400
2009-09-11,77.76511808677715,77.99473605555455,77.23922834709774,77.60216522216797,152360100
2009-09-14,76.94293622174193,78.11322870664162,76.40223525725153,77.97990417480469,149593800
2009-09-15,78.10581939982649,78.59467789511162,77.59474674232554,78.3058090209961,196795900
2009-09-16,78.58728505818155,79.50573997800288,78.31323310565827,79.49092864990234,206406300
2009-09-17,79.37981647309967,80.03903070673334,78.93540320843962,79.3724136352539,229170900
2009-09-18,79.74303367261004,79.75047744932367,79.15510022686878,79.42301940917969,153799100
2009-09-21,78.80532336035623,79.63140663104419,78.6341562266827,79.22208404541016,151892000
2009-09-22,79.69095360477615,79.90677774662754,79.33372606841615,79.68350982666016,143126700
2009-09-23,79.8695499080567,80.3979444987501,78.87973768363166,79.0211410522461,225947400
2009-09-24,79.19230544969444,79.36347255128794,77.80805837327009,78.15039825439453,228636800
2009-09-25,77.97922846349456,78.41087663890947,77.4657157831583,77.73363494873047,204059000
2009-09-28,78.03131819640998,79.29649320893671,78.01643632286985,79.12532043457031,118285800
2009-09-29,79.26676027754428,79.64630784589868,78.72347795724308,78.88720703125,133733900
2009-09-30,79.15511343344045,79.22953417917948,77.8601742881767,78.58206176757812,254383000
2009-10-01,76.65452780146295,78.68624739585279,76.61731459446172,76.6322021484375,281840600
2009-10-02,75.92517972543381,76.72893718303806,75.90285407571214,76.27496337890625,224748800
2009-10-05,76.5801063041762,77.6368955084234,76.35683842026454,77.41362762451172,149875000
2009-10-06,77.97182631258714,78.96908277858944,77.92717498713384,78.52255249023438,202491100
2009-10-07,78.34389400572859,78.82019916068013,78.19505254838836,78.73833465576172,159200300
2009-10-08,79.29650470083072,79.75791666062831,78.77554820443147,79.34115600585938,183305800
2009-10-09,79.36348013722157,79.82489776611328,79.1550998138311,79.82489776611328,135008300
2009-10-12,80.1970052868339,80.44259313214322,79.83977782775277,80.13746643066406,118031000
2009-10-13,79.92164454292045,80.15979429623955,79.4527888129935,79.97373962402344,157692700
2009-10-14,80.91146146399001,81.43241230529503,79.94397484106545,81.35054779052734,191421600
2009-10-15,80.95609277056519,81.6482162475586,80.91888524991467,81.6482162475586,173873600
2009-10-16,80.97097929470893,81.32075723848702,80.54677495469943,81.03795623779297,192069400
2009-10-19,81.17195566985397,81.96082589151959,80.9189239677875,81.70779418945312,159530400
2009-10-20,81.82685097276337,81.8566204047277,80.88169563913455,81.27613067626953,180921100
2009-10-21,81.14959102383492,82.0947460799718,80.48723697142267,80.5467758178711,225379300
2009-10-22,80.51700876636703,81.62589284393208,80.00349613701285,81.36541748046875,238444000
2009-10-23,81.63334258389744,81.68543766039637,80.1002483593305,80.43515014648438,240033200
2009-10-26,80.52445971772818,81.35054291510261,79.34115472999278,79.56442260742188,242028200
2009-10-27,79.65371132326639,79.92163045827706,79.00624481193807,79.19973754882812,253266300
2009-10-28,78.99881155365293,79.2444050730981,77.6592157002591,77.70387268066406,248821400
2009-10-29,78.28432965226803,79.52717292769452,78.09827506572147,79.37088775634766,198110600
2009-10-30,79.11043678715768,79.34858650402057,76.98197120859805,77.07127380371094,325608100
2009-11-02,77.49549085673654,78.44809555814551,76.71406463182902,77.63689422607422,254222900
2009-11-03,77.20522003624862,77.99409545039379,77.05637861814975,77.88246154785156,228362600
2009-11-04,78.52251943040443,79.1327785590757,77.8824908713177,78.08342742919922,247996700
2009-11-05,78.63412872702195,79.54207051937591,78.47039975002707,79.51974487304688,180015300
2009-11-06,79.08067519423192,79.92908399944567,78.92438995937019,79.72814178466797,170954100
2009-11-09,80.3384457134749,81.58873396851486,80.2789125035708,81.54408264160156,159495700
2009-11-10,81.35055671337592,81.811974421955,81.09752504211379,81.5589370727539,171899800
2009-11-11,82.094757150646,82.47431025051722,81.58125014510718,81.9756851196289,169466200
2009-11-12,81.86402071825331,82.28822496213047,80.93374775554588,81.14212799072266,157144500
2009-11-13,81.35052618628514,81.93101573470405,80.93376562392014,81.58123779296875,150963000
2009-11-16,82.14683888646135,83.12176901688197,82.10218759182446,82.76454162597656,210922200
2009-11-17,82.54871195158276,82.8984955435877,82.23614155453271,82.86128234863281,147134100
2009-11-18,82.80176600340988,82.92828180725449,82.28825333400381,82.8092041015625,156486800
2009-11-19,82.24359225925757,82.83896368314923,81.21656704250023,81.7300796508789,208734600
2009-11-20,81.30589788170835,81.68545103143656,81.12728697275206,81.43985748291016,134196000
2009-11-23,82.39989872057154,83.15899932712283,82.31059042888504,82.47431945800781,148010200
2009-11-24,82.60828148486347,82.75712296411125,81.8715065100915,82.60083770751953,138420100
2009-11-25,82.73480512171845,82.98039869581052,82.47432966947187,82.8910903930664,109564800
2009-11-27,80.67334769914719,82.10224693978117,80.59148314784557,81.54408264160156,126001800
2009-11-30,81.47707228344854,82.01290502078793,80.46493431635439,81.81941223144531,160874800
2009-12-01,82.54871342092274,83.09943919078857,82.40731576903738,82.8315200805664,159613700
2009-12-02,82.81662953943224,83.35991151496151,82.54871043888852,82.79430389404297,132315100
2009-12-03,83.01759841119087,83.48645414900864,82.07988125761725,82.14685821533203,167324900
2009-12-04,83.23341219935124,83.63529095705722,81.89382201826902,82.61571502685547,274907800
2009-12-07,82.54127463376314,83.00268645911365,82.22869855582738,82.48917388916016,127973800
2009-12-08,81.89382100963435,82.43709744503509,81.32076946891348,81.57380676269531,169863700
2009-12-09,81.55149200788976,81.99802212241259,81.13472564678845,81.87894439697266,155063400
2009-12-10,82.38501385716062,82.69759004930356,82.19895916852391,82.34036254882812,138014600
2009-12-11,82.69013977050781,82.87619444451617,82.3180304224911,82.69013977050781,124854000
2009-12-14,83.2557601928711,83.35250659396681,82.7050341861878,83.2557601928711,107141500
2009-12-15,82.95061603752538,83.29295595989328,82.60827611515748,82.8687515258789,120408800
2009-12-16,83.20364049091255,83.44922830996033,82.80919986941969,82.99525451660156,155358200
2009-12-17,82.39987213525889,82.55615733683304,81.92357275581294,81.99799346923828,183390100
2009-12-18,82.45440732460949,82.52923440466918,81.76604157269627,82.4618911743164,174591200
2009-12-21,82.87346891246132,83.57679709347121,82.87346891246132,83.29995727539062,118039600
2009-12-22,83.4794938621739,83.77878511444426,83.37474278015515,83.59921264648438,91707500
2009-12-23,83.80122274765888,83.88352797668075,83.42711014610683,83.76380920410156,111783100
2009-12-24,83.94340671728052,84.25017615286039,83.80124206919103,84.16039276123047,39677500
2009-12-28,84.47466190032542,84.54199945668351,84.04068973099214,84.33998107910156,87508500
2009-12-29,84.55695786099257,84.5719198579235,84.21277484651071,84.22025299072266,80572500
2009-12-30,83.97331969555732,84.28757292069736,83.92842230017628,84.19029998779297,73138400
2009-12-31,84.37738345811275,84.39983501728383,83.34483436802682,83.38224792480469,90637900
2010-01-04,84.07807588374169,84.84126314956657,83.43460169303377,84.79637145996094,118944600
2010-01-05,84.74401138748014,85.05826468909152,84.43723622983082,85.0208511352539,111579900
2010-01-06,84.93853147569733,85.29019827149394,84.87119394042013,85.08069610595703,116074400
2010-01-07,84.9235801469248,85.54460857883376,84.68414825502704,85.43985748291016,131091100
2010-01-08,85.2153658864423,85.761572783385,85.04327729060778,85.72415924072266,126402800
2010-01-11,86.10577268331942,86.14318052486202,85.4772604352372,85.8438949584961,106375700
2010-01-12,85.27522189729622,85.45479433625928,84.71405303059488,85.04327392578125,163333500
2010-01-13,85.260258573059,86.00100562524415,84.82629229900213,85.7615737915039,161822000
2010-01-14,85.6643017286333,86.15064925135069,85.61192619286406,85.99352264404297,115718800
2010-01-15,85.84386572792245,85.926165234695,84.6990765632089,85.0282974243164,212283100
2010-01-19,85.01334185342184,86.1431576966123,84.9908903042385,86.09078216552734,139172700
2010-01-20,85.50721583607049,85.6344128108606,84.53452603598923,85.21540832519531,216490200
2010-01-21,85.23779698744663,85.49967461527811,83.47198539906273,83.57673645019531,344859600
2010-01-22,83.20265859458345,83.60670097811244,81.6239026122505,81.71369171142578,345942400
2010-01-25,82.46191139546593,82.6115598837771,81.86333456773966,82.1326904296875,186937500
2010-01-26,81.81096666277043,82.65646506127828,81.58650245644192,81.78852081298828,211168800
2010-01-27,81.6837655418521,82.36465339588445,81.05525894598233,82.17759704589844,271863600
2010-01-28,82.4469444998714,82.49183618944313,80.7409917940765,81.23481750488281,316104000
2010-01-29,81.5864863225913,82.15513914148427,80.22471652286497,80.35191345214844,310677600
2010-02-01,80.92059627856061,81.60896243071849,80.43424851791347,81.60147857666016,187865000
2010-02-02,81.75109504519604,82.74623032126817,81.46676578759902,82.58910369873047,216327900
2010-02-03,82.21500489079158,82.66394469756342,81.93816514625661,82.17759704589844,172730700
2010-02-04,81.54159085645924,81.57899869413097,79.6261303205877,79.64109802246094,356715700
2010-02-05,79.73087512300845,79.97030695758033,78.24939243050274,79.80570220947266,493585800
2010-02-08,79.8655587798935,80.30701463030229,79.1697090935076,79.22956848144531,224166900
2010-02-09,80.15736531927934,80.92055823621249,79.51389117696525,80.2247085571289,337820500
2010-02-10,80.09748797338541,80.50900829540596,79.3941546515817,80.06755828857422,240511500
2010-02-11,79.96284171182765,80.99539059459958,79.49893996005733,80.90560150146484,223591600
2010-02-12,80.05263314915994,80.88316379155664,79.69348815750591,80.83827209472656,304622100
2010-02-16,81.45181609479833,82.19255762963103,80.67366100720871,82.1102523803711,159317500
2010-02-17,82.50679912656365,82.61155591760517,82.11024064146352,82.49932098388672,168845100
2010-02-18,82.3646663356927,83.15778355751304,82.33473662997206,82.9856948852539,193708600
2010-02-19,82.76868597008253,83.47949773223486,82.57414579081214,83.15776062011719,222684900
2010-02-22,83.4645369109417,83.48698275722953,82.92581376600896,83.1727294921875,132346900
2010-02-23,82.94829022305069,83.20268418620111,81.94566495364374,82.16265106201172,207497000
2010-02-24,82.40953390034475,83.05300811358092,82.20003173017597,82.91832733154297,176350700
2010-02-25,81.73610632525562,82.86592779698626,81.51164222585172,82.80606842041016,259634700
2010-02-26,82.88092057887437,83.14280402156395,82.3870948099157,82.85847473144531,173589300
2010-03-01,83.20264821013885,83.80123071291916,83.1802023652731,83.71892547607422,147709700
2010-03-02,84.07808460592936,84.35492433189098,83.80123917146133,83.95088195800781,160992400
2010-03-03,84.1678776399232,84.52702836070165,83.81621077188163,84.02571868896484,150785000
2010-03-04,84.13794094317292,84.39982439063003,83.82368765643227,84.28010559082031,135770400
2010-03-05,84.8262974260863,85.55207111299062,84.62427341473223,85.48473358154297,176118800
2010-03-08,85.49220142456166,85.68673584021128,85.3500368290062,85.49967956542969,114631200
2010-03-09,85.24529490087514,86.03841176416392,85.20040321684147,85.64185333251953,154556700
2010-03-10,85.6793078437486,86.25543899551867,85.60448643174712,86.02349090576172,186088800
2010-03-11,85.82147544411681,86.4050962168355,85.55959762152354,86.38264465332031,160791100
2010-03-12,86.75670441104488,86.77167211090283,86.15064386241067,86.39007568359375,162074800
2010-03-15,86.24044800219787,86.47239601397314,85.74661657370171,86.41253662109375,146816800
2010-03-16,86.65196664351676,87.18320589989897,86.41253478559089,87.10090637207031,168673000
2010-03-17,87.3627936206281,87.90151678695261,87.10839403274979,87.6171875,177468100
2010-03-18,87.62465642111796,87.74436948851027,87.22061411522124,87.57228088378906,196509100
2010-03-19,87.12899780273438,88.12072194949086,86.7909065080597,87.12899780273438,226641100
2010-03-22,86.63315430155838,87.7526051603953,86.58056307364089,87.5948257446289,184477800
2010-03-23,87.72254897920718,88.28602885699651,87.43704883930513,88.21089935302734,182941600
2010-03-24,87.88033496564069,88.2259353179145,86.83601923776565,87.78266143798828,196072600
2010-03-25,88.3761773326104,88.78188351117642,87.53471776107797,87.63990020751953,223396300
2010-03-26,87.80519035799986,88.21840548268291,87.24171049814827,87.58731079101562,205808500
2010-03-29,88.03058290574796,88.30105370945982,87.669958988808,88.14328002929688,134513500
2010-03-30,88.24845332195432,88.52643876691637,87.8352382211879,88.20337677001953,145772500
2010-03-31,87.86529493014702,88.29353941584793,87.60985346555981,87.90286254882812,161078700
2010-04-01,88.50391387939453,88.84199953407587,87.97799585520636,88.50391387939453,161215200
2010-04-05,88.8420363634822,89.28530466035492,88.59410372352805,89.22520446777344,105847600
2010-04-06,88.96976503371485,89.59335115960836,88.87209719660575,89.43557739257812,110384200
2010-04-07,89.2552288470178,89.67595872043607,88.51143116534884,88.92465209960938,184576300
2010-04-08,88.61662525262993,89.38296131627914,88.35366904726612,89.23269653320312,158704000
2010-04-09,89.42049780536206,89.85625695444412,89.25521518896443,89.81869506835938,133006500
2010-04-12,89.93138046457156,90.19434230970676,89.82619801932283,89.96143341064453,110279000
2010-04-13,89.87129430071978,90.18684168560836,89.40548216206457,90.02906799316406,125043600
2010-04-14,90.35962076248089,91.05082702636719,90.21687644021098,91.05082702636719,161609000
2010-04-15,90.90056707270159,91.33632619557918,90.8705141264328,91.12596130371094,144615300
2010-04-16,90.8029320827977,91.12599420681953,89.2176744198087,89.67597198486328,366786700
2010-04-19,89.4129886922404,90.10418930059454,89.00728249202896,90.01403045654297,217947800
2010-04-20,90.57749143875432,90.89304446109794,90.05909395664256,90.81790924072266,157708000
2010-04-21,90.87053807140687,91.08090875072254,90.14928436694073,90.65266418457031,192910100
2010-04-22,90.01403832933038,91.03581572322632,89.49564069373167,90.9231185913086,115360300
2010-04-23,90.86301432087221,91.5542149584822,90.63010539688429,91.51664733886719,177335500
2010-04-26,91.54668898832799,91.7495449379877,91.0808826618757,91.17103576660156,143457300
2010-04-27,90.64511152760112,91.16350900706449,88.84197515604423,89.01477813720703,355853300
2010-04-28,89.44306740117098,89.91638857173423,88.85704334407289,89.69099426269531,300674100
2010-04-29,90.2319380138787,90.99075942360479,90.20939972887955,90.80293273925781,193775000
2010-04-30,90.81793009760044,90.9156036137146,89.2401875515945,89.26272583007812,270000900
2010-05-03,89.69097809402642,90.66767894777048,89.55574267938516,90.41974639892578,182747900
2010-05-04,89.41299953836666,89.4280231481908,87.8427657730724,88.29354858398438,360353400
2010-05-05,87.57229783390082,88.50392217018694,87.12902967926058,87.76763916015625,328973200
2010-05-06,87.34690727284612,87.90287255412181,78.88719331780163,84.85256958007812,647356600
2010-05-07,84.62714800420105,85.47612212820243,82.2004316692531,83.59034729003906,637558800
2010-05-10,87.00882001217379,87.63992056946417,86.33264862281126,87.27178192138672,396159600
2010-05-11,86.45284725660245,88.17333999921667,86.33264118538804,87.02384185791016,317849800
2010-05-12,87.36944647938446,88.36868564767911,87.21918171797857,88.24095916748047,235607100
2010-05-13,88.00053195595174,88.41375284101133,87.0689134620157,87.14404296875,234452500
2010-05-14,86.4904089837724,86.64818266574703,84.79996930716923,85.56629943847656,345601400
2010-05-17,85.79919288137322,86.03961071212542,83.9735180087192,85.61136627197266,325739800
2010-05-18,86.31012178041568,86.5655690690979,84.16889858006371,84.44688415527344,360556800
2010-05-19,83.97351998486648,84.72482644014923,82.91418086356477,83.96601104736328,394742700
2010-05-20,82.17794171747117,82.56110981839763,80.74294860539979,80.79553985595703,530418300
2010-05-21,79.5708659903271,82.17789446255905,79.15764516498075,81.97504425048828,500909400
2010-05-24,81.53177416919634,82.18541285013191,80.84808827416079,80.9232177734375,269823000
2010-05-25,78.96984194235742,81.04344988825277,78.42138556922751,81.0058822631836,396505200
2010-05-26,81.50173251313183,82.24552435111723,80.27709923655485,80.51751708984375,349719300
2010-05-27,82.03514796821248,83.24475173546195,81.72710959165232,83.2146987915039,300870500
2010-05-28,83.12455935914817,83.1846652610917,81.77971989623686,82.17040252685547,297933500
2010-06-01,81.40405785401248,82.60614710355496,80.66778069642369,80.7879867553711,277909400
2010-06-02,81.20120024376952,82.89914864671519,80.77295580840526,82.89163970947266,240243700
2010-06-03,83.13209322894393,83.4401260165185,82.32819523383849,83.17716979980469,226618300
2010-06-04,81.59941725341412,82.1403589687346,79.98410677905851,80.25457763671875,398475600
2010-06-07,80.54008982549867,80.8481283769458,79.19525564493631,79.25535583496094,264609100
2010-06-08,79.31542733129467,80.26207513050238,78.62422672387927,80.10430145263672,357774300
2010-06-09,80.5701067374713,81.3514661783541,79.33796454700598,79.67605590820312,268023300
2010-06-10,81.03592554972069,82.10277948304385,79.66854784773933,82.00511169433594,317890600
2010-06-11,81.28386739204299,82.45590391873888,81.23127615640958,82.40331268310547,214128200
2010-06-14,83.03440454313268,83.4851930976109,82.19294480307111,82.27558898925781,207196100
2010-06-15,82.8541061685142,84.22148420270709,82.7113560540165,84.14635467529297,238268700
2010-06-16,83.71056578966754,84.46187226216216,83.54527744859656,84.11627197265625,216374000
2010-06-17,84.35670834960533,84.3942759742899,83.43260439531846,84.25152587890625,263185800
2010-06-18,84.41835194582929,84.64481281261405,84.07110734266423,84.34286499023438,174006600
2010-06-21,85.39214129770144,85.45252740100152,83.63326717508446,84.1012954711914,213140700
2010-06-22,84.10128706583356,84.47117710845046,82.59152520780687,82.7123031616211,239355400
2010-06-23,82.76513321430575,83.05953627539148,81.88947445189996,82.45563507080078,254639900
2010-06-24,82.04802715648185,82.15371004787711,80.87795916838135,81.08932495117188,268523600
2010-06-25,81.33085503605321,81.84417420573291,80.59861974526034,81.42899322509766,238726500
2010-06-28,81.5498268236274,81.76874309417428,80.8779829199054,81.1723861694336,169218600
2010-06-29,80.03248580163827,81.15726270459827,78.1679344595734,78.66615295410156,373649500
2010-06-30,78.44722999464304,79.1719150437309,77.66215308497664,77.91881561279297,284101700
2010-07-01,77.86600510583783,78.12266197632285,76.34114169656492,77.57160186767578,382924800
2010-07-02,77.83577868812233,78.06978995009239,76.71100763503695,77.14883422851562,233385200
2010-07-06,78.23586550962946,78.7869311675895,76.90727335179758,77.65460968017578,256935300
2010-07-07,77.85089257040644,80.19857345723352,77.76785518140976,80.1004409790039,253769400
2010-07-08,80.77225218636683,80.98361790611675,79.94943481172834,80.89303588867188,210842100
2010-07-09,80.87040323011831,81.50450629453412,80.71942932678778,81.49695587158203,144999900
2010-07-12,81.22519798360536,81.7083213838913,80.8855038225336,81.54979705810547,131283600
2010-07-13,82.39526723307011,83.10485149922371,82.22919248164523,82.78025817871094,213025900
2010-07-14,82.51603493050132,83.0972964881092,82.17634080618421,82.77269744873047,184426800
2010-07-15,82.74251530547305,83.08220948638731,81.6554847116905,82.79535675048828,232337900
2010-07-16,82.34997283449977,82.44056063588246,80.35708727836438,80.51561737060547,282693400
2010-07-19,80.8100410480113,81.24786780100173,80.18348822105786,80.9912109375,186709000
2010-07-20,79.91926336610179,81.94988958936929,79.88151700774846,81.8895034790039,258162400
2010-07-21,82.3121890860687,82.33483458472152,80.49292390385962,80.8250732421875,264527000
2010-07-22,81.78380367893152,82.99161787016432,81.77625901571787,82.6292724609375,274781300
2010-07-23,82.46321262267081,83.46720590285723,82.22920131649425,83.34642791748047,222020800
2010-07-26,83.4898306759316,84.29755305004244,83.25581942788443,84.21451568603516,184445700
2010-07-27,84.67502339363939,84.76561121159433,83.87485115920695,84.20700073242188,204855600
2010-07-28,84.03335750582625,84.29002005536452,83.38415934787601,83.66346740722656,163056200
2010-07-29,84.18434472103033,84.4108113735301,82.59155076645048,83.25584411621094,220149100
2010-07-30,82.4103320749755,83.6860824160928,82.2669086453426,83.2406997680664,220070600
2010-08-02,84.53911503668614,85.25625538677264,84.19942091668196,85.12037658691406,188263200
2010-08-03,84.90901633661308,85.12792675566438,84.43343762670565,84.7127456665039,146657300
2010-08-04,84.94677349115825,85.38460593318725,84.66747115619418,85.27892303466797,158171700
2010-08-05,84.73539650372935,85.23362075319706,84.60706810951564,85.18832397460938,140473800
2010-08-06,84.35039071301284,84.97694324639784,83.73138860127752,84.841064453125,239728300
2010-08-09,85.24117253035985,85.43744322919146,84.78824502168253,85.29401397705078,120800400
2010-08-10,84.56933461851996,85.2864751691823,84.07111605254893,84.83354187011719,242916300
2010-08-11,83.5275719401415,83.55776786696758,82.37260509564345,82.50848388671875,273406900
2010-08-12,81.26295107492057,82.29713448971711,81.22520471643477,82.00273132324219,239542600
2010-08-13,81.74607434580214,82.25184329646342,81.66303696473409,81.76116943359375,158698500
2010-08-16,81.20254187241966,81.98761873520715,80.90813876878491,81.7234115600586,147895300
2010-08-17,82.42545395649236,83.33130880577993,82.19143694232008,82.72740173339844,172270300
2010-08-18,82.68966719714132,83.32376448622713,82.21409423032696,82.87838745117188,182922100
2010-08-19,82.44807423977056,82.65188950275564,81.09683704215844,81.43653106689453,265847600
2010-08-20,81.19503168719925,81.48189027033042,80.58357967037723,81.1723861694336,209714200
2010-08-23,81.55732005013947,81.95740594150385,80.82508477306125,80.86283111572266,163490300
2010-08-24,79.97966929975502,80.31181890587486,79.2398888706717,79.6626205444336,280677800
2010-08-25,79.22477048523044,80.27405477128731,78.7265519456074,79.97210693359375,272234800
2010-08-26,80.3495397052633,80.45522259007403,79.17192136706679,79.4361343383789,224439500
2010-08-27,79.93434474429773,80.74961756690233,78.74163144003745,80.66658020019531,272649000
2010-08-30,80.45524631253195,80.7043585113024,79.4889992183415,79.49654388427734,167238600
2010-08-31,79.2021406527439,80.00231870704106,78.87754147960615,79.49654388427734,273933100
2010-09-01,80.56844879021982,81.98762294625548,80.51560735247607,81.8743896484375,256828100
2010-09-02,82.07067995501498,82.6519359093012,81.89705475557116,82.6368408203125,156112200
2010-09-03,83.44454828913807,83.7842424429879,82.99916549439274,83.70875549316406,212197300
2010-09-07,83.31623299933463,83.42191589756284,82.6972306985897,82.76516723632812,141973700
2010-09-08,82.93124099430986,83.67857169673103,82.89349463428128,83.34642791748047,149924400
2010-09-09,84.2824728824462,84.30511839313175,83.50494629938638,83.73140716552734,147017900
2010-09-10,83.88238664094234,84.25227675294755,83.69366637328666,84.15414428710938,127819000
2010-09-13,84.98453467338125,85.26383705705672,84.64483464665058,85.09021759033203,178503500
2010-09-14,84.92411258426112,85.52046926596702,84.60706394617495,85.03734588623047,209823600
2010-09-15,84.78822734688029,85.46007092587892,84.53157059053679,85.3619384765625,168608400
2010-09-16,85.09774797348955,85.39215113841304,84.81088947279488,85.33930969238281,199962900
2010-09-17,85.78857196874935,85.87205387958907,85.135898369521,85.37116241455078,195836900
2010-09-20,85.66716826254996,86.86626718184056,85.39395570397441,86.6765365600586,214555200
2010-09-21,86.74482329402998,87.15463625059081,86.14527396778446,86.50196838378906,268389100
2010-09-22,86.36537481979522,86.8510847116156,85.83412564491012,86.07698059082031,191322400
2010-09-23,85.37117807576122,86.26670672804738,85.13591398757262,85.37876892089844,202354300
2010-09-24,86.32744131157013,87.20020341472203,86.25155021349597,87.13948822021484,209671800
2010-09-27,87.16984372711899,87.2685015732376,86.63860026321957,86.72207641601562,128761800
2010-09-28,86.8358889301889,87.30642284471593,85.89482689125254,87.02561950683594,209207500
2010-09-29,86.80554193463733,87.20777566990623,86.53232940772031,86.87384796142578,179665800
2010-09-30,87.31404262168623,87.87564369342252,86.20601059160276,86.61582946777344,287106700
2010-10-01,87.26847567650884,87.36713928346875,86.46401987271895,86.98008728027344,174638700
2010-10-04,86.79793405573005,87.16221346908534,85.89481478533708,86.32740020751953,166153200
2010-10-05,87.12427617080765,88.27783543726092,87.02561257313681,88.06533813476562,229634100
2010-10-06,88.05019418723208,88.2854641216503,87.70109049919826,88.05778503417969,148626600
2010-10-07,88.41444297914659,88.43720972044777,87.42025667487957,87.95149993896484,164860000
2010-10-08,88.07295383443386,88.68767917444282,87.73902609906166,88.44482421875,177760100
2010-10-11,88.5814141257225,88.77114470574156,88.2247197088678,88.52828979492188,103098300
2010-10-12,88.23989933302866,89.05953686294369,87.76937118039147,88.80150604248047,182210000
2010-10-13,89.29478036286247,89.97022059359682,89.08227730331731,89.49209594726562,194347200
2010-10-14,89.40864230059785,89.5604302482337,88.58141969892557,89.14302062988281,217764300
2010-10-15,89.76533351266893,89.81845784490203,88.61177410269983,89.32515716552734,243705000
2010-10-18,89.35551631713268,90.06131433778684,89.02917947338683,89.76533508300781,141204800
2010-10-19,88.93812340615472,89.43900921025319,88.05017974278041,88.58901977539062,280604700
2010-10-20,88.74837228294396,89.88675569020546,88.69524795554312,89.45417022705078,200051800
2010-10-21,89.85640916820994,90.38006166274572,88.95328970108055,89.65149688720703,221585500
2010-10-22,89.78807046118888,89.95503424712132,89.5528064665292,89.81842803955078,108212400
2010-10-25,90.41799593946995,90.88852981650626,90.01576807544537,90.08406829833984,151145700
2010-10-26,89.62871691220244,90.19031775813275,89.45416803649579,90.09925079345703,158982900
2010-10-27,89.46934674662532,89.93988064267248,88.99122779669491,89.84121704101562,190024000
2010-10-28,90.35731592013894,90.39526436325417,89.42384443674695,89.85643005371094,168576000
2010-10-29,89.7653325104512,90.09926018939835,89.60595951553131,89.9247055053711,144305500
2010-11-01,90.36488161930585,90.88094903541229,89.4389954501045,89.95506286621094,174074800
2010-11-02,90.63053910127323,90.88098495884712,90.38768409123436,90.66848754882812,158345900
2010-11-03,90.82785407237377,91.08588496880029,89.89437675680541,91.03276062011719,226702800
2010-11-04,92.04208891859271,92.83136874796162,91.04790263078903,92.78583526611328,215039400
2010-11-05,92.8465469352755,93.28672323772392,92.72512238397923,93.13494110107422,180654100
2010-11-08,92.84654868390379,93.1121761132195,92.54298440488724,92.96038818359375,156107100
2010-11-09,93.21083679346219,93.30949460816703,91.92067119758438,92.29254150390625,186621600
2010-11-10,92.2697839931215,92.70996036144723,91.57157679585059,92.66442108154297,221387400
2010-11-11,91.8675386494391,92.4519062213804,91.58673533869909,92.31529998779297,158017600
2010-11-12,91.69300713234797,92.09523509107132,90.80506928496415,91.22247314453125,239068800
2010-11-15,91.5108697435124,91.8675642188311,91.05551743485569,91.09346008300781,163940800
2010-11-16,90.53184312703094,90.6836252731051,89.24167172492972,89.67426300048828,299566200
2010-11-17,89.71221964031636,90.09168085482924,89.4465979481811,89.71981048583984,172308900
2010-11-18,90.5849767046667,91.36666583797214,90.57738585955275,91.04032897949219,197723700
2010-11-19,90.9947922268435,91.32871412834784,90.50149153425163,91.290771484375,156852900
2010-11-22,90.83542071033428,91.25282454156557,90.1372077264298,91.21488189697266,181361000
2010-11-23,90.13719540979609,90.32692597718989,89.5452369659462,89.89434051513672,222309000
2010-11-24,90.46355071973443,91.24524568097478,90.44837481889067,91.22247314453125,140046100
2010-11-26,90.4332085980961,90.92650359492188,90.15999603271484,90.15999603271484,76007800
2010-11-29,89.93232062663988,90.67606726048743,89.35553787733684,90.43321228027344,223642300
2010-11-30,89.53765928490188,90.44077292278129,89.40863808796091,89.9247055053711,233930700
2010-12-01,91.22248803656059,92.01176818201314,91.21490297995975,91.83721923828125,221037200
2010-12-02,91.98141462987353,93.08185584793539,91.92829028073398,93.0135498046875,191213600
2010-12-03,92.69475489639532,93.37019517553124,92.6719881573417,93.26394653320312,151288900
2010-12-06,93.06665772616853,93.37781870914691,92.96799989235818,93.16532135009766,103050500
2010-12-07,94.06082610197606,94.11395042820128,93.16529760980994,93.21842193603516,206581000
2010-12-08,93.3322785381552,93.63584286358369,92.8996930052894,93.55995178222656,138019200
2010-12-09,94.08362076767759,94.12156341760442,93.46130456571106,93.92424774169922,123705100
2010-12-10,94.21262073693326,94.56172432560601,93.90146558207806,94.47065734863281,117571700
2010-12-13,94.90322523610574,95.01705893618335,94.50099159873588,94.5313491821289,133812700
2010-12-14,94.67554518318809,95.03983038966062,94.32644166329858,94.61483001708984,147249600
2010-12-15,94.44030285550997,94.81217320061654,94.0228932303059,94.18226623535156,160823100
2010-12-16,94.2429660612445,94.79698185624382,93.91662925928432,94.72867584228516,185035200
2010-12-17,94.66232012639377,94.95222519666594,94.46396096222398,94.83016204833984,141075300
2010-12-20,95.08955349826891,95.28791266999404,94.58603353382084,95.05903625488281,119085500
2010-12-21,95.3565765365793,95.722777653673,95.26503062273284,95.6617431640625,94965500
2010-12-22,95.73040369809583,95.98979153529217,95.67699997746311,95.95927429199219,78878100
2010-12-23,95.85245480049862,95.9592622283366,95.58543623090365,95.82193756103516,70053700
2010-12-27,95.46338903896536,95.95165334056983,95.39472959994424,95.860107421875,58126000
2010-12-28,96.0508097174269,96.08895189965054,95.7456431567976,95.99740600585938,55309100
2010-12-29,96.11187222563964,96.2797083533972,96.05083773159888,96.06609344482422,58033100
2010-12-30,95.97454004348258,96.22629712578026,95.76855009729353,95.91350555419922,76616900
2010-12-31,95.76853656747136,96.02793019999487,95.61595618638819,95.9363784790039,91218900
2011-01-03,96.66876039778188,97.34775288751224,95.89821620068642,96.92815399169922,138725200
2011-01-04,97.14180501387528,97.1723222610335,96.27208384186038,96.87478637695312,137409700
2011-01-05,96.56960930798039,97.4393303861695,96.47805757638238,97.3782958984375,133975300
2011-01-06,97.41643743866626,97.52324487481928,96.89765596853647,97.18756103515625,122519000
2011-01-07,97.31725611356775,97.47746726971687,96.24155097354692,96.99683380126953,156034600
2011-01-10,96.56961972594075,97.0121110788802,96.27970878822262,96.87478637695312,122401700
2011-01-11,97.22570937890964,97.45457996264261,96.85187753051225,97.21807861328125,110287000
2011-01-12,97.8131617778129,98.2022435389134,97.24097073384638,98.0954360961914,107929200
2011-01-13,98.13356851517072,98.17934146318831,97.69107728244019,97.9352035522461,129048400
2011-01-14,97.79788749896363,98.66760845952517,97.72922807497798,98.64472198486328,117677900
2011-01-18,98.5531768133287,98.90412220408169,98.43874442565821,98.81257629394531,114401300
2011-01-19,98.72864861828303,98.82781946714368,97.58427825481331,97.84366607666016,151958400
2011-01-20,97.62239940608464,97.95807734905226,96.98917987780446,97.71395111083984,175745700
2011-01-21,98.3242968926682,98.5455366884653,97.82839612649295,97.9352035522461,151462900
2011-01-24,97.87417198361857,98.60657409707804,97.85128550892952,98.49214172363281,113715500
2011-01-25,98.23274251293438,98.6294608103988,97.73685337195636,98.54553985595703,167552200
2011-01-26,98.78969071606443,99.21692048877571,98.59132572077831,98.92700958251953,141281500
2011-01-27,98.94989111615138,99.33898450060926,98.77442424851334,99.171142578125,123302700
2011-01-28,99.28554957116351,99.44576650752226,97.27908942131798,97.43930053710938,295637300
2011-01-31,97.70634867015912,98.2480107978662,97.46221073458481,98.17171478271484,149249200
2011-02-01,98.76681850609211,99.91881406972193,98.70578400958233,99.74334716796875,167194300
2011-02-02,99.48392597657137,99.81960981368196,99.43052807946961,99.55259704589844,118323600
2011-02-03,99.37710831960133,99.92640697089449,98.85070778315354,99.7738265991211,145886700
2011-02-04,99.81196506530983,100.0942393081761,99.35421235259177,100.05609130859375,134634800
2011-02-07,100.27736601056768,101.00975655164972,100.2697294241966,100.68170928955078,112439100
2011-02-08,100.77324320514109,101.19284796579669,100.49859387463346,101.13945007324219,99072800
2011-02-09,100.86483342121913,101.1852558037667,100.40708050835683,100.91060638427734,146436700
2011-02-10,100.3994165842324,101.06314757318121,100.17054021665624,100.94871520996094,162708500
2011-02-11,100.5519845780058,101.681093107029,100.52909810817746,101.55139923095703,137710300
2011-02-14,101.49037912098905,101.8794608042436,101.37594675566001,101.79553985595703,101690700
2011-02-15,101.48279527961172,101.63537570889389,100.94875795655382,101.47515869140625,119575400
2011-02-16,101.81847666916389,102.23806992893925,101.61248669214343,102.11601257324219,130183500
2011-02-17,101.81845358910657,102.55846906697909,101.72689604166257,102.42115020751953,109810500
2011-02-18,102.51268141454749,102.7568193178744,102.2761800964095,102.63475036621094,130002400
2011-02-22,101.55905115358003,102.65764856172534,100.30024841407696,100.57489776611328,233116400
2011-02-23,100.5138710185154,100.75800896850784,99.3389891473068,99.95694732666016,227584000
2011-02-24,99.85011589877114,100.27734556749465,98.94987197584484,99.88825225830078,260431400
2011-02-25,100.3078862157912,101.01740198329988,100.2468517251671,100.95636749267578,141686900
2011-02-28,101.3301960676368,101.7116528907052,100.99451220075446,101.58194732666016,141585500
2011-03-01,101.90235493851512,101.9939008272029,99.85774084244999,99.88825225830078,258565500
2011-03-02,99.7509680219012,100.567291282944,99.44580719301273,100.10191345214844,200277400
2011-03-03,101.00972689998389,101.9404821552841,101.0021019569889,101.8260498046875,176480100
2011-03-04,101.74977364764304,101.94813861553011,100.39942508279766,101.06315612792969,277202300
2011-03-07,101.36066356182714,101.58953988470122,99.74329105814813,100.26969146728516,216790400
2011-03-08,100.42996159684823,101.46752472129806,99.99510683000665,101.14710235595703,174615000
2011-03-09,100.94872307839334,101.31491831037687,100.3994244098498,101.00212097167969,153806000
2011-03-10,99.94168985507791,100.07900872667422,99.03382073350686,99.13300323486328,301291800
2011-03-11,98.81258582246849,100.17819622528754,98.78969934272745,99.81962585449219,225621800
2011-03-14,99.17114599053953,99.54496621527747,98.46163026814438,99.2169189453125,234974100
2011-03-15,96.57720643040761,98.66759337873673,96.50854701691617,98.08014678955078,359585400
2011-03-16,97.76736966305637,98.0878036077191,95.57781143506386,96.26443481445312,468670300
2011-03-17,97.65292848509225,97.95046428592481,96.96630516756782,97.53849029541016,254303700
2011-03-18,98.72077865274645,98.75143430952784,97.70170020720542,97.89325714111328,230435400
2011-03-21,99.11156440559553,99.61726583625706,98.996623227762,99.41039276123047,153992600
2011-03-22,99.39505098343547,99.52530828000042,98.97362344060419,99.06556701660156,129538600
2011-03-23,98.78976625932101,99.60963579674625,98.32237842308648,99.34912109375,148603100
2011-03-24,99.9160957128648,100.44479474050729,99.35675271902481,100.29920959472656,159129800
2011-03-25,100.55974109310995,101.04245665872644,100.29155668532758,100.605712890625,155642800
2011-03-28,100.8202607907779,101.08077545088601,100.32987543987068,100.36051940917969,109762400
2011-03-29,100.27622036913716,101.06543400424297,99.94674805369048,101.0347900390625,129798800
2011-03-30,101.56349225038258,102.03089165314213,101.41790710484484,101.73206329345703,135835000
2011-03-31,101.60180885965616,101.87765132963119,101.48686767700347,101.5941390991211,132537100
2011-04-01,102.22246587034205,102.4983083791105,101.778052290009,102.02323913574219,153850100
2011-04-04,102.237793669398,102.42169259345215,101.8163776341378,102.10753631591797,100768900
2011-04-05,101.90828711167191,102.54425752447142,101.86231531898642,102.0921859741211,120791500
2011-04-06,102.58257250121987,102.67451608771327,102.0002319422088,102.41400146484375,120411600
2011-04-07,102.23012682369286,102.65921258461084,101.6477978184056,102.15351104736328,170731500
2011-04-08,102.60553615558207,102.6668357638586,101.3795673734613,101.80099487304688,147945400
2011-04-11,101.9083028727785,102.25310306295363,101.24934646172225,101.49454498291016,121385400
2011-04-12,100.92753413686906,101.1267491704319,100.36819107561658,100.73597717285156,161187400
2011-04-13,101.2033901122216,101.28000589300768,100.3452185404685,100.72833251953125,162059000
2011-04-14,100.14595249930738,100.95815194560384,99.81648021859347,100.8049087524414,161220400
2011-04-15,100.98878134971574,101.42552492129325,100.68995310862486,101.17266845703125,170006700
2011-04-18,100.06168981809024,101.16505976732026,99.23416235616774,100.03870391845703,210759300
2011-04-19,100.19196795726023,100.64405135793561,99.94678107967565,100.61339569091797,124258800
2011-04-20,101.81639134988207,102.20716346296328,101.74742193675141,101.9849624633789,156133800
2011-04-21,102.51363188637227,102.55194562206499,101.98494442397096,102.50597381591797,135935400
2011-04-25,102.42931034459357,102.56723740626921,102.06152433296938,102.39866638183594,65757100
2011-04-26,102.71286024322508,103.48674627280623,102.60558879663255,103.27986145019531,146600000
2011-04-27,103.47909733310634,104.10739823524295,103.05766958012406,103.95415496826172,143031000
2011-04-28,103.77023399726662,104.42919042789731,103.75491785801916,104.29127502441406,124791100
2011-04-29,104.3295573160035,104.64371345154504,104.19163026237553,104.53643035888672,115094100
2011-05-02,105.02686296127492,105.11113680550825,104.16867977029676,104.37556457519531,126278700
2011-05-03,104.1763170725466,104.35254615944173,103.47137734155376,104.00007629394531,138375000
2011-05-04,103.9540989706959,104.0000707568552,102.85072933605066,103.31047058105469,182678500
2011-05-05,102.73582992349868,103.40244440122126,101.92363028588063,102.37570190429688,226900000
2011-05-06,103.39480987428412,103.92350907356692,102.429355095868,102.82779693603516,222787200
2011-05-09,102.8200813461746,103.52500932030287,102.65916840921794,103.22618103027344,114104500
2011-05-10,103.57101134230133,104.29126735206316,103.44075401802439,104.10736846923828,114806900
2011-05-11,103.95411454744605,103.96944237569777,102.53660026440649,103.01165771484375,193564200
2011-05-12,102.7358396553249,103.71661044554722,102.20714052634206,103.50206756591797,171550700
2011-05-13,103.5557137779245,103.70129897457973,102.33741401388113,102.7052001953125,157444900
2011-05-16,102.33742522189594,103.14196708140659,101.88535343982224,102.05392456054688,141675400
2011-05-17,101.67075767057709,102.17647076996185,101.23400225973376,102.03854370117188,192686200
2011-05-18,102.09217667057962,103.057619304117,101.86996410390677,102.95034790039062,135217900
2011-05-19,103.28746611174381,103.46369515756152,102.62851001466078,103.19551086425781,119489500
2011-05-20,102.9273868830014,103.19555961127982,102.18414494479417,102.37570190429688,182594900
2011-05-23,101.12674968460388,101.69376250999389,100.8279212868856,101.18804931640625,168700000
2011-05-24,101.47916966473962,101.70137049034084,100.91215711861061,101.10371398925781,147199600
2011-05-25,100.69766077392704,101.86233035797638,100.66701680484815,101.44090270996094,151050100
2011-05-26,101.16508309125788,102.09222412648562,100.97352608901106,101.9083251953125,164850000
2011-05-27,102.1917703526787,102.57488414923723,101.87762592519667,102.29904174804688,120921900
2011-05-31,103.26449595850733,103.37942542074877,102.55189821749471,103.36409759521484,164731200
2011-06-01,103.06529074950986,103.37944693395248,100.95816443075331,101.04244995117188,233094300
2011-06-02,101.11142146883537,101.32596430866437,100.34519370038673,100.9351806640625,200466800
2011-06-03,99.72454222490619,100.69765479220737,99.67091235927666,99.93142700195312,234690200
2011-06-06,99.67858029402859,99.88546509155233,98.74378136205837,98.87403869628906,179951200
2011-06-07,99.37976058722766,99.66327287284487,98.72847385910252,98.81275939941406,161660500
2011-06-08,98.65946325187333,98.98894720518697,98.2150498332791,98.3989486694336,198696400
2011-06-09,98.66716385876236,99.55597928213147,98.42963509511591,99.1498794555664,160964400
2011-06-10,98.72846634857237,98.78975428985441,97.51016098774765,97.77067565917969,238629400
2011-06-13,97.99288283593002,98.26106726987602,97.3492542245111,97.84729766845703,207599800
2011-06-14,98.74377303586793,99.43338507222836,98.70547099916045,99.08858489990234,160570400
2011-06-15,98.26106052640566,99.07326015055784,97.06574114374551,97.32625579833984,300958000
2011-06-16,97.35691834959471,98.05418856785485,96.78991132152781,97.54081726074219,308032800
2011-06-17,98.50952297959623,98.51722489209908,97.50078981072525,97.83190155029297,233284900
2011-06-20,97.50078830226005,98.54032323022156,97.4699865275631,98.33241271972656,159479000
2011-06-21,98.84059798037009,99.8724306283822,98.37088136453302,99.67992401123047,193157300
2011-06-22,99.37191373179087,99.95712959218605,99.01769640203132,99.07929992675781,176703000
2011-06-23,97.91657332926155,99.05620926830764,97.16964667841911,98.79440307617188,334286500
2011-06-24,98.77130813359028,98.84830373822163,97.50076316044671,97.64706420898438,226129300
2011-06-27,97.70867401129296,98.89450979581584,97.51616736285479,98.51720428466797,168904700
2011-06-28,98.90990514078764,99.81854255337362,98.77130600563365,99.80313873291016,165556300
2011-06-29,100.25745035213886,100.8195664206985,99.81854134645243,100.65786743164062,244295500
2011-06-30,100.98129880600389,101.78212138700128,100.65019297193686,101.62042236328125,223322700
2011-07-01,101.71278327639612,103.26054384375568,101.47407697487726,103.12193298339844,202385700
2011-07-05,103.01413922080405,103.24514950950521,102.71382937039397,103.03723907470703,165936000
2011-07-06,102.79087476503314,103.29138745109324,102.49826084105453,103.16048431396484,143331600
2011-07-07,104.07680146827438,104.49261067597124,103.86119495322063,104.23080444335938,170464200
2011-07-08,103.05263767924089,104.23077716736256,102.7138241729132,103.49154663085938,194100500
2011-07-11,102.22104223644799,102.55214807051502,101.38171597133996,101.62042236328125,195918600
2011-07-12,101.40479467916906,102.24412076919647,101.1506845166551,101.18148040771484,214675700
2011-07-13,101.71278553289136,102.5829191348533,101.27387658964182,101.52027893066406,204062600
2011-07-14,101.77441732022999,102.24413403010054,100.627073422435,100.819580078125,226111800
2011-07-15,101.38169293036299,101.54339191733376,100.69636980777588,101.40479278564453,220012800
2011-07-18,100.93508696070191,101.089089928971,99.81855075365935,100.57317352294922,196872100
2011-07-19,101.13527583721334,102.32881924028122,101.1121759826103,102.20561218261719,166554900
2011-07-20,102.46741861987826,102.52901039212745,101.96689441040799,102.14399719238281,137145400
2011-07-21,102.72151436703703,103.81496216607958,102.15939839968198,103.56085205078125,245246300
2011-07-22,103.58394251326015,103.73794542532954,102.9987149978598,103.63014221191406,126019400
2011-07-25,102.64458293163021,103.5609167762614,102.53677964106639,103.05269622802734,136653800
2011-07-26,102.98333143093545,103.15273817309412,102.436607535847,102.66761779785156,131278200
2011-07-27,102.09780533808609,102.12861297624971,100.43454536738969,100.56546020507812,249020100
2011-07-28,100.56547151311632,101.46640116113034,100.11114692165138,100.27285766601562,207939900
2011-07-29,99.26411470779541,100.52695764403083,98.5402879486718,99.5875244140625,307038400
2011-08-01,100.75025401069178,100.84266517090255,98.2014684394825,99.16400146484375,325790900
2011-08-02,98.41709186117032,98.94841206269977,96.63063049316406,96.63063049316406,346653800
2011-08-03,96.76154937567667,97.26206198649658,95.12138888998315,97.15425872802734,370830800
2011-08-04,95.80668512679755,95.96069393467054,92.44936948802544,92.60337829589844,520721800
2011-08-05,93.75841198616334,93.99711827971956,89.98528161711022,92.46476745605469,655619200
2011-08-08,90.02382449475553,92.49560950165781,86.25838851946678,86.44319915771484,702263900
2011-08-09,87.83691457510395,90.58590869333266,84.91081179316865,90.46270751953125,717828700
2011-08-10,88.75324210336974,89.53866642515396,86.20445079356472,86.46626281738281,662607400
2011-08-11,87.2132133826602,91.57156083485634,86.4893865068318,90.34722137451172,487979700
2011-08-12,91.17115002469663,91.79486968671071,90.30871812333906,90.9555435180664,313731600
2011-08-15,91.7794693675765,92.97300703409856,91.63316243835747,92.88060760498047,258810600
2011-08-16,91.99506396174739,92.93449720176768,91.10183043030653,92.08746337890625,294095200
2011-08-17,92.5956721912996,93.32719490233634,91.41753276992029,92.14905548095703,238201100
2011-08-18,89.70809431373262,92.17987886838385,87.31331124017738,88.17574310302734,512956300
2011-08-19,86.98220233959779,89.23067855791398,86.62799081546605,86.73579406738281,428281300
2011-08-22,88.68393697569277,88.73014255348536,86.55866839195588,86.8050765991211,275090600
2011-08-23,87.12850021611666,89.76198945326809,86.68958534325809,89.6618881225586,331136600
2011-08-24,89.46937881273708,91.0479295757452,89.26146837271409,90.92472839355469,246869700
2011-08-25,91.42524949176865,91.94116583997851,89.222973218248,89.53868103027344,312365400
2011-08-26,89.08435989909606,91.25583420480623,87.66750820769415,90.84001922607422,314495900
2011-08-29,92.06435148172017,93.50430291738942,90.90931191963836,93.45040130615234,190977200
2011-08-30,93.04230935760405,94.27435066146018,91.83336791025206,93.69683074951172,241315700
2011-08-31,94.2974527414809,95.10598298720828,93.4042249781867,94.1126480102539,301828400
2011-09-01,94.16655655701737,95.02128657967225,93.00381470978503,93.12702178955078,254585900
2011-09-02,91.18654982076055,93.0731185417044,90.42422512119184,90.74763488769531,255517200
2011-09-06,88.083305770159,90.21628185738417,88.07560386239919,90.08537292480469,285130500
2011-09-07,91.44835566763156,92.664993164324,91.14034386948246,92.62649536132812,209803200
2011-09-08,92.07206113202564,93.12699946903564,91.45603763051818,91.66394805908203,250568200
2011-09-09,90.61669972148353,91.67933395334245,88.7686353346915,89.2614517211914,380195100
2011-09-12,88.14494081377853,89.90830233216863,87.82153107018813,89.83899688720703,305793500
2011-09-13,90.13158863353428,91.00171631355711,89.49246533877775,90.66290283203125,272514700
2011-09-14,91.12494324415269,93.01921381300859,89.87750393641417,91.91807556152344,319389500
2011-09-15,92.90368334581404,93.53510473850481,91.94115037678331,93.50430297851562,326777200
2011-09-16,93.87972779139065,94.40605513137002,93.12893671323452,94.05774688720703,284528300
2011-09-19,92.51745058177775,93.60106618712945,91.89050412596018,93.12117767333984,241517000
2011-09-20,93.51591759387085,94.42150816354834,92.88897118489868,93.01280975341797,218932200
2011-09-21,93.05928492888405,93.34566503427612,90.12578442791737,90.27284240722656,316251300
2011-09-22,87.6566991674185,88.39974862391843,86.14738088159554,87.3548355102539,513911300
2011-09-23,86.77432161926019,88.36104557934617,86.70465760033511,87.88115692138672,307242500
2011-09-26,88.70932024204795,90.094799376534,87.44768558907637,89.97095489501953,260673700
2011-09-27,91.74344140757151,92.5406710847121,90.4353620896049,90.9771728515625,311753900
2011-09-28,91.16297071296253,91.71251754956334,88.98800274053454,89.11958312988281,286696800
2011-09-29,90.59790092579338,91.04682237687875,88.18298685186507,89.82389068603516,298108900
2011-09-30,88.5854638539182,89.35947404366053,87.51733191795626,87.57925415039062,288392300
2011-10-03,87.06840887361498,88.19846309759956,84.99406122685757,85.08694458007812,365136800
2011-10-04,83.86401676901697,87.13808301225374,83.15192869375666,86.95231628417969,459177500
2011-10-05,87.1690483915403,88.7944689575896,86.36407691292257,88.56226348876953,284108000
2011-10-06,88.51582688636651,90.29605310952972,87.85791924919072,90.16446685791016,257800800
2011-10-07,90.69078429566002,90.75270653613815,89.05762211073629,89.56072998046875,312657900
2011-10-10,91.08552409640969,92.59484168271518,91.07778234064597,92.55614471435547,230666300
2011-10-11,92.00660094107653,92.91219152023581,91.91371758479241,92.6490249633789,209088000
2011-10-12,93.34566634643089,94.53764324073292,93.13668610698468,93.4617691040039,281544900
2011-10-13,92.91218472169402,93.5546146022183,92.20009675797583,93.27597045898438,212538800
2011-10-14,94.35962427287953,94.8936875101518,93.833296888954,94.87046813964844,211397600
2011-10-17,94.42151133290956,94.85496110035011,92.82705206386572,93.05925750732422,202311600
2011-10-18,92.98958700875247,95.59026181059261,92.26201551501465,94.878173828125,318857900
2011-10-19,94.72338760290975,95.26519840875567,93.43079169341983,93.75587463378906,226601300
2011-10-20,93.98808980414447,94.50667539183436,92.7419324989468,94.1661148071289,262075600
2011-10-21,95.27294568304664,96.07018142557659,94.98656558920025,95.9540786743164,278999400
2011-10-24,96.10888345208443,97.37052436066692,96.02374182370531,97.13057708740234,203215600
2011-10-25,96.66618102966379,96.71261977486921,95.03301823064265,95.24200439453125,268596800
2011-10-26,96.24820778640752,96.57329079027238,94.5918257321646,96.20951080322266,289053800
2011-10-27,98.78695014790527,100.17242954156066,97.99746209887272,99.56096649169922,393220200
2011-10-28,99.07331646086287,99.73122992716965,98.9185167659847,99.53772735595703,225906500
2011-10-31,98.42315803840201,99.55320652518644,96.99897593673573,97.13829803466797,228146700
2011-11-01,94.452494881509,95.59803295324339,94.05774789598301,94.42927551269531,416565800
2011-11-02,95.84567439121186,96.28685992254817,95.04070315934356,95.96951293945312,244717600
2011-11-03,96.96030097062294,97.9123365647722,95.66770474311048,97.71883392333984,291174800
2011-11-04,96.92928495550846,97.29306473286236,95.98499171269387,97.12278747558594,249401600
2011-11-07,97.05314096547173,97.82715118508965,96.13206691445302,97.72653198242188,196617200
2011-11-08,98.2373814569493,99.08879747298323,97.30082974454166,98.98043060302734,224426300
2011-11-09,96.66616026038498,97.37051257257095,95.09492006271577,95.3271255493164,337982000
2011-11-10,96.58876142971596,96.7048641742541,95.21875967358137,96.2249755859375,231866500
2011-11-11,97.39371052144878,98.29155933470673,97.36274940302891,98.03614044189453,189924400
2011-11-14,97.67236810633015,98.64761689706361,96.68937165338995,97.10733795166016,159258300
2011-11-15,96.88288218522266,98.10582005763436,96.53457986071983,97.58723449707031,184709400
2011-11-16,96.60423939201519,97.78847439911306,95.89989297498317,96.03921508789062,235782500
2011-11-17,95.8611651759923,96.10111236127521,93.83326216603398,94.51438903808594,331219600
2011-11-18,94.81628596105757,95.00978858546789,94.01905609332408,94.41380310058594,215580400
2011-11-21,93.03607118154463,93.15217395187182,91.83635830211624,92.61811065673828,229611600
2011-11-22,92.41680624237016,92.95861094512745,91.73567358150001,92.25426483154297,216494900
2011-11-23,91.38739272513747,92.25428635704804,90.21863555908203,90.21863555908203,224329100
2011-11-25,90.07933148707663,91.10102501585371,89.94000937382381,90.04837036132812,99557000
2011-11-28,92.52519608862163,93.02056223025036,91.96790770298176,92.65677642822266,210686000
2011-11-29,92.91997528076172,93.65528299174449,92.57940872566287,92.91997528076172,199241500
2011-11-30,95.58256023610035,96.92160107287467,92.88126509634651,96.74357604980469,324439500
2011-12-01,96.63517450931147,97.2466432899885,96.31009163509714,96.72805786132812,176954800
2011-12-02,97.61819144069787,97.91231325978497,96.5810144587676,96.64293670654297,221109700
2011-12-05,98.17549279566273,98.43865944659656,97.0918827777932,97.69561004638672,225263900
2011-12-06,97.68782910934924,98.38443948805123,97.33952687261292,97.72653198242188,178842100
2011-12-07,97.40143467510366,98.5005335787137,96.728049622335,98.0903091430664,237802500
2011-12-08,97.44790714455526,97.66462910416462,95.70638380525504,95.93858337402344,240862800
2011-12-09,96.37203392801186,97.81169370515006,96.28689231391644,97.56401062011719,209111400
2011-12-12,96.7126052631376,96.72808877937084,95.32713172705469,96.13983917236328,215826100
2011-12-13,96.64296165706106,97.19250846117626,94.77759332154864,95.24200439453125,245159800
2011-12-14,94.86269261273168,95.22647836840497,94.01902429019529,94.2280044555664,238618800
2011-12-15,95.22650357981611,95.35808393748702,94.4215320128153,94.56859588623047,199109200
2011-12-16,95.20731512267096,95.76813206492241,94.4829198867444,94.70880126953125,220481400
2011-12-19,95.07491293726277,95.27743367263922,93.4937072919673,93.69622802734375,183903000
2011-12-20,95.16834740353774,96.69502831134429,93.75850556342024,96.53145599365234,225418100
2011-12-21,96.53146771185972,96.86640324379671,95.61234271324302,96.7184066772461,194230900
2011-12-22,97.07670273314824,97.6764738757966,96.76513979132187,97.57521057128906,119465400
2011-12-23,97.88675576234374,98.4787359053532,97.68424108771164,98.44757843017578,92187200
2011-12-27,98.27623589612288,98.78253457423318,98.19055430708814,98.5254898071289,86075700
2011-12-28,98.54105964148098,98.55663540911803,97.15458455721392,97.23247528076172,119107100
2011-12-29,97.55185947332815,98.33856969483814,97.25587225440466,98.23731231689453,123507200
2011-12-30,98.15938407916714,98.40085304540163,97.75434875488281,97.75434875488281,95599000
2012-01-03,99.51473840855144,99.99767054777372,99.25769359528717,99.31221771240234,193697900
2012-01-04,99.07854262984334,99.55368392643896,98.6968737980919,99.46800231933594,127186500
2012-01-05,98.93054621290823,99.88082280793536,98.4787715732292,99.73282623291016,173895000
2012-01-06,99.85746075812341,99.87304247341058,99.14864722232,99.47579193115234,148050000
2012-01-09,99.70165003976797,99.84184978016222,99.24209059910301,99.71723175048828,99530200
2012-01-10,100.7843322949756,100.98684696299806,100.44160602189056,100.58181762695312,115282000
2012-01-11,100.27026718669603,100.76877500872062,100.10670080740265,100.63636016845703,111540700
2012-01-12,100.92456037947639,101.02581178733988,100.12226271719108,100.87781524658203,118983700
2012-01-13,100.20019078766113,100.51955059302432,99.48358636842916,100.35597229003906,179836200
2012-01-17,101.32180392177646,101.50874879551732,100.4026731492542,100.74539947509766,132209200
2012-01-18,100.72203337068218,101.9137787191856,100.542885294109,101.85926055908203,163395200
2012-01-19,102.20976077290493,102.48238720010042,101.88261619148736,102.3967056274414,126328900
2012-01-20,102.2253553968317,102.77838134765625,101.97609555929265,102.77838134765625,138230200
2012-01-23,102.43565313554399,103.01205758526216,102.022826936882,102.5135498046875,129295800
2012-01-24,101.88261619148736,102.42785716051662,101.72683475538781,102.3967056274414,103083300
2012-01-25,102.24091991285061,103.49498017760266,101.84367543843696,103.2535171508789,198613200
2012-01-26,103.71307275825608,103.90780253203077,102.31881280758864,102.7238540649414,184880500
2012-01-27,102.22534950794571,102.85627209299652,102.15523775432476,102.6771240234375,135259100
2012-01-30,101.65672821472096,102.38112916347126,101.30621699419896,102.32659912109375,147311800
2012-01-31,102.83293034739108,102.95754840376588,101.78916944202348,102.28768920898438,157212000
2012-02-01,103.04323712601253,103.70532333758013,102.91861906102336,103.1834487915039,166234500
2012-02-02,103.38597135835357,103.61186464611136,102.98094181714501,103.3470230102539,113090400
2012-02-03,104.37519565422771,104.85812186065391,104.19604752690289,104.79580688476562,160598500
2012-02-06,104.35956933293322,104.77239547204493,104.24273623143418,104.72566223144531,107694500
2012-02-07,104.50757535986075,105.1696613562222,104.09474918319005,104.9905014038086,135528100
2012-02-08,105.04504112074652,105.32545250104256,104.61663319454931,105.30208587646484,139361400
2012-02-09,105.4734576165923,105.61365737544972,104.81137150546041,105.43450927734375,148602900
2012-02-10,104.49977430453701,104.74123728921009,104.25051452335154,104.65555572509766,167907500
2012-02-13,105.40335773716359,105.55913920879331,104.95158314968228,105.43450927734375,115841900
2012-02-14,105.15408933056368,105.36440083712658,104.56989994539389,105.30208587646484,165329500
2012-02-15,105.64479706973994,105.8005785063761,104.601036485018,104.81134796142578,195195100
2012-02-16,104.81914222127932,106.06540556956075,104.63219737062444,105.97193908691406,186567800
2012-02-17,106.3380466950323,106.42372827775993,105.90185386855099,106.25236511230469,129869400
2012-02-21,106.50164042560972,106.75090032499142,105.97198096747287,106.29912567138672,134042300
2012-02-22,106.13553849018632,106.36143174075808,105.76944547197569,105.95639038085938,124455300
2012-02-23,105.90183175445475,106.50159082294515,105.54352378731551,106.4237060546875,137704300
2012-02-24,106.65739440917969,106.86770590936517,106.42372817048818,106.65739440917969,105539100
2012-02-27,105.94860324059468,107.12476706852532,105.77724004905977,106.8365707397461,145728900
2012-02-28,106.86770569420132,107.27274698272298,106.65739419443928,107.14811706542969,129355900
2012-02-29,107.3039164682209,107.6388579413023,106.35363398929006,106.72752380371094,185934700
2012-03-01,106.95339582130006,107.48306706943104,106.65740271542204,107.2805404663086,145023500
2012-03-02,107.21045973082738,107.35067139535846,106.71195181818626,106.95341491699219,120638300
2012-03-05,106.78982311932258,106.86770790521996,106.15110369400212,106.51719665527344,140765000
2012-03-06,105.42672979846728,105.4890328820394,104.65559542890558,104.9593734741211,202129900
2012-03-07,105.20084348292052,105.86292967181357,105.09958016605395,105.69156646728516,143692200
2012-03-08,106.33808112123054,106.96121902595308,106.1199846373827,106.74311065673828,116968900
2012-03-09,106.94557996274739,107.43629084558911,106.81316516037037,107.15589141845703,122836800
2012-03-12,107.1403449212447,107.30391130749275,106.78203683766527,107.16371154785156,104003500
2012-03-13,107.74010150655197,109.14994325296256,107.56094154629743,109.09541320800781,184090500
2012-03-14,109.12657319424551,109.39918775434873,108.64363525900227,108.97857666015625,145163600
2012-03-15,109.14215604832891,109.65624558010605,108.8617446569381,109.60951232910156,165118500
2012-03-16,109.8082524587208,109.90212859198272,109.52661212148172,109.76131439208984,152893500
2012-03-19,109.69091958107279,110.52800971716381,109.61268150295376,110.19161224365234,125291100
2012-03-20,109.56568695614318,110.0037913179004,109.24492771362502,109.87079620361328,121729700
2012-03-21,109.93338577107835,110.03508089667982,109.46398141271462,109.69086456298828,122388400
2012-03-22,108.88509157604594,109.17456287790286,108.5408751139632,108.90074157714844,135216700
2012-03-23,108.99458732008432,109.37792266733484,108.39218785482825,109.25274658203125,120521000
2012-03-26,110.03511090993582,110.78615570068358,109.99600381727923,110.7861557006836,120164000
2012-03-27,110.88785283521862,110.95825992062123,110.37151033403099,110.4419174194336,119868500
2012-03-28,110.38714525599165,110.55925939954764,109.24493429761549,109.89427185058594,148562100
2012-03-29,109.24496180969032,109.90994952612147,108.81467634243795,109.70653533935547,164963700
2012-03-30,110.24631249870173,110.3480195603192,109.56568693236578,110.1602554321289,135486800
2012-04-02,110.02726005987738,111.25552801285949,109.80820787955994,110.96605682373047,151741100
2012-04-03,110.8096576407104,110.99742187852459,109.86302935573187,110.51236724853516,155806700
2012-04-04,109.69873936975594,109.79261551418183,109.01028247741989,109.41709899902344,146896000
2012-04-05,109.04154207496755,109.68304871990466,108.94765402788015,109.36228942871094,137439400
2012-04-09,107.98541092798159,109.40143158922865,107.8367657646546,108.1340560913086,127555900
2012-04-10,107.92283874358174,108.22794814677307,106.20952750356327,106.31905364990234,235360300
2012-04-11,107.40646721175565,107.60205041603899,106.98401274298229,107.17959594726562,154133000
2012-04-12,107.28130785117901,108.66602840472387,107.20306979097165,108.57997131347656,154321500
2012-04-13,108.32962762870359,108.60344889343507,107.18741644754999,107.28912353515625,169246700
2012-04-16,107.83675718145705,107.9932213639702,106.85102208791739,107.21871948242188,147825300
2012-04-17,107.83674209348418,109.02589120161795,107.72721598730412,108.80683898925781,147877600
2012-04-18,108.32181804857161,108.8068606241781,108.25922998438809,108.43916320800781,123884200
2012-04-19,108.45478449871409,108.86158890204044,107.23434741383608,107.74285888671875,198666700
2012-04-20,108.22013431780174,108.61130085031567,107.86025585540861,107.92284393310547,143199600
2012-04-23,106.81972135427041,107.10919262425341,106.35032880995927,107.01530456542969,171844900
2012-04-24,107.10919839029945,107.69594805536397,107.02314129525857,107.42212677001953,137484200
2012-04-25,108.47044738462172,108.93985188045195,108.37657126043656,108.89291381835938,150252200
2012-04-26,108.6581828350309,109.77692474800456,108.59559478964191,109.65174865722656,136291600
2012-04-27,109.98037888944057,110.14466214091465,109.37016008048462,109.83173370361328,130725000
2012-04-30,109.61263750169039,109.6908755484027,109.1275950369338,109.42487335205078,115092200
2012-05-01,109.36229644859344,110.82526689656314,109.23713227352664,110.10552215576172,138832200
2012-05-02,109.46402194633549,109.88648841278844,109.10415548412328,109.77696228027344,121081000
2012-05-03,109.79263593355792,109.87869306110494,108.7364932999794,108.93989562988281,143759700
2012-05-04,108.36874517179467,108.97896381416255,107.11700788940078,107.17959594726562,193927300
2012-05-07,106.79624235109348,107.61769414874409,106.757135262475,107.25782775878906,127765900
2012-05-08,106.61627389808463,106.99962112686875,105.55230120309197,106.82750701904297,213377700
2012-05-09,105.69317038004829,106.87448865890656,105.21594687502179,106.19386291503906,220752500
2012-05-10,106.92924103532744,107.06224811586317,106.17038920418615,106.41291046142578,150600000
2012-05-11,105.74794991558647,107.07791362480154,105.7010118456954,106.09217834472656,153032400
2012-05-14,105.07511957265551,106.0921546302928,104.76219121836012,104.91865539550781,163910000
2012-05-15,104.84824617855679,105.4662838438554,104.1519704575464,104.31625366210938,207629300
2012-05-16,104.78564134146846,105.26286475500646,103.89378256144903,103.91725158691406,207265500
2012-05-17,103.94072592995327,104.06590203047034,102.32129146531987,102.37606048583984,247992900
2012-05-18,102.77505702875659,102.95500216931951,101.35121752758614,101.49986267089844,319615900
2012-05-21,101.82844059486159,103.28358008724567,101.6641454536056,103.24446105957031,177861100
2012-05-22,103.51042687757278,104.2301714543342,102.7515632823839,103.42436981201172,197531200
2012-05-23,102.6811888853909,103.6278169077847,101.69545376957393,103.47917175292969,204958400
2012-05-24,103.7608171060808,103.92510033130915,102.81418903767624,103.68257904052734,167357600
2012-05-25,103.6434468670823,103.93291812296658,103.09581628999905,103.3461685180664,135465600
2012-05-29,104.17540790823989,104.77779539230508,102.61856179612917,104.59786224365234,152883500
2012-05-30,103.70603065529461,104.59007051027262,102.86894079423509,103.08016204833984,162370400
2012-05-31,103.0410432557642,103.61996180304455,101.96923935920434,102.85327911376953,196186000
2012-06-01,101.24168702342241,102.87675965407698,100.2637710571289,100.2637710571289,253240900
2012-06-04,100.44371392491608,100.71753519682686,99.46579786445173,100.21684265136719,202545800
2012-06-05,100.02124743725537,101.12433358318337,99.96648437992172,100.97570037841797,164149400
2012-06-06,101.67979545216599,103.29139911780024,101.64849545504521,103.24446105957031,184202800
2012-06-07,104.41797151009834,104.46490957338312,103.09582701946518,103.30706024169922,184772700
2012-06-08,103.04106731229847,104.15197855253173,102.71247700273096,104.12850952148438,143915400
2012-06-11,104.96560819390739,105.02819626104522,102.70466649491077,102.8063735961914,169756100
2012-06-12,103.10365373734318,104.05810088679718,102.6107920986571,103.9876937866211,181931800
2012-06-13,103.68256691004443,104.33190457831905,102.97064118414018,103.32270050048828,172223900
2012-06-14,103.53390609559213,104.83258123558807,103.25226584761047,104.4179458618164,230615500
2012-06-15,104.88821343575128,105.58022525256679,104.668026221405,105.4858627319336,169444500
2012-06-18,105.0454619635877,105.94980122437234,104.80954372185685,105.69029235839844,131360900
2012-06-19,106.22506790673077,107.14513848166612,105.66672832742645,106.7126235961914,137382600
2012-06-20,106.72051987302392,107.02721013574859,105.58812136471558,106.53964233398438,206451800
2012-06-21,106.66548268351424,106.77557633243377,104.0625448417466,104.1490478515625,205272200
2012-06-22,104.69160194574766,105.14770739604064,104.29053729155302,104.95111083984375,130029200
2012-06-25,103.8423618248475,103.88168355807719,102.89870022387626,103.26830291748047,146375700
2012-06-26,103.5670747557614,104.10182368686299,102.9615539365046,103.78726196289062,141634000
2012-06-27,104.13329365076817,104.92753965605678,103.77942214343385,104.72308349609375,108088000
2012-06-28,104.03105453053348,104.58153462560914,103.23680856372836,104.42424774169922,169242100
2012-06-29,106.31943622023351,107.16087540684835,106.0442081867017,107.02719116210938,212250900
2012-07-02,107.32598060298544,107.45966481132312,106.5710566030431,107.34957122802734,129524500
2012-07-03,107.32599704306908,108.13597395838104,107.21590344290928,108.05734252929688,80450000
2012-07-05,107.65630432334751,108.36405935500355,107.17660809052597,107.5698013305664,126177500
2012-07-06,106.53174663730587,106.7676649130296,106.04419100029823,106.54747772216797,151192100
2012-07-09,106.461007258459,106.61042261201277,105.92625820359847,106.41382598876953,103780500
2012-07-10,106.9564013418827,107.12940729591239,105.12411973733428,105.4858627319336,167884800
2012-07-11,105.54091626042549,105.84760645389412,104.88821415651977,105.50159454345703,141733400
2012-07-12,104.8882030557279,105.55662417623633,104.27482273370744,104.99042510986328,143583200
2012-07-13,105.26569084154312,106.86205437759445,105.24995975271312,106.75196075439453,129642600
2012-07-16,106.50819960926913,106.81488989346444,106.08354413927138,106.50032806396484,97525200
2012-07-17,106.92494587119515,107.45182325080181,105.80827876824189,107.23163604736328,138860300
2012-07-18,106.97999127466598,108.23821420498835,106.91709092752271,108.02588653564453,113349700
2012-07-19,108.24607812952299,108.66286194220854,107.90007820901891,108.30899047851562,129847300
2012-07-20,107.69562315122533,107.86076958729583,107.20020784162404,107.31816101074219,142904500
2012-07-23,105.7453697349195,107.24737049056247,105.24994251202189,106.23292541503906,145210900
2012-07-24,106.31157902798967,106.35876029196434,104.61298152907612,105.32072448730469,173301200
2012-07-25,105.54094172574798,105.81616981232861,104.786005375431,105.34434509277344,129122300
2012-07-26,106.86206523367281,107.31031131607713,106.3666378792904,107.0822525024414,156526500
2012-07-27,107.64844193790123,109.3627706588823,107.05865209340269,109.05606842041016,236768900
2012-07-30,108.930255706389,109.5750863634021,108.73365909155616,109.05606842041016,106782000
2012-07-31,108.90663899847269,109.20545762194894,108.29325866699219,108.29325866699219,120575900
2012-08-01,109.07176459768152,109.09535522396617,108.0494601279092,108.1988754272461,138293800
2012-08-02,107.38110185904792,108.18321961979433,106.61830583154257,107.45187377929688,199556600
2012-08-03,108.96167964567756,109.81097825714993,107.4832696183773,109.58293151855469,157825000
2012-08-06,109.87388573280434,110.22775713875411,109.74806105535058,109.79524230957031,86326200
2012-08-07,110.23565852611254,110.81758888075704,110.1177053457889,110.34576416015625,109545100
2012-08-08,109.9761139509423,110.60521330624567,109.94465178359651,110.47940063476562,89754700
2012-08-09,110.32218015794382,110.79401695754298,110.21208650461179,110.5738296508789,90291700
2012-08-10,110.12555001824998,110.79398328129125,109.9446844997453,110.7546615600586,99792700
2012-08-13,110.56593123213403,110.75465628617673,110.12554477432495,110.69961547851562,79426900
2012-08-14,111.10852521723957,111.17930911018857,110.38505119493522,110.71533203125,102379400
2012-08-15,110.59739337725813,111.02990833842094,110.52662147433296,110.84117126464844,71085900
2012-08-16,110.99843054579677,111.79268845346995,110.72320251781304,111.65900421142578,112014200
2012-08-17,111.84775525994017,111.90280807791693,111.55679607722435,111.80843353271484,90813700
2012-08-20,111.65115299218164,111.83989007376071,111.3444627341818,111.81629943847656,78255700
2012-08-21,112.09155295746194,112.52406803468045,111.23439434944346,111.4781723022461,105581100
2012-08-22,111.19503672888551,111.7061951094697,110.9355397656114,111.52532958984375,133243500
2012-08-23,111.25011515786451,111.25797470424784,110.4401379060055,110.61314392089844,111466400
2012-08-24,110.33786346698507,111.53317404215623,110.2670915774869,111.28152465820312,99481200
2012-08-27,111.58040064810439,111.72981603063609,111.14788559322524,111.30516052246094,68785900
2012-08-28,111.02203186501279,111.54104979536505,110.85689743218559,111.19503784179688,75689600
2012-08-29,111.28939620101607,111.58035530182168,110.97483447107467,111.28152465820312,65421300
2012-08-30,110.80180985460323,110.83327202194904,110.24348237687634,110.47940063476562,96589900
2012-08-31,111.10855449322617,111.52535041955612,110.37722073425228,111.00633239746094,151970400
2012-09-04,110.91191990712224,111.24221271678144,110.19631748433486,110.90406036376953,120226200
2012-09-05,110.95125143027946,111.25008209433796,110.58952041523337,110.80970764160156,100660300
2012-09-06,111.47810993299152,113.0666135099979,111.47025039027879,113.05875396728516,158272500
2012-09-07,113.24754939868113,113.54638019778935,113.14532728265145,113.49919891357422,107272100
2012-09-10,113.38902741687804,113.5856239656973,112.81496885413013,112.85427856445312,86458500
2012-09-11,112.92509115591952,113.53060004075391,112.89362898049968,113.16886901855469,88760000
2012-09-12,113.54632568359374,113.67215038063118,113.16099204865542,113.54632568359375,87640900
2012-09-13,113.53058109210889,115.63023097703945,113.23176247131906,115.27635955810547,225470200
2012-09-14,115.50445987236247,116.47171196544393,115.41008532718656,115.78755950927734,169777000
2012-09-17,115.55164594880407,115.74824259374233,115.10339983867749,115.39437103271484,119427800
2012-09-18,115.19775808220398,115.44939551246753,115.00902101002738,115.29998016357422,98326600
2012-09-19,115.43364878482872,115.73247944213104,115.13483012683001,115.36287689208984,128318300
2012-09-20,114.83600145227761,115.43365077789761,114.52145170180475,115.3707504272461,154009800
2012-09-21,115.93124761887779,115.95496417592501,115.27506139274149,115.32249450683594,108737500
2012-09-24,114.75328276025692,115.40946904214182,114.66631802257685,115.14857482910156,95682000
2012-09-25,115.3936975238208,115.61506017769189,113.89158001442716,113.92321014404297,133165200
2012-09-26,113.89945783810133,113.93107589443585,113.01399543710558,113.28279113769531,146502200
2012-09-27,113.75717468876569,114.61100718220244,113.4567487938456,114.35011291503906,111830300
2012-09-28,113.91532374324474,114.28689944299398,113.41726368495155,113.8204574584961,150696100
2012-10-01,114.25525513242218,115.18023738640338,113.85204938810422,114.12085723876953,135911200
2012-10-02,114.57150785888506,114.75333892180387,113.70977362226711,114.23946380615234,113422200
2012-10-03,114.54776475579993,114.97467499232569,113.94692499907781,114.70587921142578,121283100
2012-10-04,115.14066274901677,115.69406918186947,114.98254834868106,115.5280532836914,124311600
2012-10-05,116.14471812729651,116.34236416097716,115.18810601640534,115.53596496582031,124842100
2012-10-08,115.10913661973208,115.520231976232,114.8798603022945,115.14075469970703,78415400
2012-10-09,115.05375230983027,115.14861858212521,113.96274192499371,114.00227355957031,148872900
2012-10-10,113.98643097027744,114.09712434570878,113.12469703604,113.27490997314453,124247500
2012-10-11,114.06550906708473,114.23153708848366,113.3144563471635,113.33817291259766,123601500
2012-10-12,113.41721440604111,113.80459294269362,112.72149645120109,112.9665756225586,124181900
2012-10-15,113.23537013428178,114.02595432413042,112.87170816243155,113.9073715209961,107689100
2012-10-16,114.44496789015683,115.14068586734909,114.36591670579456,115.0616226196289,108815500
2012-10-17,115.14069453131701,115.67829811687976,114.96676502393132,115.58341979980469,128834100
2012-10-18,115.28308868408203,115.83649566672855,114.89569776454572,115.28308868408203,148108500
2012-10-19,115.06954235150674,115.0774438513592,113.09308168611967,113.36187744140625,185645200
2012-10-22,113.17213354530179,113.58324074387865,112.48432908994637,113.37769317626953,125578600
2012-10-23,112.15229476914175,112.31040922420787,111.3379938653595,111.80443572998047,192056300
2012-10-24,112.20761984545638,112.34202978734527,111.31426782188957,111.48819732666016,120179400
2012-10-25,112.27877073767492,112.48431828554067,111.13242606773899,111.81231689453125,134457400
2012-10-26,111.70962911588757,112.1365395788468,110.9901940883377,111.74916076660156,146023500
2012-10-31,112.14445314700926,112.2867526135403,111.21945836109309,111.74916076660156,103438500
2012-11-01,111.98624047365657,113.06143540452574,111.88347273682484,112.91913604736328,100995600
2012-11-02,113.5911580124102,113.62278814311549,111.79654015409582,111.91512298583984,137702200
2012-11-05,111.74907894174773,112.39735169798803,111.41702296958096,112.14437103271484,98378500
2012-11-06,112.48435370271037,113.46468275586655,112.36577086148074,113.02195739746094,107068100
2012-11-07,111.99418482776066,112.00998782955241,109.9386606389785,110.46044921875,264304500
2012-11-08,110.4446207154487,111.00594085812227,109.04528317209072,109.13224792480469,181517300
2012-11-09,108.80022760702214,110.23909708927164,108.74489296874555,109.2271499633789,201055300
2012-11-12,109.56702936421586,109.74095880245736,109.06896966684607,109.31404876708984,97677500
2012-11-13,108.73695476334986,110.08885916764902,108.59465538571762,108.93460083007812,123018300
2012-11-14,109.26667003141515,109.44058749284592,107.21904736471612,107.46412658691406,191505000
2012-11-15,107.50367317303018,107.90687897448248,106.87120318247419,107.28231048583984,178128400
2012-11-16,107.4404056010743,108.02544234797166,106.49170681792795,107.81198120117188,239483900
2012-11-19,109.02156074632012,110.00979103612852,107.84359796141764,109.99398803710938,151495800
2012-11-20,109.82007259352538,110.22326626055067,109.16388614952453,110.04143524169922,119807400
2012-11-21,110.13625170934995,110.34181126355007,109.914889161253,110.24693298339844,81710800
2012-11-23,110.7846463933375,111.78868035394945,110.71348459670588,111.74916076660156,65409200
2012-11-26,111.19565333527505,111.75697337684576,110.83199139005166,111.51189422607422,100124400
2012-11-27,111.40128192216353,111.78075916278043,110.87159167330805,110.94274139404297,128646200
2012-11-28,110.49204154401161,111.89928043067843,109.89120190518042,111.83604431152344,177086500
2012-11-29,112.25505848671044,112.66615359822514,111.7648880639692,112.35782623291016,151085900
2012-11-30,112.37368266512787,112.59504536462441,111.99420547504269,112.38158416748047,136568300
2012-12-03,112.89541071986032,112.99027695060089,111.74115263797465,111.82811737060547,124656300
2012-12-04,111.82026454767097,112.16021006470629,111.36962562877916,111.67005157470703,127512200
2012-12-05,111.76487309727226,112.38944130706643,110.97428897788663,111.8676528930664,147300500
2012-12-06,111.76488973927687,112.29457973053432,111.59887380496534,112.24714660644531,103220600
2012-12-07,112.6820015894201,112.80849799763266,112.00209847447941,112.5871353149414,108726400
2012-12-10,112.42896633879096,112.90330954461804,112.3815211611882,112.63451385498047,98840700
2012-12-11,113.10094902621823,113.9310646676336,113.04561441724648,113.40137481689453,152570400
2012-12-12,113.84410133639606,114.27892496944915,113.29859642068902,113.45671081542969,145880100
2012-12-13,113.38561902225993,113.70976153810979,112.47645174092234,112.76106262207031,135715000
2012-12-14,112.51595525536645,112.72150281573968,112.16809625830544,112.34202575683594,137701700
2012-12-17,112.63456842187345,113.72557883153067,112.6029382881481,113.6623306274414,143238200
2012-12-18,113.84411157883599,115.02998774111553,113.67808360824016,114.92720794677734,177762800
2012-12-19,115.05374666148556,115.09327829412145,114.0338980942989,114.07341766357422,150895400
2012-12-20,114.14452115700303,114.74536065091462,113.82828032071713,114.72954559326172,168487000
2012-12-21,113.19454417343434,114.72323039659464,113.01142353000797,113.68817901611328,245883800
2012-12-24,113.44134910043373,113.50504587133133,113.21045893623213,113.33785247802734,53874600
2012-12-26,113.56872481149023,113.62446403311816,112.54164339569964,112.86011505126953,106947700
2012-12-27,112.89199058248319,113.12289292730587,111.4031163236855,112.70886993408203,167920600
2012-12-28,111.97636176552271,112.59739010643753,111.36329096526481,111.49068450927734,148806700
2012-12-31,111.19610125065608,113.50505160497465,111.10055001502454,113.38562774658203,243935200
2013-01-02,115.53534568550775,116.36337947586382,115.23278903666717,116.2917251586914,192059000
2013-01-03,116.2360245644672,116.53856913334387,115.71849269723928,116.02900695800781,144761800
2013-01-04,116.22004914129633,116.72961110535276,115.9811893130696,116.53852081298828,116817700
2013-01-07,116.12450792710851,116.33151329499754,115.79009688441155,116.22004699707031,110002500
2013-01-08,116.01303652565956,116.17227235156274,115.43180814518651,115.8856430053711,121265100
2013-01-09,116.1404248203285,116.49872063611267,115.9573042170695,116.18023681640625,90745600
2013-01-10,116.82517942417697,117.1118088600234,116.22007823690942,117.10385131835938,130735400
2013-01-11,117.07198930917954,117.15957085751397,116.72963280591088,117.09588623046875,113917300
2013-01-14,116.9525843416761,117.09590514797661,116.58633085794791,117.01628112792969,89567200
2013-01-15,116.47484570205886,117.20735255117457,116.40319138494463,117.09588623046875,93172600
2013-01-16,116.85703103374998,117.26308432922946,116.72963747672644,117.07996368408203,104849500
2013-01-17,117.59746675055578,118.17072552754591,117.15955905300547,117.8363265991211,133833500
2013-01-18,117.81241547542639,118.22643831039811,117.38246541440202,118.09904479980469,169906000
2013-01-22,118.09905983468181,118.73601531982422,117.82038801339594,118.73601531982422,111797300
2013-01-23,118.73602298162207,119.03060990108195,118.52104790987008,118.9271011352539,104596100
2013-01-24,118.75192109655191,119.5401548144223,118.64045480655236,118.95893859863281,146426400
2013-01-25,119.33315206882537,119.62773895263672,118.92708674366408,119.62773895263672,147211600
2013-01-28,119.65960222796829,119.691456687912,119.03857389715144,119.48445129394531,113357700
2013-01-29,119.24554536974492,120.10543322225611,119.16592139956508,119.95415496826172,105694400
2013-01-30,119.93827408234988,120.17713393626025,119.37297283305922,119.48445129394531,137447700
2013-01-31,119.34115108019947,119.73128931375703,119.11026087595941,119.18987274169922,108975800
2013-02-01,119.94624577289454,120.55931663550767,119.73924035450752,120.41600799560547,131173000
2013-02-04,119.68350234937625,120.43988178289779,118.9748803092143,119.06246185302734,159073600
2013-02-05,119.70736275256202,120.60705062977084,119.6595810710947,120.26469421386719,113912400
2013-02-06,119.8427405089996,120.43191440695452,119.75515896350394,120.35230255126953,138762800
2013-02-07,120.39214789329603,120.50361424125684,119.31728427809324,120.19309997558594,162490000
2013-02-08,120.40010769397303,120.93355466556805,120.40010769397303,120.86190032958984,103133700
2013-02-11,120.81407452201196,120.94145589924719,120.53540270217208,120.83795928955078,73775000
2013-02-12,120.84592751614068,121.25995043828652,120.71057643847915,121.03701782226562,65392700
2013-02-13,121.28379312920788,121.50672566788359,120.79811606661174,121.14047241210938,82322600
2013-02-14,120.77427608924077,121.39530441282102,120.63892500834935,121.25198364257812,80834300
2013-02-15,121.36347860542656,121.490872175959,120.66283826533729,121.10870361328125,215226500
2013-02-19,121.31565944302287,122.04019641160029,121.14846608037551,122.01631164550781,95105400
2013-02-20,121.92872928082208,121.96854127367368,120.43188582178676,120.4955825805664,160574800
2013-02-21,120.19304979656103,120.55929100885105,119.38093122965492,119.76309967041016,183257000
2013-02-22,120.34433141625784,120.93351745605469,119.81885429851174,120.93351745605469,106356600
2013-02-25,121.52268571916642,121.70580632206452,118.63250732421874,118.63250732421875,245824800
2013-02-26,119.20575079918122,119.5879191842679,118.41751711533313,119.44461059570312,186596200
2013-02-27,119.34112995262979,121.2838389367537,119.2376211816819,120.9494400024414,150781900
2013-02-28,120.9414996554173,121.71380648236403,120.55137354519371,120.71060943603516,126866000
2013-03-01,120.29658478728642,121.2918242778469,119.7551803359029,121.10870361328125,170634800
2013-03-04,120.83003874553987,121.75362396240234,120.63896052751333,121.75362396240234,99010200
2013-03-05,122.34282883885162,123.17086292427756,122.32690160194281,122.84442138671875,121431900
2013-03-06,123.28224537251096,123.34594212786872,122.7408411753406,123.01154327392578,94469900
2013-03-07,123.17081555488517,123.39374819018384,123.02750692458636,123.23451232910156,86101400
2013-03-08,123.77593699745873,123.92720317866528,123.13898136221034,123.760009765625,123477800
2013-03-11,123.66450802607643,124.2377549071426,123.51322965025707,124.22979736328125,83746800
2013-03-12,124.14214772228385,124.28546847566405,123.57685869500742,123.95105743408203,105755800
2013-03-13,124.01476202792523,124.30139140387001,123.59278157846708,124.12622833251953,92550900
2013-03-14,124.45264948040693,124.84278755754025,124.13417784729971,124.78704833984375,126329900
2013-03-15,124.63828199813597,124.79022088242029,124.20641972885463,124.62228393554688,138601100
2013-03-18,123.4307272373769,124.47038206371231,123.31876516087624,123.93456268310547,126704300
2013-03-19,124.19845431648524,124.36639130056683,122.83090643136167,123.64663696289062,167567300
2013-03-20,124.37444575607026,124.7183249951408,124.16650742272171,124.5103988647461,113759300
2013-03-21,123.766650340853,124.47041914736124,123.23883593892658,123.44676208496094,128605000
2013-03-22,123.83866154589028,124.43846130371094,123.74268528662799,124.43846130371094,111163600
2013-03-25,124.76626308253567,124.97420134267436,123.43871640517492,123.91854858398438,151322300
2013-03-26,124.43037291873675,124.94220121487461,124.29441986227269,124.91021728515625,86856600
2013-03-27,124.16645973750094,124.95020634951607,123.9585336869587,124.91021728515625,99950600
2013-03-28,124.83028955998718,125.43809429659576,124.55838333726969,125.29413604736328,102932800
2013-04-01,125.23012905761439,125.48604935551657,124.49437650557277,124.79827880859375,99194100
2013-04-02,125.24612091685476,125.72596535015337,125.05418070294515,125.41407012939453,101504300
2013-04-03,125.48602053357413,125.58198452177048,123.81458265676163,124.14246368408203,154167400
2013-04-04,124.3024632258143,124.89426989077889,124.0305570025687,124.64635467529297,131885000
2013-04-05,123.11889604519303,124.2385295954839,122.97494995894621,124.08657836914062,159666000
2013-04-08,124.17457939374644,124.93432350547015,123.75871470617625,124.92633056640625,86571200
2013-04-09,125.15814486416903,125.81393141672015,124.74228051872078,125.35807800292969,101922200
2013-04-10,125.69394081939855,127.05348346936297,125.66195689244738,126.89353942871094,135711100
2013-04-11,126.91755962114738,127.72529734711884,126.78959947801019,127.30943298339844,110142500
2013-04-12,126.9015290037767,127.18943315051592,126.29373678419292,126.99750518798828,116359900
2013-04-15,126.35774572435182,126.46171486311982,124.03852615869268,124.05451202392578,217259000
2013-04-16,124.99018608434592,125.94987483924736,124.68629603471327,125.88589477539062,147507800
2013-04-17,124.99020265823523,125.01420586294512,123.38274452563799,124.04652404785156,226834800
2013-04-18,124.25445015183551,124.28644628948675,122.7989431654312,123.27078247070312,167583200
2013-04-19,123.55868036496653,124.398401992503,123.25477808760371,124.34241485595703,149687600
2013-04-22,124.5823689315202,125.19016143876438,123.75864516128716,124.8942642211914,106553500
2013-04-23,125.51808966435365,126.30182457350753,124.89429891174754,126.18186950683594,166141300
2013-04-24,126.22182122469825,126.59769659292185,125.98989189386072,126.26181030273438,96781200
2013-04-25,126.6296776272225,127.37343541217336,126.43774958177947,126.77363586425781,131060600
2013-04-26,126.62170142010369,126.83763270270535,126.14185683720106,126.54972839355469,95918800
2013-04-29,126.89361007734342,127.67734485495019,126.69367686447758,127.39744567871094,88572800
2013-04-30,127.37335958944867,127.73323666338001,126.84553337277828,127.70124053955078,116010700
2013-05-01,127.42143272393346,127.4854128144147,126.43776476406279,126.58171081542969,138874200
2013-05-02,126.90161178053789,127.86929396696677,126.78165672571254,127.75733184814453,96407600
2013-05-03,128.8689518229875,129.46075852901032,127.78131465159325,129.05288696289062,144202300
2013-05-06,129.14878976024275,129.5646418224138,129.0928026347882,129.38070678710938,66882100
2013-05-07,129.6606694461899,130.07652167333373,129.29278702669035,130.0365447998047,90359200
2013-05-08,129.89252833344446,130.668269698203,129.82055534981467,130.62828063964844,97419200
2013-05-09,130.57236279764672,130.91624200505302,129.93257418994244,130.26046752929688,106738600
2013-05-10,130.34842467562603,130.79627299223924,129.96454423028493,130.68431091308594,103203000
2013-05-13,130.5163933313976,131.0042308380263,130.21250315885905,130.78829956054688,81843200
2013-05-14,130.89226558930284,132.23582303553025,130.89226558930284,132.1398468017578,119000900
2013-05-15,131.92386689752774,133.11546040721555,131.8838778354758,132.85154724121094,120718500
2013-05-16,132.5796827937978,133.04352921283066,132.02786529179397,132.22779846191406,109913600
2013-05-17,132.71558477690718,133.58729013423212,132.53964267871987,133.50732421875,129801000
2013-05-20,133.3793736300228,134.01916201428085,133.2434205813471,133.49932861328125,85071200
2013-05-21,133.61932643202152,134.19513488956432,133.15548005217033,133.69129943847656,95804200
2013-05-22,133.82731823915736,135.21086512508586,132.09189908122067,132.69969177246094,244031800
2013-05-23,131.28413076462326,132.6836630728156,131.10818858392852,132.31578063964844,211064400
2013-05-24,131.53205428258732,132.25981405758304,131.1401808184464,132.20382690429688,151573900
2013-05-28,133.5873234682435,134.17912996463298,132.60365582143118,132.9955291748047,143679800
2013-05-29,132.2917189257734,132.59562111235252,131.42800655571713,132.13177490234375,160363400
2013-05-30,132.23576076080025,133.2274211534578,132.1317916410739,132.61962890625,107793800
2013-05-31,132.25177848968943,133.00352909942086,130.46038524398182,130.71629333496094,176850100
2013-06-03,131.02015564821417,131.52399094628336,130.08447023961958,131.43601989746094,168390700
2013-06-04,131.50799815512661,132.03582446922547,130.14045037822464,130.80422973632812,157631500
2013-06-05,130.4283767472705,130.6922899492729,128.86090780579892,128.97286987304688,211737800
2013-06-06,128.9169279519303,130.14852332655548,128.15718421464962,130.14051818847656,200225500
2013-06-07,131.03621580171497,131.91591450382205,130.468400180639,131.79595947265625,188337800
2013-06-10,132.20381878157335,132.27579180027283,131.4520680450587,131.79595947265625,105667100
2013-06-11,130.5963149031562,131.58797535691596,130.14846667204546,130.43637084960938,159505400
2013-06-12,131.3320135647601,131.46796656478415,129.23671925400416,129.35667419433594,177361500
2013-06-13,129.28479111440512,131.55602905200467,128.99688685450147,131.32411193847656,163587800
2013-06-14,131.18011315891295,131.69194144020605,130.28441671738722,130.50033569335938,141197500
2013-06-17,131.38807416031767,132.13183188428442,130.53236655432377,131.50804138183594,136295600
2013-06-18,131.57995647150125,132.7475710176877,131.57196354143267,132.54763793945312,114695600
2013-06-19,132.43572577705862,132.66764286585067,130.6603183975082,130.71629333496094,206149500
2013-06-20,129.4447187758253,130.7322887464789,127.1414849890782,127.47737121582031,321255900
2013-06-21,128.34486522774085,128.44133702179184,126.60026410269356,127.88661193847656,271956800
2013-06-24,126.55204523153185,127.37208012633403,125.20137859549357,126.2706527709961,222329000
2013-06-25,127.41226828372766,128.71469888828932,126.56006802529356,127.48463439941406,162262200
2013-06-26,128.52976763658,129.0362690669356,128.0313137003707,128.74684143066406,134848000
2013-06-27,129.51870723928076,130.09756275624613,129.3981051838557,129.50262451171875,129483700
2013-06-28,129.1407922500936,129.7598359419742,128.52173629069108,128.97195434570312,160402900
2013-07-01,129.64724455812706,130.62808172797457,129.50253691053567,129.72764587402344,131954800
2013-07-02,129.5347200735682,130.4834042972611,129.036266148632,129.60708618164062,154863700
2013-07-03,129.0202170720051,130.05733812709994,128.81119072228827,129.66339111328125,75216400
2013-07-05,130.62002744513168,131.11044595850038,129.67939107047695,131.0622100830078,122416900
2013-07-08,131.73758268503855,132.16368275674927,131.11049155053894,131.8099365234375,108092500
2013-07-09,132.637988727328,132.91938105860962,132.06718110789592,132.7585906982422,119298000
2013-07-10,132.62999637300553,133.2570875683962,132.35665144527567,132.80686950683594,121410100
2013-07-11,134.35045877289508,134.75244087534912,132.7988014783119,134.6157684326172,135592200
2013-07-12,134.5755863131926,135.00972164595728,134.36656000742022,134.67205810546875,104212700
2013-07-15,135.04186155281624,135.3795250294547,134.80870507554138,135.1865692138672,69450600
2013-07-16,135.27500987651055,135.35541120233037,134.3183027973663,134.68008422851562,88702100
2013-07-17,135.1946405141156,135.4519027126825,134.84892948374917,135.0258026123047,92873900
2013-07-18,135.31523907583139,136.08705025689991,135.2268025057873,135.7654571533203,103620100
2013-07-19,135.48406569134335,136.05487346787635,135.31522779260223,136.0066375732422,103831700
2013-07-22,136.19957304875308,136.46488269708178,135.87798002008816,136.2719268798828,79428600
2013-07-23,136.5131480978978,136.5372660468219,135.91017483975122,135.98252868652344,80829700
2013-07-24,136.50503417672002,136.56131754183562,135.21065172174096,135.4840087890625,112914000
2013-07-25,135.24285198414785,135.9342616524872,135.01774300073686,135.81365966796875,111088600
2013-07-26,135.24286161950974,135.9985899465968,134.68008912088757,135.95838928222656,107814600
2013-07-29,135.61271335113096,135.9182237583073,135.15446000789,135.5403594970703,79695000
2013-07-30,135.95038920512775,136.09509691324902,135.21877863400732,135.5403594970703,85209600
2013-07-31,135.821749199449,136.55335975573786,135.45996766895644,135.6368408203125,142388700
2013-08-01,136.66590468216114,137.32514907202412,136.59353856712735,137.20455932617188,110438400
2013-08-02,136.89898294478738,137.45372004330218,136.71407466778794,137.43763732910156,91116700
2013-08-05,137.1321415843657,137.44568704501302,136.95526852784502,137.2366485595703,54072700
2013-08-06,136.97136945534433,137.2688445352452,136.15133484810056,136.4568328857422,87495000
2013-08-07,136.02271118987048,136.2156547554933,135.50817456900842,136.01466369628906,84854700
2013-08-08,136.65781495010205,136.81860531738312,135.81365018747806,136.5131072998047,102181300
2013-08-09,136.33629075192692,136.75435569423723,135.64488084513536,136.1192169189453,91757700
2013-08-12,135.43581744797464,136.11917967218713,135.37149883848636,135.95838928222656,68593300
2013-08-13,136.19956119592024,136.59349575391286,135.3955970955028,136.3603515625,80806000
2013-08-14,136.29609148012898,136.51316531534601,135.62879951818317,135.6609649658203,79829200
2013-08-15,134.5916625461083,134.60773299903167,133.53042381214217,133.76358032226562,152931800
2013-08-16,133.50628894058283,133.96455440875224,133.05607096537628,133.32138061523438,130868200
2013-08-19,133.16865281400712,133.6269183763111,132.461160269056,132.46920776367188,96437600
2013-08-20,132.68627473201641,133.6188763489708,132.54156703327664,133.12042236328125,89294400
2013-08-21,132.75064857122823,133.48225939922926,132.00296728169795,132.30043029785156,159530500
2013-08-22,132.57371555447065,133.6992729977377,132.56568032733045,133.50631713867188,101471400
2013-08-23,133.9002108309471,134.12531977656872,133.27311987278435,133.95648193359375,90888900
2013-08-26,134.09322588618969,134.50325560894885,133.3696627845926,133.45809936523438,89702100
2013-08-27,132.13959053722095,133.45809167511754,131.2150363753966,131.31150817871094,158619400
2013-08-28,131.25515652476955,132.24404106458204,131.08633095676433,131.77774047851562,108113000
2013-08-29,131.48831686709687,132.68621539605243,131.3677149045563,131.9867706298828,119200500
2013-08-30,132.26018124861582,132.2762639717924,131.18287187873113,131.5687713623047,134928900
2013-09-03,132.83905405849137,133.12044654719168,131.60898932564717,132.16372680664062,142375100
2013-09-04,132.1958413347939,133.48218909625194,131.95466186360176,133.257080078125,97389400
2013-09-05,133.33749726543255,133.77966786020008,133.2410131979637,133.42593383789062,63090500
2013-09-06,133.86805269240645,134.24591678618012,132.23600661398754,133.4901885986328,159756500
2013-09-09,133.81984002496816,134.84891323024388,133.81984002496816,134.76852416992188,87559300
2013-09-10,135.58054878596363,135.78957510264846,135.27503840444362,135.7654571533203,105847200
2013-09-11,135.58051995472616,136.1915283203125,135.34737573829133,136.1915283203125,94545900
2013-09-12,136.1432879634625,136.32016106013327,135.64483410967375,135.82974243164062,83209000
2013-09-13,135.97447876707815,136.2397884440981,135.66093319742203,136.13526916503906,72727800
2013-09-16,137.6065312941415,137.6708499096654,136.70608294432822,136.92315673828125,106299200
2013-09-17,137.04383699213687,137.56640917380534,137.04383699213687,137.5342559814453,82523300
2013-09-18,137.48592832333924,139.50388653521327,137.1402295682898,139.1260223388672,203460600
2013-09-19,139.50384278341573,139.5681613783157,138.75614985178171,138.892822265625,146616900
2013-09-20,139.22252174731543,139.22252174731543,137.80872606189172,137.9218292236328,132867100
2013-09-23,137.73597891804016,137.86523083097848,136.84730267543415,137.28355407714844,104616500
2013-09-24,137.2593314985073,137.76830178786662,136.70190252363471,136.96041870117188,106333100
2013-09-25,137.04929474923216,137.32397205701855,136.44338239700542,136.56455993652344,117306500
2013-09-26,136.79080879791303,137.47750221919506,136.57267685123705,137.0897216796875,77146900
2013-09-27,136.40299121128714,136.64535862730145,136.10407838368351,136.4595489501953,99141800
2013-09-30,135.30427528150685,136.1606295036494,135.03767234544597,135.73245239257812,143937000
2013-10-01,135.83744291990226,136.93616425896653,135.7001042934337,136.80690002441406,127160000
2013-10-02,136.00711076657038,136.80690706346908,135.58700814631746,136.67764282226562,113350000
2013-10-03,136.3625186648795,136.48370846907127,134.7871498288824,135.41729736328125,176698000
2013-10-04,135.52235809231254,136.58068273157215,135.3446228660063,136.44334411621094,96878000
2013-10-07,135.2558111034497,136.08792985779814,135.11847243137782,135.26388549804688,96295000
2013-10-08,135.2396567643373,135.41739207294205,133.591580289563,133.6885223388672,178015000
2013-10-09,133.9470508758135,134.27019925829984,132.9210356540724,133.7854766845703,168973000
2013-10-10,135.15074687929834,136.742277437111,135.10227586979204,136.66957092285156,195955000
2013-10-11,136.45955125769802,137.59866950310436,136.34644810528798,137.55018615722656,105040000
2013-10-14,136.7018988304804,138.21263621704364,136.59687008730592,138.0995330810547,112106000
2013-10-15,137.75214641665318,138.269191120598,136.91195339548716,137.09776306152344,155485000
2013-10-16,137.92183433222945,139.08518822598256,137.857202190652,139.01248168945312,161676000
2013-10-17,138.4469545712948,140.02233683850972,138.42271905893648,139.94154357910156,129389000
2013-10-18,140.4585721622839,140.98369130581253,140.1758081143413,140.88674926757812,138316000
2013-10-21,140.9351567386584,141.17752405227955,140.57968632232254,140.89476013183594,104104000
2013-10-22,141.30688898694893,142.13092118239314,140.91909607781028,141.71083068847656,126663000
2013-10-23,141.22606487103417,141.2906970084412,140.53937152480893,141.0321807861328,105484000
2013-10-24,141.31493798300932,141.67848298357563,140.9837028887359,141.50074768066406,70350000
2013-10-25,141.79153270199023,142.187399786958,141.5168554564121,142.14700317382812,93625000
2013-10-28,142.09853746586265,142.56711107554136,141.94503772663666,142.3732147216797,84979000
2013-10-29,142.69634757470615,143.18915659191282,142.494376868102,143.13259887695312,87401000
2013-10-30,143.30226304710746,143.40727943442522,141.91270356697675,142.42166137695312,140002000
2013-10-31,142.30863021248018,142.90646825807087,141.807746539914,142.01779174804688,133795000
2013-11-01,142.20354069357833,142.68018860976872,141.55723195727396,142.35704040527344,142805000
2013-11-04,142.74480706276344,142.91445553933696,142.17120487823777,142.85791015625,85677000
2013-11-05,142.30050410735382,142.79331320613665,141.84001723027367,142.40553283691406,85825000
2013-11-06,143.01949577434735,143.39920168894824,142.6236287515703,143.13259887695312,87348000
2013-11-07,143.39927920907255,143.5123823728207,141.18567463020705,141.32301330566406,157000000
2013-11-08,141.27447809341152,143.24571433222604,141.25832931115644,143.22955322265625,136713000
2013-11-11,143.09225872395925,143.42349377202657,142.92261016677642,143.25384521484375,62614000
2013-11-12,142.94679055183613,143.2860998626759,142.4862914195662,142.96295166015625,83990000
2013-11-13,142.2601547369778,144.1505985329645,142.2601547369778,144.11021423339844,103844000
2013-11-14,144.23946002555203,144.95040118097876,144.00517932332417,144.8292236328125,103435000
2013-11-15,145.06351387460768,145.5159265206053,144.8777041794272,145.45938110351562,102818000
2013-11-18,145.70171608056725,145.82289360970378,144.62723012205976,144.95037841796875,104796000
2013-11-19,144.87766706011004,145.31391847774373,144.3848579125574,144.6352996826172,93891000
2013-11-20,144.92614278750847,145.36239421934215,143.78702470533534,144.18289184570312,124909000
2013-11-21,144.58682517094567,145.45934031239912,144.4979575455944,145.3462371826172,92841000
2013-11-22,145.40278932283638,146.08949485304268,145.23314078395907,146.07333374023438,81296000
2013-11-25,146.33185900052558,146.3641688981107,145.71786000055639,145.92791748046875,79486000
2013-11-26,146.00059919695107,146.40454064839741,145.7501574694247,145.96827697753906,86994000
2013-11-27,146.12185119279866,146.42077640183186,145.94411587736954,146.32382202148438,58800000
2013-11-29,146.48535037458007,146.83273414485365,146.06524776609342,146.22682189941406,55870900
2013-12-02,146.29955002222823,146.57422732218132,145.6209311656437,145.84713745117188,99726000
2013-12-03,145.37047973418186,145.73402464558188,144.74840632656662,145.21697998046875,116563000
2013-12-04,144.6918325600065,145.80670258127464,144.08592038400533,145.20079040527344,123033000
2013-12-05,144.9422669657893,145.20886978904107,144.42522242814428,144.56256103515625,106934000
2013-12-06,145.9602128757562,146.3156833504581,145.54011028498888,146.1783447265625,127728000
2013-12-09,146.60651499710187,146.76808911621032,146.35607326338652,146.54995727539062,70124000
2013-12-10,146.21071204584334,146.51771163590058,145.93603469017137,146.02490234375,80976000
2013-12-11,146.0814010461495,146.1056365484825,144.2071066836262,144.3848419189453,130591000
2013-12-12,144.32026492571052,144.49800022891438,143.6093237128951,143.9082489013672,115565000
2013-12-13,144.2071485340434,144.33641280221033,143.61739726059554,143.89207458496094,107808000
2013-12-16,144.57065598678378,145.26543583874164,144.53025937254935,144.78878784179688,96195000
2013-12-17,144.91807163278347,144.94230713913146,144.0051598026171,144.32830810546875,89886000
2013-12-18,144.54644434223633,146.81659390551522,143.25383876459165,146.7923583984375,234906000
2013-12-19,146.37221136252353,146.79231390339444,145.99251775762417,146.62266540527344,136531200
2013-12-20,146.76893092381533,147.8248834144135,146.6714625811969,147.47560119628906,197087000
2013-12-23,148.19853625363046,148.3528694088621,147.88988233741352,148.26351928710938,85598000
2013-12-24,148.2716096827048,148.65337718631838,148.2634914528864,148.58839416503906,45368800
2013-12-26,148.92142759370037,149.42504291036684,148.90519113405344,149.34381103515625,63365000
2013-12-27,149.53874537437284,149.603715995051,149.18134498942905,149.33567810058594,61814000
2013-12-30,149.35189809055012,149.47374587793254,149.11634553239702,149.31129455566406,56857000
2013-12-31,149.51435679430605,150.01795959472656,149.40062723886555,150.01795959472656,86119900
2014-01-02,149.44127983449258,149.51439348010695,148.22287606801078,148.5802764892578,119636900
2014-01-03,148.83206145951831,149.1326094500334,148.3447074434746,148.55589294433594,81390600
2014-01-06,149.04321873721108,149.10007111284682,147.8979166611268,148.12535095214844,108028200
2014-01-07,148.71832606402768,149.28691187687778,148.60460890145765,149.0351104736328,86144200
2014-01-08,149.0107926734923,149.319458957219,148.5559238727868,149.06765747070312,96582300
2014-01-09,149.54685227620962,149.56310112726982,148.48278182524143,149.1650848388672,90683400
2014-01-10,149.4169254050178,149.636241571947,148.65339033027868,149.57125854492188,102026400
2014-01-13,149.18949697732162,149.60374984765738,147.2969080700601,147.58120727539062,149892000
2014-01-14,148.06857845994426,149.27074605510526,147.79240984791284,149.18951416015625,105016100
2014-01-15,149.53872266746006,150.22102562916058,149.22193826422478,149.99359130859375,98525800
2014-01-16,149.68498884600078,149.9936551528274,149.31947013195392,149.7987060546875,72290600
2014-01-17,149.53873404780046,149.82302077302361,148.90516519311342,149.1650848388672,107848700
2014-01-21,150.0261432890693,150.0830080916035,148.68590384765002,149.603759765625,88621200
2014-01-22,149.85556605862868,149.92054908926158,149.38444838222446,149.70123291015625,61270900
2014-01-23,148.94577269070757,148.97013977082497,147.68676557050037,148.4746551513672,132496900
2014-01-24,147.50806302963377,147.55679718908982,145.25807431222364,145.3068084716797,208677100
2014-01-27,145.4449108362672,145.81856009570387,143.86910671496904,144.59202575683594,180843100
2014-01-28,144.69761674050045,145.6398518695707,144.68136788813914,145.45303344726562,110463200
2014-01-29,144.2427265976738,145.03062849785735,143.67414079193333,144.055908203125,216597300
2014-01-30,145.25807463499817,146.05409482778066,144.7950753306528,145.58297729492188,118938100
2014-01-31,143.77971886054007,145.63169102969925,143.70661763144597,144.73007202148438,194677900
2014-02-03,144.55954088258068,144.8844435832325,141.19674711443565,141.47291564941406,254837100
2014-02-04,142.1065124864481,142.82943167241086,141.42420924460046,142.4639129638672,165012400
2014-02-05,141.96841751688305,142.60198653585132,141.09929587055274,142.2852020263672,164230500
2014-02-06,142.6182230680074,144.16152954101562,142.3258056695776,144.16152954101562,132877600
2014-02-07,144.83571206169935,146.1028499693155,144.36459446118292,145.94851684570312,170787200
2014-02-10,145.96476653498382,146.26531455425004,145.5667625762772,146.21656799316406,92218800
2014-02-11,146.33840337420773,148.19037592236114,146.24092265455982,147.8167266845703,117814100
2014-02-12,148.03603402239665,148.50715155762336,147.59741418987088,147.88983154296875,94717700
2014-02-13,146.89072852096263,148.8076839289728,146.88261029258356,148.65335083007812,100542200
2014-02-14,148.51527095347518,149.74992338673053,148.37718670151617,149.4737548828125,96498400
2014-02-18,149.6037192623751,149.85553309853438,149.17321762408417,149.6524658203125,80460900
2014-02-19,149.26258556530053,150.2291879082643,148.53966646418178,148.66151428222656,126524300
2014-02-20,148.86458762405798,149.87992417773333,148.32036871859736,149.5387725830078,104998100
2014-02-21,149.8230480799445,150.18044850295777,149.29507806955746,149.36817932128906,118116400
2014-02-24,149.68496748661352,151.20390692752142,149.619984463173,150.1967010498047,114063900
2014-02-25,150.31848592240755,150.74898746296552,149.64430122445592,150.13978576660156,117085000
2014-02-26,150.359088883654,150.75710508622115,149.72552016560127,150.1479034423828,98677200
2014-02-27,149.92863389191095,150.97645559090873,149.7580519252521,150.93585205078125,93880800
2014-02-28,150.91150756253572,152.01619430461466,150.31043621377316,151.31764221191406,150842000
2014-03-03,149.9854745075675,150.63529222374171,149.25443732327275,150.25352478027344,167748500
2014-03-04,151.7237332369668,152.69033540764457,151.69124792782506,152.3654327392578,167545900
2014-03-05,152.49534551922687,152.76339570446294,152.25978063179005,152.5034637451172,88376900
2014-03-06,152.87719319966538,153.2020959253982,152.5279109949703,152.85281372070312,82516500
2014-03-07,153.48641459570888,153.48641459570888,152.24363114607388,152.91781616210938,114513500
2014-03-10,152.68224523531234,152.89343076914625,151.95932613020454,152.83657836914062,74939200
2014-03-11,153.0639666294341,153.28328272163495,151.7318460149298,152.08111572265625,99009100
2014-03-12,151.34197851437665,152.17861466185667,151.00081459929956,152.1217498779297,104824400
2014-03-13,152.57663935335296,152.69848716654545,149.99362931769363,150.41600036621094,155014300
2014-03-14,150.14792439631572,150.91957744068466,149.81489114325683,149.99359130859375,153919600
2014-03-17,150.74905967567688,151.70754391543326,150.68407664296066,151.3501434326172,98359500
2014-03-18,151.65875158612027,152.6334719146159,151.49628786950313,152.43040466308594,101804600
2014-03-19,152.4466389957693,152.657836866733,150.65153145802532,151.61813354492188,176267300
2014-03-20,151.28506057271946,152.61718087877145,151.0170103874834,152.5034637451172,117241000
2014-03-21,153.14401152188623,154.21277863089142,151.77336986568045,151.9120635986328,163128000
2014-03-24,152.43420144695403,152.62185688322126,150.6230040592322,151.28384399414062,121411000
2014-03-25,152.05073453567684,152.51577737845676,151.15330243659872,152.0017852783203,103852000
2014-03-26,152.5973658168015,152.8421245693599,150.86775887689748,150.90855407714844,119843000
2014-03-27,150.72907153518312,151.21042255125573,150.0355904484056,150.5903778076172,142383000
2014-03-28,151.02273516671684,152.09150192004313,150.93299072832602,151.332763671875,101642000
2014-03-31,152.29548856082428,152.80948064506268,151.35726129332014,152.5728759765625,99745000
2014-04-01,153.07055683458745,153.6742934076991,152.56473122808248,153.5845489501953,89193000
2014-04-02,153.7803434007411,154.30248952545946,153.49478948688682,154.09852600097656,78774000
2014-04-03,154.33508689595453,154.37588208236255,153.4213344753418,153.89453125,77435000
2014-04-04,154.73493415374358,154.76756284918207,151.83049475070595,152.0752410888672,169381000
2014-04-07,151.7080721488182,151.96098493589497,150.0845304063785,150.39454650878906,140803000
2014-04-08,150.32929092836065,151.25936422160746,149.78267010635085,151.01461791992188,112660000
2014-04-09,151.42253833498717,152.68710233434754,150.98197011351283,152.63815307617188,100254000
2014-04-10,152.63000113231462,152.70342502059614,149.2441988238428,149.43185424804688,172959000
2014-04-11,148.59965487247453,149.64394705144724,147.92249452300953,148.08566284179688,167251000
2014-04-14,149.24419860320984,149.60317643287343,148.0285838469679,149.2523651123047,132382000
2014-04-15,149.5623609020567,150.38636895848958,148.08565470843334,150.28030395507812,157093000
2014-04-16,151.31648317822837,151.86310401175075,150.6474767423384,151.85494995117188,105197000
2014-04-17,151.65090513635906,152.49123353676012,151.38982595036143,152.06698608398438,105255000
2014-04-21,152.10781564565764,152.64628225178816,151.92017271889466,152.59732055664062,68329000
2014-04-22,152.75236580411618,153.7069136456541,152.67078786020082,153.29083251953125,85790000
2014-04-23,153.23369816374984,153.31527609114028,152.80945061491127,152.93182373046875,73869000
2014-04-24,153.6824992863373,153.69881986109914,152.5076668825032,153.241943359375,88170000
2014-04-25,152.7441938432955,152.83393828534693,151.64278591347747,151.98544311523438,100380000
2014-04-28,152.60547528606608,153.12762128684997,150.90034361385923,152.46678161621094,135121000
2014-04-29,152.95624495062668,153.41312102111957,152.62990845711442,153.17652893066406,84098000
2014-04-30,152.92366442537403,153.7884676094904,152.71153443376144,153.63345336914062,101508000
2014-05-01,153.56003583842377,154.06586131816823,153.16026290991834,153.6497802734375,93019000
2014-05-02,153.63348317778744,154.31064357289176,153.20108150183276,153.4295196533203,98122000
2014-05-05,152.67892862204283,153.8292858368881,152.2546810242168,153.7232208251953,75883000
2014-05-06,153.3805356408487,153.4866006331982,152.35256419210924,152.38519287109375,85454000
2014-05-07,152.8992014319154,153.35607768099322,151.7569983602767,153.28265380859375,106500000
2014-05-08,153.14399391441802,154.2372355300772,152.63000179631769,153.1195068359375,93618000
2014-05-09,153.1439521596132,153.4131730110801,152.42599669185225,153.34791564941406,83679000
2014-05-12,154.0332699796111,154.91439397819346,153.3805841530005,154.84095764160156,86940000
2014-05-13,155.0449174112006,155.35494597230885,154.82464575362556,154.9796600341797,66454000
2014-05-14,154.8409312858965,154.91436760998866,154.0250772537376,154.245361328125,72367000
2014-05-15,153.93532912755566,153.96797025946967,152.14045278955828,152.8910369873047,154956000
2014-05-16,152.98077282891433,153.48661075359828,152.3362536726949,153.4213409423828,97458000
2014-05-19,153.1276798069645,154.10670237646514,152.98898608410542,153.9843292236328,63839000
2014-05-20,153.91085970925795,153.927180275767,152.62182128077052,153.013427734375,111644000
2014-05-21,153.45394947257122,154.37586831762965,153.4294748526973,154.3024444580078,89093000
2014-05-22,154.34327697327765,154.99596276129614,154.08221012743783,154.6777801513672,61549000
2014-05-23,154.81647291300726,155.40388887374235,154.67777920685396,155.29783630371094,61092800
2014-05-27,155.877036341972,156.30128383444628,155.78729191950518,156.25233459472656,72010000
2014-05-28,156.2523721459482,156.49713085231022,155.87707380300037,156.13815307617188,66723000
2014-05-29,156.49718241491567,156.97036696778997,156.09740931450915,156.94589233398438,64377000
2014-05-30,156.79898522727734,157.296656674679,156.66844559705362,157.19874572753906,76316000
2014-06-02,157.41906057939948,157.45170171781027,156.61952697358964,157.37826538085938,64656000
2014-06-03,156.9948021464237,157.37825457827606,156.84795438049514,157.2966766357422,65047000
2014-06-04,157.02742176537112,157.70458208523624,156.86425345371615,157.61483764648438,55529000
2014-06-05,157.79435468302648,158.80600586518707,157.21509275699387,158.64283752441406,92103000
2014-06-06,158.9854720260356,159.4423482944058,158.9120481505357,159.4015655517578,78696000
2014-06-09,159.37708484776758,159.94818016144808,159.2302246534245,159.56472778320312,65119000
2014-06-10,159.36890943195576,159.61366810954985,159.02625226290138,159.58103942871094,57129000
2014-06-11,159.00993981025275,159.18942868638254,158.66728262371697,159.02626037597656,68772000
2014-06-12,158.83866097018333,158.92840543284214,157.54960980151486,157.90042114257812,106350000
2014-06-13,158.21037907900788,158.53672809245904,157.70455366933606,158.3817138671875,82017000
2014-06-16,158.1859466735979,158.84678648489708,157.99830372137666,158.5122833251953,87424000
2014-06-17,158.29199533995612,159.06705414416558,158.1206605237475,158.9528350830078,84834000
2014-06-18,158.9528718481977,160.209281811536,158.60204807631922,160.11953735351562,105267000
2014-06-19,160.258246545199,160.39695272467142,159.74426682594958,160.29904174804688,85929000
2014-06-20,160.6982569228396,160.75564637875877,160.42773343479152,160.62448120117188,100587000
2014-06-23,160.66544608798387,160.71462989453258,160.2801562585553,160.5752716064453,70611000
2014-06-24,160.2883305122232,161.08350198070372,159.4275764732025,159.60792541503906,96237000
2014-06-25,159.2718134744594,160.49326535146704,159.2390284447137,160.32931518554688,82782000
2014-06-26,160.35395792001597,160.37035669438544,159.14071129727125,160.214599609375,84312000
2014-06-27,159.8374209182009,160.57521528343773,159.76364523425525,160.52603149414062,71445100
2014-06-30,160.42770828388666,160.81299811476987,160.28834999527325,160.44410705566406,70201200
2014-07-01,160.8375849538412,162.009853181357,160.78020801732367,161.5179901123047,90470000
2014-07-02,161.5343943802032,161.8868866684271,161.46061866991417,161.68194580078125,52475000
2014-07-03,162.14099057566344,162.5508722584569,162.0180310742639,162.4770965576172,52938800
2014-07-07,162.16563623864153,162.29678890396684,161.6737730907234,161.9114990234375,61696000
2014-07-08,161.6163364562782,161.67372589384155,160.47686592122255,160.870361328125,108143000
2014-07-09,161.27205911405397,161.73933028206724,160.92775996801146,161.59176635742188,72992000
2014-07-10,160.03420060281206,161.37861198315403,159.90303546604798,160.95233154296875,99040000
2014-07-11,160.85401401097675,161.28848771671753,160.4933160269052,161.17372131347656,64243000
2014-07-14,161.9934989197158,162.19843983669793,161.85414059720003,161.9853057861328,58658000
2014-07-15,162.0836344044624,162.39514852603546,160.9687555841249,161.68194580078125,111307000
2014-07-16,162.40332449438804,162.5262839985417,161.8376857580881,162.28036499023438,79986400
2014-07-17,161.78034005356528,162.39516271020372,160.20638304500383,160.43592834472656,145398000
2014-07-18,160.96056064530495,162.23938964368133,160.8703861642093,162.075439453125,124330000
2014-07-21,161.5671538912926,161.90325986319823,161.02610708411714,161.7720947265625,67592000
2014-07-22,162.32133951678026,162.77221186957235,162.20657314594195,162.4770965576172,67678000
2014-07-23,162.72304794619725,163.00997016263975,162.39514756334682,162.8378143310547,65612000
2014-07-24,162.99358750245784,163.18212961580392,162.682073351939,162.8460235595703,56888000
2014-07-25,162.3869266150363,162.52628489004036,161.76391094291276,162.0836181640625,76837000
2014-07-28,162.11638764345852,162.38691103672483,161.18185797062742,162.14918518066406,69259000
2014-07-29,162.45248953292878,162.6820222532358,161.42778542134553,161.45237731933594,80466000
2014-07-30,162.02624502938608,162.23939153733514,160.80480546317656,161.4770050048828,104222000
2014-07-31,160.35392378488186,160.4932820658571,158.1897488470008,158.28811645507812,183479000
2014-08-01,157.85367294916182,158.83738674335302,157.04211501053885,157.8044891357422,189261000
2014-08-04,158.10779214300518,159.2800605258841,157.43559253538297,158.94395446777344,91340000
2014-08-05,158.29632263738165,158.70620435057154,156.82893909934734,157.40277099609375,152690000
2014-08-06,156.6650628614166,158.12424144841455,156.64047094770567,157.45204162597656,94818000
2014-08-07,158.16517761523795,158.32093468744736,156.2059432772014,156.59942626953125,135733000
2014-08-08,156.95190915610848,158.5176477743838,156.53382180837986,158.4110870361328,117014000
2014-08-11,159.00952125271453,159.57516004830526,158.79638725364177,158.8701629638672,74544000
2014-08-12,158.7144320767418,159.15709891969223,158.16519196238104,158.6488494873047,73632000
2014-08-13,159.27178399572207,159.90300515171114,159.00127315174888,159.72265625,69047000
2014-08-14,159.9850323866912,160.4768829345703,159.83746846630947,160.4768829345703,57371000
2014-08-15,161.05892965703967,161.20648107724284,159.28823756301446,160.44410705566406,139951000
2014-08-18,161.32947808908787,161.86231942269973,161.2393035932428,161.78854370117188,75424000
2014-08-19,162.18197069411974,162.75580251097793,161.85407037265662,162.63284301757812,59135000
2014-08-20,162.4115389997337,163.26410003605778,162.37875396384348,163.06735229492188,72763000
2014-08-21,163.2066644470471,163.75590433026863,163.07549932337176,163.5427703857422,67791000
2014-08-22,163.41165581267342,163.6985780458969,162.91980520963125,163.2886962890625,76107000
2014-08-25,164.06742387013776,164.43631484781676,163.25585371236792,164.11660766601562,63855000
2014-08-26,164.2231903076172,164.62487884463184,164.18219963917147,164.2231903076172,47298000
2014-08-27,164.30512888357043,164.41990773752332,163.90345292910933,164.15757751464844,47874000
2014-08-28,163.6165866997406,164.17403235946583,163.45263650873824,164.0674591064453,58330000
2014-08-29,164.3215824995246,164.55111526686048,163.80514002731772,164.53472900390625,65907000
2014-09-02,164.74782829547493,164.77242019332363,163.83789054928738,164.4527130126953,72426000
2014-09-03,165.08395989214134,165.1085517938107,164.13303133226847,164.36256408691406,57462000
2014-09-04,164.6413358051559,165.24796543630123,163.6740206591524,164.12489318847656,85236000
2014-09-05,164.09201511588165,164.928177168267,163.46899952291324,164.8625946044922,102177000
2014-09-08,164.7068484759879,164.94458684897467,163.95266770557376,164.4363250732422,64146000
2014-09-09,164.2887721831073,164.4035385491142,163.05912718649253,163.39523315429688,88591000
2014-09-10,163.48541021218205,164.11663153781817,162.9443758702337,164.01007080078125,67251000
2014-09-11,163.3542682935101,164.22321556035632,163.23129626926348,164.19862365722656,66774400
2014-09-12,164.03467351079502,164.05105977382078,162.77223077633846,163.239501953125,117409300
2014-09-15,163.26411057338487,163.39527574260777,162.62469600917206,163.11654663085938,76401000
2014-09-16,162.81322246892105,164.64129149554003,162.72304798732472,164.34617614746094,116201000
2014-09-17,164.58391891376164,165.3298941809698,163.74775665397215,164.56752014160156,151266000
2014-09-18,165.0675901500738,165.46927879564254,164.85445612859198,165.44468688964844,94990000
2014-09-19,165.970947517806,166.28390522229688,164.95791613367513,165.29559326171875,121649000
2014-09-22,165.00732159533604,165.0320284487032,163.6730886781759,164.0189971923828,125553000
2014-09-23,163.42598659479492,164.10957210667482,163.03066442461005,163.080078125,111393000
2014-09-24,163.10486640401174,164.4638066785018,162.6766057421162,164.3567352294922,107276000
2014-09-25,163.92840143081136,163.93664542665618,161.6470515196939,161.70469665527344,150300000
2014-09-26,162.0012052903277,163.3930834636835,161.77059959419316,162.98951721191406,103547000
2014-09-29,161.5894089031488,162.9812870876513,161.46587462461167,162.69302368164062,95112000
2014-09-30,162.81657792212064,163.31897162276962,161.9270933750502,162.2647705078125,131302000
2014-10-01,162.00123784905338,162.05889556820892,159.70341185537535,160.0657958984375,177798000
2014-10-02,159.9257249923684,160.65049285820925,158.41855669318875,160.0904541015625,157285000
2014-10-03,161.16113664392648,162.19887485739335,160.6669869600991,161.85296630859375,121569000
2014-10-06,162.52832142826045,162.74246428599938,161.07879797519814,161.66354370117188,104778000
2014-10-07,160.83171129752503,161.19409529009374,159.13510675692484,159.1680450439453,147913000
2014-10-08,159.25859201784988,162.18235734834695,158.4267654306538,161.95175170898438,186461000
2014-10-09,161.69646543934817,161.91883968731474,158.6079830895169,158.73976135253906,210705000
2014-10-10,158.69857860206253,159.4892230437084,156.88667147563507,156.92784118652344,221909000
2014-10-13,156.86194339649592,157.43021351394165,154.2593796135218,154.3499755859375,230939000
2014-10-14,155.1818569311962,156.334898129303,154.0452911612669,154.5888671875,215847000
2014-10-15,152.4969201365516,154.58061539557778,149.82846664140763,153.54287719726562,380715000
2014-10-16,150.76740080122084,154.49005624128347,150.62739106444235,153.41114807128906,270391000
2014-10-17,155.18184017847426,156.27722354324186,154.52296136026698,155.2230224609375,214625000
2014-10-20,154.94299373055915,156.8537283646901,154.89358002140185,156.73019409179688,130011000
2014-10-21,157.866769376241,159.94223342313626,157.70205280012183,159.83517456054688,154949000
2014-10-22,160.11516278002628,160.52696042357323,158.63268874984385,158.69857788085938,151822000
2014-10-23,160.2881444493085,161.5894267845268,159.99164958094144,160.54345703125,154944000
2014-10-24,160.80698740006008,161.8282501284352,160.18105947644995,161.77882385253906,117927000
2014-10-27,161.20238113135724,161.7953710344296,160.62586666089047,161.55653381347656,82954000
2014-10-28,162.10006266528663,163.41780784637902,162.02592952373897,163.40957641601562,106736000
2014-10-29,163.52487484400183,163.99431770337648,162.08358284410997,163.16249084472656,142557000
2014-10-30,162.72596100406872,164.67787784507095,162.57770731508273,164.20843505859375,113330000
2014-10-31,166.18510063287715,166.21805149076317,165.3532736937722,166.08627319335938,146903000
2014-11-03,166.3003836498852,166.73688821174287,165.79798994719084,166.17684936523438,93600000
2014-11-04,165.7321075168148,166.03684637640666,164.76850235631645,165.600341796875,93343000
2014-11-05,166.81101784703924,166.85220013318357,165.91330181761182,166.64630126953125,91709000
2014-11-06,166.6874570877971,167.40398099806993,166.06976059492266,167.31338500976562,107089000
2014-11-07,167.32986944584755,167.68402198904192,166.86865805039554,167.46987915039062,89540000
2014-11-10,167.5027986539997,168.04636194429972,167.29689985048836,167.9969482421875,66319000
2014-11-11,168.06285471448103,168.26875353924484,167.72517762577232,168.16168212890625,54499400
2014-11-12,167.4781512822715,168.21115078041163,167.44520042445052,167.9805450439453,90120300
2014-11-13,168.14529130475458,168.69709888346824,167.36287794887915,168.1699981689453,85357900
2014-11-14,168.09583300624917,168.41703472263535,167.78286272005323,168.2111358642578,80417500
2014-11-17,167.88994617928356,168.49116737005164,167.72521702712143,168.31820678710938,80441000
2014-11-18,168.37577177264325,169.5946889115042,168.37577177264325,169.2899627685547,76068100
2014-11-19,169.09235481636904,169.2900222192747,168.26052805905906,169.0182342529297,82373000
2014-11-20,168.22762140855156,169.42184500182628,168.1617322569379,169.3147735595703,72840300
2014-11-21,171.0113602937156,171.17607687180276,169.64418881816016,170.220703125,142327300
2014-11-24,170.62424369391073,170.80543567260446,170.41011343139428,170.6983642578125,65880800
2014-11-25,170.92898435132895,171.13488320200935,170.31953179623883,170.57484436035156,79108300
2014-11-26,170.72305864904294,171.11014943280531,170.50892840215877,171.01132202148438,62167800
2014-11-28,170.8878212712405,171.20077899082176,170.4101344110629,170.6489715576172,57890100
2014-12-01,169.9901439473369,170.105446840276,169.15008539895464,169.46304321289062,103968400
2014-12-02,169.5041334542208,170.76423315951766,169.47942660251428,170.55833435058594,74507200
2014-12-03,170.73133634766663,171.43138492782614,170.56661977392727,171.21725463867188,68952000
2014-12-04,170.92894628296273,171.53017984133535,170.23712931485076,171.0277862548828,91316600
2014-12-05,171.2007441455767,171.69490633264874,170.937200194987,171.3078155517578,91025500
2014-12-08,170.91246898709946,171.40661853668811,169.60294314808758,170.16299438476562,108588200
2014-12-09,168.31826488677495,170.15489251737193,167.93941786700037,170.04782104492188,125180100
2014-12-10,169.58651183886957,169.64415697519863,167.1321887879012,167.32162475585938,159856400
2014-12-11,167.9146855275928,169.81718947271352,167.7746757748212,168.1699981689453,159012800
2014-12-12,166.89334863860122,167.8651976132051,165.41911860275877,165.45205688476562,202330200
2014-12-15,166.34977208118482,166.80275200117296,163.71426968361746,164.31549072265625,189965800
2014-12-16,163.54957963889098,166.69570760124464,162.956589932477,162.99777221679688,259543800
2014-12-17,163.4342614875855,166.6462782908317,163.31071464618827,166.19329833984375,253910100
2014-12-18,168.62295594942321,175.40114374758215,167.9476015721637,170.30308532714844,257633900
2014-12-19,170.95315240330035,171.6984869367733,170.2740833072167,171.02769470214844,245084600
2014-12-22,171.21812963594104,171.81439208984375,170.97797433698753,171.81439208984375,148318900
2014-12-23,172.39409758489148,172.44378401935393,171.75642552429184,172.04627990722656,122167900
2014-12-24,172.26985563803612,172.53485412753085,172.02141086659194,172.0628204345703,42963400
2014-12-26,172.5100591780374,172.95726241903841,172.46037273713273,172.6177215576172,57326700
2014-12-29,172.43552360762217,173.0566293705053,172.36927080987647,172.84959411621094,79643900
2014-12-30,172.42727047729622,172.5597634545932,171.8475615763448,171.92210388183594,73540800
2014-12-31,172.2450505225838,172.4106761947052,170.09187887571926,170.21609497070312,130333800
2015-01-02,170.91172873180355,171.32579919572484,169.08980858140774,170.12498474121094,121465900
2015-01-05,169.08157077807908,169.24719647462058,166.74621939305322,167.05262756347656,169632600
2015-01-06,167.35905850976383,167.88079152948126,164.6841658691223,165.47918701171875,209151400
2015-01-07,166.80418415106138,167.8807701425897,166.35699350286723,167.54122924804688,125346700
2015-01-08,168.94900502131202,170.7295153754652,168.93245130305235,170.51419067382812,147217800
2015-01-09,170.92829469871802,170.94486105666158,168.53496775123423,169.14779663085938,158567300
2015-01-12,169.2802746346781,169.43762341842782,167.21819936354106,167.82273864746094,144396100
2015-01-13,169.04009440452768,170.16636638700572,166.05050564021337,167.35069274902344,214553300
2015-01-14,165.3383521156499,166.53916672214785,164.4439709204368,166.3404083251953,192991100
2015-01-15,166.97809923436395,167.29278426938683,164.70071113847325,164.816650390625,176613900
2015-01-16,164.60955928064396,167.1353913848999,164.42736728384997,166.97804260253906,211879600
2015-01-20,167.61573238611436,167.88074357008344,165.76898150488393,167.33416748046875,130991100
2015-01-21,166.87039932448977,168.65918678671582,166.4066424201559,168.17886352539062,122942700
2015-01-22,168.93246232905992,170.8123330247463,167.55774543821306,170.67984008789062,174356000
2015-01-23,170.42311807048108,170.67985237585975,169.61154348944333,169.74404907226562,117516800
2015-01-26,169.52875477378714,170.2326670631215,168.81655298688875,170.14157104492188,92009700
2015-01-27,168.0877619624292,169.04011895690113,167.06915217860907,167.8972930908203,134044600
2015-01-28,169.08153230604532,169.18090517407325,165.55365649034815,165.74412536621094,168514300
2015-01-29,165.9429070087455,167.53293630229993,164.53505711997988,167.27621459960938,173585400
2015-01-30,166.1002407142217,167.42525868672465,164.9077156934692,165.17271423339844,197729700
2015-02-02,165.66964179128243,167.30935775192052,163.85601062679834,167.21826171875,163107000
2015-02-03,168.11262191798005,169.6446878126908,167.73996099766435,169.6363983154297,124212900
2015-02-04,168.8744782685372,170.08356945276037,168.5349374920139,168.99041748046875,134306700
2015-02-05,169.65298840028913,170.84551362122258,169.57845873308844,170.69644165039062,97953200
2015-02-06,171.06073699646527,171.6238792303242,169.7025867854718,170.2243194580078,125672000
2015-02-09,169.57843312899038,170.29891174267553,169.0567002644991,169.46249389648438,87219000
2015-02-10,170.4976268923668,171.52451336660693,169.50384785269193,171.26779174804688,96164200
2015-02-11,171.10221945776905,171.79785489325087,170.45627046247458,171.36721801757812,91087800
2015-02-12,172.16222880934126,173.07318894711187,171.40034061976428,173.0152130126953,97545900
2015-02-13,173.1394439618939,173.77710343007948,172.88270963873737,173.7274169921875,93670400
2015-02-17,173.41271624816068,174.1746170702164,173.1642840631735,174.00070190429688,76968200
2015-02-18,173.62806089167654,174.09181787204656,173.36304968207656,174.0172882080078,80652900
2015-02-19,173.42101732802976,174.2574352250173,173.2802348683247,173.89305114746094,91462500
2015-02-20,173.47892654651372,175.01099203958267,172.85782096333855,174.93646240234375,140896400
2015-02-23,174.68806526102213,174.9116668701172,174.30711483946868,174.9116668701172,74411100
2015-02-24,174.83713472984738,175.6073124786013,174.53900344588288,175.40855407714844,72472300
2015-02-25,175.28431892593602,175.76464219992837,174.91993488108469,175.2594757080078,73061700
2015-02-26,175.1683836897917,175.32573249787598,174.44789244416535,175.0524444580078,72697900
2015-02-27,174.95308435386465,175.2180955715284,174.40652083118627,174.45620727539062,108076000
2015-03-02,174.55550031900256,175.61551943192526,174.50581389752566,175.55755615234375,87491400
2015-03-03,175.1270126646053,175.60733605528142,173.97589695405733,174.837158203125,110325800
2015-03-04,174.2408495827965,174.3153918714502,173.1311437504533,174.10006713867188,114497200
2015-03-05,174.42303554530858,174.57210748101213,173.7853761387244,174.29054260253906,76873000
2015-03-06,173.4292777790329,173.8599146150726,171.50799732884414,171.83924865722656,188128000
2015-03-09,172.0380244934855,172.90756247783182,171.88067567378718,172.5514678955078,89818900
2015-03-10,171.1850583639419,171.26786489499713,169.71095552856167,169.7523651123047,157121300
2015-03-11,170.00905368526062,170.18296884849192,169.27200872952477,169.35482788085938,110145700
2015-03-12,169.984236901948,171.5742662907018,169.9345504579917,171.50802612304688,93993500
2015-03-13,171.2347075656587,172.1953414628287,169.42107686549133,170.4562530517578,162410900
2015-03-16,171.18502302994446,172.82473858898433,170.48109816090155,172.733642578125,136099200
2015-03-17,171.99656750962697,172.60110676504362,171.40858197224705,172.2201690673828,94510400
2015-03-18,171.74814392695924,174.96133472213626,171.11047188394753,174.29054260253906,228808500
2015-03-19,173.87647957216197,174.29882690791254,173.10630191705437,173.4955291748047,117917300
2015-03-20,174.44464805012606,175.53435314639842,174.26164278434246,175.0269317626953,177715100
2015-03-23,175.03522223174306,175.6091920621915,174.68585205078125,174.68585205078125,71784500
2015-03-24,174.56112214072957,175.0186226578226,173.63778191445252,173.70433044433594,77805300
2015-03-25,173.9122827238235,174.14519622246746,171.11730804726218,171.1588897705078,159521700
2015-03-26,170.49347509533237,171.66635670565452,169.7947217212742,170.7513427734375,153067200
2015-03-27,170.63489714450185,171.3169975608882,170.4435653058631,171.14231872558594,118939000
2015-03-30,172.17374153535073,173.52964087435808,172.15711392232274,173.2301788330078,96180400
2015-03-31,172.406643721356,173.1053969004978,171.65799501357338,171.71621704101562,126768700
2015-04-01,171.6829941309399,171.7079482482188,170.11913508633242,171.10902404785156,137303600
2015-04-02,171.04248104094222,172.17378093460846,170.8594757130817,171.72459411621094,86900900
2015-04-06,170.83450255255133,173.39656416417543,170.701418168536,172.88082885742188,114368200
2015-04-07,172.9057613911213,173.6544101425023,172.39002614874036,172.4232940673828,81236300
2015-04-08,172.64793108711083,173.4464882354777,172.25696632117644,173.005615234375,89351900
2015-04-09,172.83929583413308,174.00386393819525,172.34851446833835,173.7709503173828,85548900
2015-04-10,174.02045185284246,174.76078693025497,173.82081891959464,174.7191925048828,72722900
2015-04-13,174.57778751880323,175.20999234303937,173.87904684312468,173.928955078125,74436600
2015-04-14,173.72929738807832,174.44467827112047,173.10541915377996,174.2616729736328,75099900
2015-04-15,174.72745898397835,175.55096993640942,174.64427016181077,175.04354858398438,99529300
2015-04-16,174.7108915740687,175.50113494303832,174.5112459332694,174.99371337890625,68934900
2015-04-17,173.80411444443402,174.04534171399567,172.19866160620694,172.9805908203125,191113200
2015-04-20,173.90395269086372,174.8938413864011,173.820776553229,174.5611114501953,92189500
2015-04-21,175.2432242976131,175.4012754712299,174.05370263148143,174.35316467285156,72559800
2015-04-22,174.69422819886228,175.3929815029831,173.7708878579371,175.20997619628906,78264600
2015-04-23,174.81065383286185,176.29965013641794,174.6941970850558,175.65081787109375,102585900
2015-04-24,176.06673714336273,176.3246047504669,175.6092239568068,176.05841064453125,61327400
2015-04-27,176.6240960236707,176.7488665984701,175.13509946927405,175.32643127441406,79358100
2015-04-28,175.3014595076419,175.9336515110271,174.12856545128815,175.8837432861328,86863500
2015-04-29,174.9936565199954,175.75894552181222,174.35315076294765,175.1600341796875,125684900
2015-04-30,174.58606924936552,174.9770339137259,172.7061082608666,173.4048614501953,161304900
2015-05-01,174.18680399234466,175.32643023772877,174.08698753309534,175.2848358154297,103399700
2015-05-04,175.7090605129889,176.3662193542195,175.6009302513046,175.783935546875,70927200
2015-05-05,175.5427692904863,175.9004662249885,173.6295393828067,173.7709503173828,113326200
2015-05-06,174.31986223603798,174.6276380453887,171.9907147273087,173.0554656982422,135060200
2015-05-07,172.95566748495605,174.17015593221083,172.62293753129305,173.74591064453125,88244900
2015-05-08,175.41795646224531,176.23315393894381,175.33476760646826,176.03350830078125,155877300
2015-05-11,175.99189859029525,176.25808003936282,175.11846651482492,175.19332885742188,75708100
2015-05-12,174.36147464716103,175.20995252786722,173.53795087828436,174.66925048828125,119727600
2015-05-13,175.07686956643255,175.70074779807248,174.4696316416302,174.70254516601562,94667900
2015-05-14,175.71734761461244,176.61573358430036,175.44283973280514,176.52423095703125,95934000
2015-05-15,176.71560668945312,176.8570175782501,176.23313929029138,176.71560668945312,76510100
2015-05-18,176.54923699435392,177.51415907420704,176.48268845559923,177.26461791992188,74549700
2015-05-19,177.3811124364476,177.65562045741285,176.92359906817222,177.2064208984375,72114600
2015-05-20,177.30620630998737,177.8302681393417,176.76551686494682,177.0816192626953,76857500
2015-05-21,176.940220070535,177.80532577836263,176.77384235998136,177.5973663330078,64764600
2015-05-22,177.21470795376445,177.63062682707135,177.1065776778336,177.17312622070312,57433500
2015-05-26,176.6822330186408,177.10647815442857,174.85219354303203,175.2681121826172,124308600
2015-05-27,175.7257225811501,177.16479831740622,175.31811751911465,176.931884765625,93214000
2015-05-28,176.62409580961238,176.84036903661448,176.04181197319468,176.73223876953125,74974600
2015-05-29,176.66569965442963,176.70728138630633,175.36803483753582,175.63421630859375,124919600
2015-06-01,176.2996734515906,176.63240343422953,175.2016416617787,175.9918975830078,93338800
2015-06-02,175.5343779627752,176.50762645412786,174.91049974835676,175.81719970703125,91531000
2015-06-03,176.34959907877004,176.9069288357371,175.792269321803,176.28305053710938,87820900
2015-06-04,175.57595090371493,176.23309695766497,174.47791928810233,174.7940216064453,151882800
2015-06-05,174.64429253878083,175.16835426135324,173.83740909313252,174.49456787109375,121704700
2015-06-08,174.38644350417422,174.53618088064647,173.34664644724396,173.4215087890625,89063300
2015-06-09,173.3965606689453,173.93726277294067,172.7643686058993,173.3965606689453,105034700
2015-06-10,174.16186064118648,175.85881671031495,174.10363860063796,175.47616577148438,134551300
2015-06-11,175.9170105686235,176.424432007937,175.68409705806988,176.0417938232422,73876400
2015-06-12,175.21829093363948,175.9170315486328,174.41972116447866,174.69422912597656,135382400
2015-06-15,173.55457673860172,174.22836308758698,172.84750978139104,173.94554138183594,124384200
2015-06-16,173.795828110699,174.977048702538,173.6211493182285,174.89385986328125,85308200
2015-06-17,175.1767578125,175.78400867900024,174.1536006472954,175.1767578125,126708600
2015-06-18,175.7755955789997,177.46422483733193,175.2099521217295,176.99839782714844,165867900
2015-06-19,176.75602447729432,176.83125097118443,175.83654703671488,176.2126922607422,130478700
2015-06-22,177.13216924817195,177.70056420665657,176.90647701250222,177.11544799804688,70696000
2015-06-23,177.32439243372787,177.57516012975066,176.84794529040192,177.2407989501953,68476800
2015-06-24,176.97336226846414,177.34950751918115,175.92850726392928,175.95358276367188,92307300
2015-06-25,176.45503358390778,176.5804110224501,175.3433068620699,175.4185333251953,97107400
2015-06-26,175.77803133706038,176.02044482664536,174.83349114074264,175.3851776123047,104174800
2015-06-29,173.90563875410464,175.39351099709683,171.6320336459103,171.70726013183594,202621300
2015-06-30,173.24526734242642,173.2954310829794,171.59022103225652,172.06668090820312,182925100
2015-07-01,173.63817259235734,173.88894033293766,172.66018988321343,173.4459228515625,135979900
2015-07-02,173.9224046903697,174.08957895357244,172.86918259849284,173.28712463378906,104373700
2015-07-06,171.99982766856422,173.57128067258205,171.79921094792178,172.79391479492188,117975400
2015-07-07,172.9945193989469,174.005931669229,170.61224543215388,173.88055419921875,173820200
2015-07-08,172.54313779167816,172.82733523135315,170.72927142023497,170.96331787109375,164020100
2015-07-09,173.0614046397183,173.32053937393576,171.16395728673342,171.27261352539062,144113100
2015-07-10,173.2703487371135,173.84711060466248,171.31438368987548,173.42916870117188,129456900
2015-07-13,174.69138011140603,175.45202476370065,174.64958336566815,175.34336853027344,106069400
2015-07-14,175.3016233075277,176.413350747108,175.24310529538042,176.10406494140625,81709600
2015-07-15,176.14578842406027,176.6055270618989,175.56902656518767,176.0454864501953,97914100
2015-07-16,177.09873890698512,177.4581756591797,176.8563381591246,177.4581756591797,106683300
2015-07-17,177.44976158444834,177.6670995296128,177.04018669623701,177.60858154296875,89030000
2015-07-20,177.834306013265,178.1937299807778,177.38293430331788,177.7005615234375,70446800
2015-07-21,177.5667926991554,177.82592739564956,176.69747914356392,176.99839782714844,77965000
2015-07-22,176.31304083577484,177.01519322799325,176.27961108118356,176.6808319091797,88667900
2015-07-23,176.8145140001547,176.91481598309016,175.32664173192563,175.68606567382812,90509100
2015-07-24,175.7863812866775,175.84488652548933,173.52949737736176,173.8638458251953,117755000
2015-07-27,172.97776141377452,173.48765094114864,172.409353909774,172.8523712158203,132361100
2015-07-28,173.68836297247609,175.11773048968152,172.8608458218761,174.9756317138672,123544800
2015-07-29,175.1009780024114,176.40495501101523,174.95887925194333,176.1792755126953,105791300
2015-07-30,175.66933720699794,176.38819776364778,175.05077862187974,176.2210235595703,91304400
2015-07-31,176.72259451646022,176.74767001620285,175.66938526353704,175.95358276367188,103266900
2015-08-03,175.92008441599754,175.97858964105714,174.40712424556037,175.3600311279297,113965700
2015-08-04,175.28484070143256,175.74457936960462,174.53255033866034,175.01736450195312,81820800
2015-08-05,175.91172809583946,176.6305886124667,175.30989079100854,175.59410095214844,85786800
2015-08-06,175.77797571653295,175.88664467779424,173.57124328312673,174.1563720703125,116030800
2015-08-07,173.997608504689,174.14806149557737,172.91931105168084,173.8220672607422,117858000
2015-08-10,174.93380271583044,176.09568096708327,174.93380271583044,176.01210021972656,80270700
2015-08-11,174.67461103497817,175.09255286876916,173.66318618519202,174.42384338378906,126081400
2015-08-12,173.119910497788,174.8167537499092,171.65711371116103,174.6328582763672,172123700
2015-08-13,174.47406310873316,175.1594941084162,173.87222561057453,174.41555786132812,89383300
2015-08-14,174.22325170871736,175.12600772977814,174.0811529953894,175.05078125,72786500
2015-08-17,174.45735534601607,176.02880859375,173.99761659485281,176.02880859375,79072600
2015-08-18,175.752906284394,176.1039759160631,175.2848134421685,175.51885986328125,71692700
2015-08-19,174.77499973400174,175.54401155928704,173.32056959350558,174.13137817382812,172946000
2015-08-20,172.61836329246614,174.10623547356118,170.43670600935428,170.49522399902344,194327900
2015-08-21,168.62285717821266,170.4701662267819,165.10379306833215,165.3629150390625,346588500
2015-08-24,156.71987190379426,165.07034363018442,152.46521329774097,158.39999389648438,507244300
2015-08-25,163.35681494583278,163.37353619823517,156.243446220749,156.5360107421875,369833100
2015-08-26,160.55659728431232,162.82183573989923,157.45546208959075,162.54600524902344,339257000
2015-08-27,164.68586565532422,166.69198210968912,163.17291768909226,166.5666046142578,274143900
2015-08-28,165.922962716579,167.04304413931038,165.438148498999,166.574951171875,160414400
2015-08-31,165.59693213032023,166.44953713642272,164.67745489289854,165.22914123535156,163298800
2015-09-01,161.4259211487993,162.80513746263742,159.4281588104927,160.2974853515625,256000400
2015-09-02,162.67967163042758,163.3818235888187,160.8407301541806,163.34002685546875,160269300
2015-09-03,164.0505780006922,165.5468174006703,162.96393907885664,163.4571075439453,152087800
2015-09-04,161.2002176188391,162.0444557787715,160.16371697574704,160.98287963867188,207081000
2015-09-08,163.7831206566259,165.1790454713278,163.13948637525806,165.02857971191406,116025700
2015-09-09,166.60834216995147,166.73371962083738,162.4539992362937,162.82177734375,149347700
2015-09-10,162.62954276977638,164.8529966388303,162.37042084416746,163.7078399658203,158611100
2015-09-11,163.31502521644617,164.5187002556144,162.60451869192718,164.4518280029297,119691200
2015-09-14,164.62734674878465,164.67749774668127,163.35679953223493,163.84161376953125,79452000
2015-09-15,164.34310579897624,166.3325132199818,163.79978645933429,165.88949584960938,113806200
2015-09-16,166.1904652381236,167.51951775490605,165.84774973241406,167.32725524902344,99581600
2015-09-17,167.19344794217122,169.59242988882764,166.57488946174186,166.95103454589844,276046600
2015-09-18,164.44132249149104,166.93679233260318,163.81115036110563,164.2228546142578,223657500
2015-09-21,165.05467924749908,166.09655558562346,164.02120058856195,165.0714874267578,105726200
2015-09-22,162.90370344182836,163.3910381019392,161.79459432139305,162.9289093017578,153890900
2015-09-23,163.09693891729887,163.56746535756787,162.08866614231047,162.66842651367188,92790600
2015-09-24,161.45007392230164,162.54237470540022,160.11411225463215,162.0802459716797,159378800
2015-09-25,163.54227425169978,163.84475739356947,161.16442315717407,162.03826904296875,155054800
2015-09-28,161.1392578310373,161.24849179946028,157.66070723496276,157.97158813476562,178515900
2015-09-29,158.19002222857446,159.42516070258506,157.06410487873185,158.06398010253906,159045600
2015-09-30,159.95445589879552,161.1811963805687,159.1730487639533,161.01315307617188,163452000
2015-10-01,161.39124402784296,161.73574111474952,159.49233044247578,161.43325805664062,131079000
2015-10-02,159.45028601438167,163.8698866344296,158.90412938590043,163.8446807861328,211003300
2015-10-05,165.07148882438455,166.9872110078031,164.96225488960437,166.76034545898438,126320800
2015-10-06,166.6258418182001,167.18879381402257,165.52514367555614,166.1889190673828,110274500
2015-10-07,167.12167607934597,167.9030963385812,165.92855148756115,167.55020141601562,124307300
2015-10-08,167.16363441027735,169.34823595046055,166.8611513173425,169.06256103515625,153055200
2015-10-09,169.20538988598997,169.6422999150963,168.53320384467253,169.1633758544922,107069200
2015-10-12,169.2390157491594,169.52469068762636,168.81050334145897,169.3230438232422,56395600
2015-10-13,168.59203758650224,169.86079228825207,168.08790759835043,168.25595092773438,88038700
2015-10-14,168.19714460448515,168.77690504339486,167.15526817132374,167.4493408203125,99106200
2015-10-15,168.11313728403783,170.02885971648277,167.7434342144632,170.0204620361328,134142200
2015-10-16,170.4237387677061,170.81023713021614,169.65912690067984,170.79344177246094,114580100
2015-10-19,170.1464459633123,170.87744140625,169.83556520176546,170.87744140625,76523900
2015-10-20,170.44055678943275,171.27237577728562,170.18848537882585,170.6590118408203,78448500
2015-10-21,171.07917199047438,171.23040718444668,169.43231611552224,169.60037231445312,102038000
2015-10-22,170.54977767333122,172.67555724966974,169.60032707126769,172.4654998779297,174911700
2015-10-23,174.13760873201892,174.72576696934874,173.33939306557932,174.35606384277344,144442300
2015-10-26,174.17962274859224,174.23843216186992,173.5578481430269,173.92755126953125,69033000
2015-10-27,173.25533115055208,173.9275173566874,172.91083395703598,173.5914306640625,77905800
2015-10-28,173.92751866965267,175.59116960621006,173.26374295939777,175.5659637451172,135906700
2015-10-29,175.0618118601516,175.83482141928536,174.9441802494331,175.46511840820312,90525500
2015-10-30,175.65838682947495,175.9776781596275,174.54929049565288,174.70892333984375,131076900
2015-11-02,175.0366256668099,176.9691433713122,174.91058354202576,176.77589416503906,86270800
2015-11-03,176.42301665414215,177.84300678193358,176.19615106391433,177.2884521484375,95246100
2015-11-04,177.5824878448877,177.70851712584357,176.2129098277128,176.7506561279297,96224500
2015-11-05,176.8094972560585,177.27162607065398,175.68359274114252,176.57423400878906,78408700
2015-11-06,176.2297529116001,176.71708759596183,175.1542600981416,176.4818115234375,110471500
2015-11-09,175.8684243134523,176.0196722814713,173.88548229652773,174.83494567871094,131008700
2015-11-10,174.35600725233144,175.2718670898659,174.0871404971983,175.23825073242188,75874600
2015-11-11,175.5071163479155,175.55752805918777,174.48203548243646,174.54925537109375,67846000
2015-11-12,173.50731701557626,173.97784328156598,172.09573821760713,172.11253356933594,121315200
2015-11-13,171.70094124537653,171.9698080776951,170.0960994701325,170.18011474609375,153577100
2015-11-16,169.99521292019335,172.8267818048675,169.87756849991152,172.76795959472656,117645200
2015-11-17,173.07889073209276,173.96112150855294,172.1462354127648,172.6419677734375,121123700
2015-11-18,173.12088406326907,175.52394099502678,173.07888284412175,175.381103515625,121342500
2015-11-19,175.2634771977379,175.64998842848777,174.93578818898956,175.22987365722656,88220500
2015-11-20,175.98605507163307,176.54900726249437,175.4903227750232,175.86842346191406,94011500
2015-11-23,175.9272782073656,176.43140827614252,175.20468023665438,175.66680908203125,64931200
2015-11-24,174.65850492161297,176.30536040976253,174.27200652498112,175.9020538330078,98874400
2015-11-25,176.0280814705005,176.22974116741722,175.61636439712734,175.87684631347656,51980100
2015-11-27,175.9692725230474,176.28016618185288,175.49034833546534,176.07850646972656,37317800
2015-11-30,176.238144917622,176.35577653965413,175.23826971990624,175.34750366210938,112822700
2015-12-01,175.9777308006459,177.13725202362284,175.70045342902577,177.0196075439453,97858400
2015-12-02,176.969165891774,177.28845726346316,174.96101752849728,175.2130889892578,108441300
2015-12-03,175.46510695149848,175.73397369234962,172.03696946468523,172.7595672607422,166224200
2015-12-04,172.75957555460377,176.42297642336592,172.75957555460377,176.12889099121094,192913900
2015-12-07,175.80117591561162,176.22129057293958,174.09551143253063,175.06178283691406,102027100
2015-12-08,173.49899964415422,175.01140253603222,172.90243103880024,173.885498046875,103372400
2015-12-09,173.2469150156054,175.3390781729682,171.55804558972366,172.53271484375,162401500
2015-12-10,172.59991144184914,174.28876781888582,172.36464824965145,172.97801208496094,116128900
2015-12-11,170.86064169753504,171.52441723603533,169.3146099655293,169.62550354003906,211173300
2015-12-14,169.78518000646062,170.60860132073222,168.00388476098058,170.48255920410156,182385200
2015-12-15,171.99498528490597,173.17971202028292,170.45736367916072,172.2722625732422,154069600
2015-12-16,173.39816935138043,175.09543664417558,172.07901561545526,174.79295349121094,197017000
2015-12-17,175.10384751848963,175.17106742653414,172.11263212538444,172.1294403076172,173092500
2015-12-18,171.38727907064435,171.5225060595982,168.90230097587343,169.06289672851562,251393500
2015-12-21,170.23779486925858,170.63505404180987,169.12208496408795,170.45755004882812,99094300
2015-12-22,171.3450398183421,172.30015391894648,170.3561221898982,172.0043182373047,111026200
2015-12-23,173.01016544709367,174.17658720802717,172.91718961256726,174.1343231201172,110987200
2015-12-24,173.8807555169008,174.39634644809036,173.62718388075706,173.84693908691406,48539600
2015-12-28,173.15382558359133,173.49191243890718,172.3762154986154,173.4496612548828,65899900
2015-12-29,174.54845073711917,175.6303441554267,174.51464721031633,175.3007049560547,92640700
2015-12-30,175.0556057592264,175.14013392773086,173.91453997035512,174.0582275390625,63317700
2015-12-31,173.38202988913335,174.02440003081537,172.31703186035156,172.31703186035156,114877900
2016-01-04,169.46020164850955,169.91662026614497,167.85425658509027,169.90817260742188,222353500
2016-01-05,170.22932965082862,170.65194468263027,169.08827680327653,170.19552612304688,110845800
2016-01-06,167.64294053081133,169.0967373830813,167.01747849014774,168.0486602783203,152112600
2016-01-07,165.09878489652976,166.88222079288164,163.62807998718796,164.0168914794922,213436100
2016-01-08,164.98042762412047,165.5382824581096,161.92914714371818,162.21652221679688,209817200
2016-01-11,163.13780741299007,163.47590708862174,160.4415350464869,162.37710571289062,187941300
2016-01-12,163.82252630655032,164.43954075170194,161.55730262596052,163.68728637695312,172330500
2016-01-13,164.35500199302726,164.7015494538692,159.22446162959955,159.6048126220703,221168900
2016-01-14,160.21333710635813,163.3491329495892,158.61585304162892,162.2249755859375,240795600
2016-01-15,157.8636572556273,159.54565719734782,156.8071194441184,158.74269104003906,324846400
2016-01-19,160.55992451092123,160.68670387418427,157.3818509017829,158.9539794921875,195244400
2016-01-20,156.3928927234885,158.4806116797918,153.00352535135002,156.91693115234375,286547800
2016-01-21,157.39026798387735,159.63856975358786,156.06325082805316,157.7959747314453,195772900
2016-01-22,160.4077435595524,161.23606532350894,159.64704174123105,161.03321838378906,168319600
2016-01-25,160.52607657353218,160.72047585810714,158.40455396249536,158.5989532470703,130371700
2016-01-26,159.25829320641827,161.0417296735378,158.92020624183837,160.76280212402344,141036800
2016-01-27,160.23871884423306,161.9122707781583,158.10873544829985,159.0131378173828,185681700
2016-01-28,160.5599272369545,160.7627742216194,158.19328020408372,159.8414764404297,143798800
2016-01-29,160.61062728231084,163.873215985602,160.49229558414746,163.73797607421875,210529300
2016-02-01,162.73219442398147,164.4649191801418,162.1489834326561,163.67884826660156,136061600
2016-02-02,162.2504056883727,162.25885334794796,160.20493711841954,160.72898864746094,182564900
2016-02-03,161.78549596816256,162.0982269769642,158.14255631350596,161.69252014160156,205054900
2016-02-04,161.19380605683648,162.91806944389361,160.55988360763845,161.94606018066406,139531800
2016-02-05,161.43045260434457,162.00520270781496,158.2270242720543,158.86094665527344,180788300
2016-02-08,157.01844625599912,157.3142691411738,154.5081110763258,156.7226104736328,191526700
2016-02-09,154.98142856678155,158.00735459318682,154.84618862324376,156.73104858398438,184513100
2016-02-10,157.55929512936663,159.19058250465218,156.46894143023164,156.59573364257812,148214100
2016-02-11,154.11923837613784,155.60685146191437,153.0627008537109,154.5587615966797,219058900
2016-02-12,156.3337373058389,157.7621650884256,155.48850735541137,157.74526977539062,127632400
2016-02-16,159.55412843064954,160.4331622738821,158.59056639796398,160.40780639648438,120250700
2016-02-17,161.57418782603054,163.3998879239624,161.44739557364798,163.02798461914062,136009500
2016-02-18,163.29845066594467,163.35762296284307,162.04751374504974,162.36024475097656,102343000
2016-02-19,161.58263715473004,162.43631491530687,160.97407044912688,162.2841796875,114793000
2016-02-22,163.86476386535287,164.77761396839716,163.79714390618048,164.63392639160156,103640300
2016-02-23,163.97460655778806,164.24508632626424,162.4362818932465,162.55462646484375,111455300
2016-02-24,161.126197029946,163.5773588406894,160.01894780722012,163.29843139648438,150812200
2016-02-25,163.74639621495925,165.28472092975863,162.98569441134163,165.27626037597656,110728300
2016-02-26,166.1468695024317,166.23983242237043,164.735324034117,164.8959197998047,129833700
2016-02-29,164.9128312909009,165.85948479522963,163.40832287272696,163.60272216796875,125918100
2016-03-01,164.82831369073514,167.5330602715892,164.35498690824195,167.4485321044922,141799700
2016-03-02,167.13582028123787,168.25151741126524,166.7216528504338,168.2008056640625,102415000
2016-03-03,168.02324887037653,168.87693933741554,167.44849871970686,168.8600311279297,95172200
2016-03-04,169.05444404216718,170.1870620198103,168.22612227109113,169.40943908691406,129293600
2016-03-07,168.48814026472485,169.9503974086945,168.41207266223464,169.544677734375,100219000
2016-03-08,168.47125701607789,168.97838729951602,167.5330511599525,167.69363403320312,123974900
2016-03-09,168.50509495843744,168.8685377576054,167.71902415763944,168.52200317382812,94801200
2016-03-10,169.01221930118146,169.95042524378096,166.8315240589992,168.65721130371094,156838700
2016-03-11,170.11104554116508,171.42115508565064,168.64035307331403,171.37889099121094,137964500
2016-03-14,170.87171300803712,171.61550669502927,170.54207379862802,171.15908813476562,73612000
2016-03-15,170.1954927992059,171.1844102323318,169.93347359434154,170.880126953125,93169100
2016-03-16,170.3983723918738,172.27478401520258,170.3561083126268,171.8690643310547,129303200
2016-03-17,171.7845879527083,173.46658777165402,171.38732873280304,172.95945739746094,134278500
2016-03-18,173.4606948724039,173.97894501049038,173.14635089090652,173.6391143798828,138372400
2016-03-21,173.37575207632625,174.11489086366146,173.14635925953976,173.885498046875,72926700
2016-03-22,173.11233332628754,174.36123079472497,172.9509222280759,173.79200744628906,97471900
2016-03-23,173.4096905716367,173.59660127416686,172.47513705898592,172.6450653076172,81052500
2016-03-24,171.61706748784076,172.60259435302078,171.39617889959257,172.568603515625,84360900
2016-03-28,172.98495254878787,173.19734996545483,172.2203270342706,172.6706085205078,62408200
2016-03-29,172.26276003646242,174.37824252994776,171.95690730202728,174.26779174804688,92922900
2016-03-30,175.27029365995045,175.7545528708756,174.66707948932915,175.03240966796875,86365300
2016-03-31,174.93895959263287,175.36375430022682,174.4461961761792,174.6076202392578,94584100
2016-04-01,173.61360475833655,175.98395355789424,173.29924785472707,175.7970428466797,114423500
2016-04-04,175.72062303336168,175.9245292095298,174.9220067146725,175.2278594970703,63497000
2016-04-05,173.88549100305198,175.23633527129175,173.2228121935869,173.47769165039062,99662200
2016-04-06,173.47767256669442,175.4317309022867,173.29925307744682,175.37225341796875,91839800
2016-04-07,174.28477140875094,174.64159740604313,172.5431105219133,173.2737579345703,113859000
2016-04-08,174.45471044132043,174.88800939705797,173.20581279897237,173.74105834960938,95040600
2016-04-11,174.37825875022577,175.07492841823893,173.23981184092958,173.33326721191406,83757500
2016-04-12,173.50316446745788,175.22783007301945,173.0613743084662,174.9474639892578,115350600
2016-04-13,175.8650253736056,176.79957900310268,175.72908794318658,176.71461486816406,96336400
2016-04-14,176.77408501195208,177.22436638826628,176.37477692900077,176.7230987548828,65212900
2016-04-15,176.72311192128882,176.85904935618856,176.20486179397741,176.5277099609375,75761600
2016-04-18,176.52770580484832,177.80209005868852,175.86502702994795,177.7681121826172,82531000
2016-04-19,178.1929024397327,178.58370634137805,177.5132282620851,178.32882690429688,88316100
2016-04-20,178.3713635750447,179.1954666611187,177.89559539415882,178.49880981445312,81100300
2016-04-21,178.5157342471724,178.6261850260145,177.2668366964576,177.53871154785156,85695000
2016-04-22,177.18188552817682,177.81057343553908,176.63814878909537,177.53871154785156,99251700
2016-04-25,176.93550287230877,177.27534644720865,176.32379740119583,177.2328643798828,66166500
2016-04-26,177.59819293499154,178.0060052508106,177.02047826647606,177.49624633789062,75864200
2016-04-27,177.11389894585156,178.25234560286344,176.75707296217792,177.86154174804688,77329400
2016-04-28,177.10536202526083,178.20981756247173,175.830978285062,176.2472686767578,97216200
2016-04-29,175.62717685365052,175.97551172812186,174.19136824341803,175.29583740234375,142424100
2016-05-02,175.79703074233328,176.86750868073221,175.36374483091808,176.68910217285156,62188000
2016-05-03,175.45723519883327,175.6951192326224,174.4037395036904,175.15138244628906,106422100
2016-05-04,174.15734920959673,174.88799666851617,173.67307699165534,174.17433166503906,92243800
2016-05-05,174.64162030796456,174.9984463520497,173.71557083900257,174.14036560058594,67619200
2016-05-06,173.3672507919475,174.82005470435467,173.2143308873301,174.77757263183594,89315000
2016-05-09,174.65010467730497,175.35525249343715,174.4716851936592,174.92196655273438,74374900
2016-05-10,175.62716792755162,177.1139497680039,175.5591992020573,177.09695434570312,77472200
2016-05-11,176.63815562661793,177.17338819499523,175.4402313232422,175.4402313232422,81727000
2016-05-12,176.1113923507691,176.2813206126645,174.48018215348213,175.49119567871094,89586300
2016-05-13,175.19385974889587,175.74608774865698,173.63910937941026,173.96194458007812,96474600
2016-05-16,174.13189994419704,176.15391449095318,174.07242244626138,175.6781463623047,77486800
2016-05-17,175.4062459236203,175.69510322923796,173.51165209062506,174.0384063720703,114924900
2016-05-18,173.69013878299273,175.27037631131603,173.00197312712334,174.08944702148438,120062100
2016-05-19,173.36720302747358,173.77500229114204,172.27972968188774,173.48614501953125,115430500
2016-05-20,174.09785064343208,175.10037283251347,174.04687735586444,174.58212280273438,104990400
2016-05-23,174.59910471830312,174.8794707627664,174.15732758494116,174.34423828125,58682600
2016-05-24,175.15984187421589,176.91849812298545,175.1343552297733,176.60414123535156,93537800
2016-05-25,177.28385859501512,178.21841233163534,176.60418432871938,177.80210876464844,76621400
2016-05-26,177.93797619620713,178.1673689256093,177.53866820801582,177.85301208496094,55280700
2016-05-27,178.01447682514024,178.62618226762407,177.96350353221763,178.61769104003906,64211200
2016-05-31,178.88953742072263,178.99998818828732,177.71709993028256,178.27783203125,109879400
2016-06-01,177.66615276960985,178.82159501256743,177.47075081370213,178.6431884765625,69936200
2016-06-02,178.24387532557296,179.20390262173052,177.76810729142292,179.18692016601562,63044700
2016-06-03,178.62615520310342,178.99997657950476,177.4452265624016,178.65164184570312,101757100
2016-06-06,179.00850428840553,179.91757127208038,178.84708020990576,179.5607452392578,64887000
2016-06-07,179.7136464861615,180.40181183263633,179.68815984101101,179.84107971191406,60974800
2016-06-08,179.97699531663255,180.5547227853407,179.849562106324,180.42727661132812,66170900
2016-06-09,179.696681711639,180.29989599837947,179.42481979577144,180.1809539794922,73786900
2016-06-10,178.80457540285207,179.14440594805325,177.92948646973554,178.47323608398438,113829200
2016-06-13,177.87008401402844,178.72816486643998,177.01200316161686,177.09695434570312,117751200
2016-06-14,176.71460305913646,177.34330391003104,175.7970449106847,176.7485809326172,125059300
2016-06-15,176.74858776686733,177.87005209068462,176.31530180377783,176.50221252441406,109124500
2016-06-16,176.50217419624983,177.19884363346503,174.66705822689164,177.02891540527344,149533100
2016-06-17,176.92483570503603,176.95045490253258,175.7121459093967,176.36973571777344,117055700
2016-06-20,178.33383562724998,179.00849575508488,177.4200414332822,177.5054473876953,82789600
2016-06-21,177.88976259288322,178.419243066188,177.44567504981978,178.0093231201172,72461700
2016-06-22,178.1886420178513,178.91455353341777,177.5737556362493,177.7189483642578,95560500
2016-06-23,179.17934803869173,180.08459408836288,178.7181896283184,180.03335571289062,102731400
2016-06-24,173.90162027493437,180.0675579096648,173.12447001464724,173.5685577392578,333444400
2016-06-27,172.15942810806536,172.16797652592734,169.6486431080972,170.4599609375,230775800
2016-06-28,172.06543824079276,173.55995145950746,171.75799500026946,173.53433227539062,159382400
2016-06-29,174.93495733745567,176.71983053966585,174.8324805698264,176.4892578125,137328600
2016-06-30,176.95893395597878,178.94876034756433,176.40382115518798,178.89752197265625,165021900
2016-07-01,178.8975194598976,179.76007552914442,178.73525592088592,179.27328491210938,106055300
2016-07-05,178.4449078178541,178.5559329897525,177.3859466008176,177.98374938964844,109803700
2016-07-06,177.488433771584,179.17083009603255,176.83084414971785,179.05126953125,96021500
2016-07-07,179.23059081212514,179.89671577185584,178.1716296100524,178.9402313232422,85593800
2016-07-08,180.23830150772062,181.8523753049966,180.0077158135036,181.60470581054688,133971000
2016-07-11,182.06584396187594,182.81737466146333,181.8608774898651,182.24517822265625,73633900
2016-07-12,183.2102575647061,183.8678470947775,182.2708439503184,183.56893920898438,101275600
2016-07-13,183.98743791332976,183.99597329991124,183.05657256209142,183.54335021972656,87324100
2016-07-14,184.80726687297488,185.03785260793288,184.1753094950419,184.56814575195312,91230900
2016-07-15,185.1317850417746,185.32820316074802,183.87639270145345,184.3204803466797,107155400
2016-07-18,184.43999999755061,184.9780288901173,184.18379514246553,184.81576538085938,58725900
2016-07-19,184.39734395611424,184.6620842623495,184.1496874528655,184.6279296875,54345700
2016-07-20,184.62792842682754,185.63565126705168,184.62792842682754,185.3965301513672,58159500
2016-07-21,185.28551066611325,185.5075479701267,184.252155646983,184.6962432861328,67777300
2016-07-22,184.81583016905816,185.57589658587986,184.55108983740817,185.524658203125,62787500
2016-07-25,185.31965984273972,185.3708982167028,184.44003300671332,185.020751953125,55873100
2016-07-26,184.91827267280112,185.46483703945992,184.26068314332773,185.1061553955078,70080500
2016-07-27,185.48195844957993,185.55028063815573,184.14115993213971,184.90977478027344,84083900
2016-07-28,184.71334262754263,185.4136352834083,184.25218414599388,185.12327575683594,65035700
2016-07-29,184.85854489857735,185.7808619089567,184.57672074441257,185.42218017578125,79519400
2016-08-01,185.48193454229607,185.87477078706675,184.81580957844722,185.2684326171875,73311400
2016-08-02,185.02076050196183,185.1744886620766,183.24443597726173,184.08135986328125,92295500
2016-08-03,184.02159717039504,184.67918682537842,183.72270225894798,184.61940002441406,53993600
2016-08-04,184.73035941879095,185.13174398449618,182.97110606159106,184.81576538085938,46585500
2016-08-05,184.81583861089078,186.37012609365766,184.81583861089078,186.32742309570312,71892200
2016-08-08,186.5152950525933,186.61778484796963,185.95165981808444,186.21640014648438,39906500
2016-08-09,186.284733128874,186.82274920349985,186.00290897972457,186.32742309570312,51251700
2016-08-10,186.43840976350796,186.5152673252711,185.51607992898232,185.86622619628906,57941100
2016-08-11,186.3956973170942,186.97642927134805,186.13095704148282,186.728759765625,72504300
2016-08-12,186.42135079049206,186.78004552207213,186.16515888382693,186.56654357910156,61313500
2016-08-15,186.9337390354792,187.45468423729244,186.92520364995283,187.1045379638672,49813500
2016-08-16,186.68607547722425,186.75438462109534,186.13951110839844,186.13951110839844,53213600
2016-08-17,186.17369109954961,186.6263141684485,185.33676714607375,186.4896697998047,75134300
2016-08-18,186.4640087306862,186.94225088240444,186.3529966083296,186.90809631347656,52989300
2016-08-19,186.43842379150863,186.8141892743431,185.95164616592666,186.6348419189453,75443000
2016-08-22,186.3957265150266,186.85689799669217,186.02850943807448,186.62631225585938,61368800
2016-08-23,187.24119631915949,187.54010423953017,186.9422883987888,187.0020751953125,53399200
2016-08-24,186.8568673660783,186.95080872426826,185.6270943247268,186.04556274414062,71728900
2016-08-25,185.66126030541366,186.33593365509222,185.50754518135895,185.91746520996094,69224800
2016-08-26,186.10535078200306,187.13015738473075,184.67915952994585,185.56732177734375,122506300
2016-08-29,185.69543934508937,186.7458651841872,185.66127173911343,186.4811248779297,70502200
2016-08-30,186.3957281212393,186.6775522444359,185.61859096698421,186.17369079589844,58114500
2016-08-31,185.8405373016782,185.96009780772664,184.86696945782163,185.6441192626953,85269500
2016-09-01,185.63564141776308,185.9430846974916,184.4912742775436,185.65272521972656,97844200
2016-09-02,186.50675360366623,186.9166736784734,185.91748616612355,186.4896697998047,79293900
2016-09-06,186.7715205627096,187.13020230821525,186.05415707169837,187.0533447265625,56702100
2016-09-07,186.89107511177937,187.21560226533907,186.42991660562274,187.0362548828125,76554900
2016-09-08,186.7031790491286,186.97646779711627,186.30179434497467,186.60923767089844,74102900
2016-09-09,185.2940982970957,185.34533668699805,182.11718781188478,182.14280700683594,221589100
2016-09-12,181.38269933017335,185.15741189301355,181.31437714876296,184.7560272216797,168110900
2016-09-13,183.47505087224246,183.73979123159253,181.47667554896182,182.10009765625,182828800
2016-09-14,182.1512988394755,183.35545283875425,181.4766384818725,182.03173828125,134185500
2016-09-15,181.869462942387,184.23505459523517,181.69011561396283,183.8507537841797,134427900
2016-09-16,183.23450685016985,183.41476016392667,182.4534440824219,183.1400909423828,155236400
2016-09-19,183.79240053228875,184.43614170473515,182.84824157392163,183.17440795898438,80250500
2016-09-20,184.03278776505144,184.1872794087973,183.14871732285638,183.18304443359375,69665300
2016-09-21,183.88684635353547,185.42323643914656,183.20018637179064,185.2429962158203,110284400
2016-09-22,186.25578671924643,186.71069611831638,186.00687921854612,186.4102783203125,76678700
2016-09-23,186.01542597277043,186.15276054824494,185.29443909694828,185.38885498046875,73630900
2016-09-26,184.55626942333606,184.73650958141403,183.68935643514408,183.88677978515625,89827300
2016-09-27,183.72372893489282,185.12278414433544,183.35464386091715,185.02838134765625,78494800
2016-09-28,185.25152379220998,186.10126675943127,184.29020794020332,185.94676208496094,87411000
2016-09-29,185.7408102180015,186.1442224638383,183.71517048673903,184.26449584960938,128070600
2016-09-30,185.09702092697563,186.35875454354033,184.84811346177176,185.65493774414062,117202900
2016-10-03,185.2430041443091,185.43182287784438,184.57350113816423,185.2086639404297,83512100
2016-10-04,185.32024096800765,185.54339989459726,183.6722648793966,184.26449584960938,119948100
2016-10-05,184.89106321546933,185.50905582931773,184.8223959142697,185.07989501953125,72816000
2016-10-06,184.85674888389272,185.43182287784438,184.31601509382048,185.2086639404297,62927400
2016-10-07,185.4833336346254,185.65499536358874,183.84393596458239,184.57350158691406,89788300
2016-10-10,185.53477478027344,185.99826261811654,185.3888616998979,185.53477478027344,51855000
2016-10-11,185.10560987157612,185.17427716025622,182.46197819364937,183.19154357910156,130367400
2016-10-12,183.328892534842,183.95547668183588,182.83106447557643,183.43190002441406,73866100
2016-10-13,182.10151967968795,183.32891332078776,181.2861167527466,182.83108520507812,101357000
2016-10-14,183.80956151455825,184.2730625030485,182.84824553390877,182.9254913330078,93346200
2016-10-17,182.89972992564168,183.15722900155498,182.11007569726877,182.2903289794922,58275700
2016-10-18,183.88680938777023,183.9468850844857,183.0542364555266,183.43190002441406,76869700
2016-10-19,183.69795320718066,184.23010829433224,183.337459783922,183.92111206054688,66519200
2016-10-20,183.56919771040458,184.1356929902729,182.91687814679426,183.57778930664062,73639800
2016-10-21,183.57784146335862,183.74950317655933,182.61651229492608,183.66366577148438,89089100
2016-10-24,184.53917910143065,184.81384835221098,184.09284811738794,184.44476318359375,60146600
2016-10-25,184.26446045843153,184.5219595377776,183.66363800458882,183.82672119140625,66542300
2016-10-26,183.00271703466322,184.04127862602974,182.7623749861479,183.45762634277344,75705500
2016-10-27,184.17865090859547,184.21297801001447,182.8911685057367,182.96841430664062,77220200
2016-10-28,182.9426715562345,183.62073988076526,181.71527791279635,182.42767333984375,140623200
2016-10-31,182.76237149150086,182.98554344008085,182.27313509835503,182.43621826171875,61272500
2016-11-01,182.76246305505438,182.81397336688,179.90426285394787,181.11448669433594,122781800
2016-11-02,180.80544627520825,181.19170148659722,179.58663113120068,180.02438354492188,103330800
2016-11-03,180.23896863961014,180.4535490528735,178.9257375581942,179.2003936767578,88939300
2016-11-04,179.31198705433658,180.1531386417637,178.85707760727243,179.00299072265625,109122100
2016-11-07,179.0029616433653,182.985573106403,179.0029616433653,182.95123291015625,109794900
2016-11-08,182.55645325366845,184.34176404721688,182.29037560937599,183.7752685546875,106772100
2016-11-09,182.28178475139612,186.3416560340876,182.25603614680827,185.72366333007812,258429000
2016-11-10,186.5133307834559,187.3802310913132,184.72801985801934,186.18716430664062,172113300
2016-11-11,185.46609317329938,185.99824826028976,184.81377361192582,185.75791931152344,100552700
2016-11-14,186.2815485129806,186.4875504259405,185.15714923575797,185.9038848876953,94580000
2016-11-15,186.290077346994,187.35440063476562,186.08408858590283,187.35440063476562,91652600
2016-11-16,186.7364705811207,187.23429874841773,186.61630606466625,187.00254821777344,65617700
2016-11-17,187.1569819491966,188.02388183930947,187.0453959773309,187.96380615234375,69797200
2016-11-18,188.03250823700608,188.20416992760926,187.36300537884298,187.5432586669922,86265800
2016-11-21,188.11832125486393,188.98522125344928,187.97240817175233,188.95947265625,72402600
2016-11-22,189.2685244721837,189.50885351454778,188.59903455460517,189.32861328125,67429000
2016-11-23,188.8135717644755,189.48306152877836,188.6161614742189,189.4315643310547,56620200
2016-11-25,189.77486730041596,190.1696878112119,189.69760842052526,190.13536071777344,37872300
2016-11-28,189.82643290837134,190.1010890457094,189.13977291960137,189.24276733398438,76572500
2016-11-29,189.27708675809228,190.06674107455783,188.97666895318812,189.61183166503906,69886700
2016-11-30,190.22982340366502,190.39290660575261,189.0968325872345,189.15692138671875,113291800
2016-12-01,189.45734364976184,189.45734364976184,188.10119380303743,188.46170043945312,79040500
2016-12-02,188.5475128071081,189.0453409292025,188.19559779196308,188.55609130859375,74840300
2016-12-05,189.38866909419724,190.0324103393807,189.19125877948673,189.6890869140625,67837800
2016-12-06,189.87789579459584,190.32422667116327,189.39723781842213,190.28988647460938,59877400
2016-12-07,190.1353752648461,192.83908265035777,190.01521078319993,192.7790069580078,110738100
2016-12-08,192.7533140803448,193.72320871365824,192.48722334690305,193.25112915039062,99714400
2016-12-09,193.47431095396163,194.43562713358634,193.43997074928893,194.41845703125,88005800
2016-12-12,194.32400972798507,194.80468083711352,193.77468441450114,194.1952667236328,102016100
2016-12-13,194.85619858223612,195.98917643082981,194.83902848086277,195.49134826660156,110477500
2016-12-14,195.1909472602173,195.89476426659184,193.4399636012316,193.87771606445312,142501800
2016-12-15,194.11801478195426,195.5342401728347,193.88626428450084,194.67591857910156,124972600
2016-12-16,195.1326309338425,195.19307389517814,193.97570417303768,194.29515075683594,156420200
2016-12-19,194.476516159919,195.14132303377673,194.3297430116391,194.71826171875,90341100
2016-12-20,195.25354568789194,195.61617718563676,195.02044237752733,195.46939086914062,89838800
2016-12-21,195.3399104376617,195.51258396675533,194.9254913330078,194.9254913330078,67909000
2016-12-22,194.77868992388466,194.8995626941334,194.1915842011451,194.5887451171875,56219100
2016-12-23,194.63189851824896,194.88228629058872,194.441966890667,194.8736572265625,36697800
2016-12-27,195.1412868081103,195.75427965629947,195.1240155073586,195.3571319580078,42672500
2016-12-28,195.61617777703253,195.63343590620065,193.63039946871237,193.7426300048828,64095000
2016-12-29,193.81164761891233,194.1656367796198,193.25908463537854,193.6994171142578,48696100
2016-12-30,194.02749377220482,194.1138370908359,192.30073279270974,192.99143981933594,108998300
2017-01-03,194.29517831857413,194.9772564188593,193.29366676331898,194.46786499023438,91366500
2017-01-04,194.7959807509518,195.77160531510665,194.78735168525122,195.6248321533203,78744400
2017-01-05,195.35716033330948,195.62480625019472,194.67508218304283,195.46939086914062,78379000
2017-01-06,195.58162597173967,196.63495146380882,195.03769192320487,196.16873168945312,71559900
2017-01-09,195.90969783980825,196.0478418995289,195.48663659721726,195.52117919921875,46939700
2017-01-10,195.53843732607686,196.37591757368713,195.1326473844866,195.52117919921875,63771900
2017-01-11,195.43483932065197,196.07374572753906,194.7700325488776,196.07374572753906,74650000
2017-01-12,195.55568838336856,195.77153351403453,194.22608817508836,195.5815887451172,72113200
2017-01-13,195.75426000797762,196.33272337074413,195.71973058408247,196.03054809570312,62717900
2017-01-17,195.39167499929997,195.79746496331217,194.95135560552103,195.33987426757812,61240800
2017-01-18,195.59026018207095,195.8147475980489,195.03769705481952,195.77157592773438,54793300
2017-01-19,195.84923272080388,195.987376764899,194.61460490882422,195.04629516601562,66608800
2017-01-20,195.72835108023335,196.2550136970366,195.09808702213786,195.7628936767578,129168600
2017-01-23,195.76291406722498,195.82334385622627,194.4937435826371,195.25350952148438,75061600
2017-01-24,195.46934967913188,196.91983584202634,195.35711916695035,196.5054168701172,95555300
2017-01-25,197.45516391773648,198.20631408691406,197.29111947648914,198.20631408691406,84437700
2017-01-26,198.05952953056786,198.32718861684924,197.72281158075904,197.9990997314453,59970700
2017-01-27,198.0767968750042,198.223570011819,197.50696245620986,197.6882781982422,59711100
2017-01-30,196.99757208995024,197.0234724569335,195.4780268056416,196.4622802734375,79737300
2017-01-31,195.97011486612374,196.5054197691345,195.40029371164522,196.44497680664062,75880800
2017-02-01,196.4449887263935,197.36017006320674,195.9355973293586,196.52268981933594,79117700
2017-02-02,196.5227219216068,196.93715416661635,195.83202786154703,196.65223693847656,69657600
2017-02-03,197.55875725721955,198.189021412973,197.24793971104177,198.00770568847656,80563200
2017-02-06,197.6019163121953,197.99907719005563,197.3169991295408,197.65371704101562,57790100
2017-02-07,198.042273657652,198.28401920518414,197.47243922097869,197.66238403320312,57931200
2017-02-08,197.66230893132447,198.05082747265874,197.1183750689729,197.92132568359375,51566200
2017-02-09,197.92135251854037,199.3977258106109,197.92135251854037,199.09555053710938,65955200
2017-02-10,199.44096715059655,200.10577406319265,199.11287822700316,199.88128662109375,66015900
2017-02-13,200.37338145866036,201.22813303898968,200.34748109326944,200.9691162109375,55182100
2017-02-14,200.78781075134617,201.7807064473189,200.44246374570403,201.77206420898438,71109000
2017-02-15,201.55617749630827,203.01529266658943,201.50437677355242,202.82534790039062,86785800
2017-02-16,202.85126855062055,203.03258427254195,201.90155779877912,202.65269470214844,84722400
2017-02-17,201.98789930143897,202.97215270996094,201.9706279997756,202.97215270996094,77204100
2017-02-21,203.34338227454097,204.35353589466885,203.33474003795368,204.1808624267578,88946100
2017-02-22,203.77508329239282,204.22403169784153,203.61103887826502,203.9995574951172,62115200
2017-02-23,204.51763071640397,204.53488884555063,203.37796183379365,204.1377410888672,74615900
2017-02-24,203.29160239869657,204.4398870064227,203.24843073375635,204.396728515625,82381600
2017-02-27,204.31038133531447,204.8888447470126,204.0600067620078,204.71617126464844,56515400
2017-02-28,204.3363087591375,204.57805430129002,203.7751165736,204.16363525390625,96961900
2017-03-01,205.82132469295286,207.48765629569718,205.80405339018023,207.02142333984375,149158200
2017-03-02,206.83149833372394,206.84014057300965,205.66594218078856,205.71774291992188,70246000
2017-03-03,205.63136858182762,206.0112581770802,205.25147898657502,205.8472137451172,81974300
2017-03-06,205.0528914316423,205.58818318512778,204.62983019715523,205.2342071533203,55391500
2017-03-07,204.93206394790133,205.2860532320529,204.4140302065017,204.62124633789062,65103700
2017-03-08,204.91476888907812,205.1737857297519,204.10318893623398,204.2413330078125,78168800
2017-03-09,204.36226787375017,204.8285009634598,203.53342954071846,204.5004119873047,90683900
2017-03-10,205.45867971496864,205.50185137922537,204.2672102870221,205.21693420410156,81991700
2017-03-13,205.1564969575733,205.36371304729602,204.82842128319064,205.32054138183594,57256800
2017-03-14,204.77661185589673,204.8284257600669,203.9218734621619,204.5348663330078,59880800
2017-03-15,205.1046957895022,206.72785555349793,204.87157933583111,206.30479431152344,96081800
2017-03-16,206.4429513687489,206.52065246681713,205.57094163964848,205.89901733398438,78344000
2017-03-17,206.1617540442583,206.35252518012385,205.53741455078125,205.53741455078125,89002100
2017-03-20,205.53744727849318,205.82360402785622,204.92178752226891,205.31199645996094,52537000
2017-03-21,205.918953570994,206.04035217995005,202.54579233129812,202.6758575439453,131809300
2017-03-22,202.71056652408615,203.43895823568278,202.08622699087275,203.15280151367188,97569200
2017-03-23,203.15277354263802,204.07193627568725,202.5631269710424,202.9359893798828,100410300
2017-03-24,203.23950426698332,203.8118044338847,202.00817173901973,202.78858947753906,112504900
2017-03-27,201.1150268384983,202.84063379234286,200.8375499495262,202.5804901123047,87454500
2017-03-28,202.2770086060099,204.47953029498882,202.16427658595657,204.0546417236328,93483900
2017-03-29,203.76844675436723,204.47949192913052,203.54298275656367,204.245361328125,61950400
2017-03-30,204.18467623434705,205.09517239970486,204.01125154367315,204.89572143554688,56737900
2017-03-31,204.55757033612667,205.0865243250438,204.36679917740523,204.41883850097656,73733100
2017-04-03,204.47081821050207,204.67025592884897,202.8319305234059,204.06326293945312,85546500
2017-04-04,203.77712220969664,204.28006307781868,203.39557994895193,204.19334411621094,56466200
2017-04-05,204.86972342901407,205.84959218884566,203.37824716313773,203.58636474609375,108800600
2017-04-06,203.72510777753564,204.67895025249734,203.2828595720796,204.15867614746094,69135800
2017-04-07,203.90723255061516,204.6443041930465,203.46499750403163,203.95059204101562,74412300
2017-04-10,204.08927636892926,204.8696940380048,203.54297606170348,204.07192993164062,67615300
2017-04-11,203.69043279033238,203.93323004030114,202.33770147437562,203.8291778564453,88045300
2017-04-12,203.55166222394791,203.7424333456889,202.7105386139413,202.9359893798828,81864400
2017-04-13,202.59780381684874,203.33487525261768,201.61793518066406,201.61793518066406,92880400
2017-04-17,202.13821059926502,203.40423583984375,201.93877288879145,203.40423583984375,68405400
2017-04-18,202.6671302608652,203.33482902593965,202.11216346730322,202.7971954345703,83225800
2017-04-19,203.3609325796608,203.73379506455018,202.1989591743911,202.42442321777344,68699900
2017-04-20,203.04003523197187,204.5141780780443,202.71919891513377,204.07192993164062,92572200
2017-04-21,203.9938678484385,204.04589392299323,203.02267917287443,203.4215545654297,110389800
2017-04-24,205.66751059926793,205.86696160031948,203.39561629884614,205.65884399414062,119209900
2017-04-25,206.30050177430596,207.20231814801264,206.2137828090746,206.85546875,76698300
2017-04-26,206.82081893864392,207.7053022886498,206.6820870894239,206.72543334960938,84702500
2017-04-27,207.04627642783714,207.20235471505057,206.36123088339932,206.89886474609375,57410300
2017-04-28,207.15895170561492,207.18496474801913,206.31782805066376,206.44790649414062,63532800
2017-05-01,206.9681854248047,207.39308717979222,206.55196350512594,206.9681854248047,66882500
2017-05-02,207.10691155640652,207.22831015653398,206.63866359347344,207.0462188720703,57375700
2017-05-03,207.04624635526116,207.1416319274124,206.11840367783955,206.79476928710938,73137700
2017-05-04,207.09830358922898,207.17634273323728,206.187807214756,207.03759765625,61462700
2017-05-05,207.41039573332046,207.8699770512272,206.9681476199527,207.85263061523438,62001300
2017-05-08,207.89600176565438,208.04341340123818,207.3930609452455,207.81796264648438,48385700
2017-05-09,208.07815789481648,208.2775956593231,207.2803803738743,207.6272430419922,51363200
2017-05-10,207.58386961040986,208.00009155273438,207.3757520235191,208.00009155273438,54293800
2017-05-11,207.54921278278863,207.73998395055054,206.49130475482116,207.57522583007812,62358300
2017-05-12,207.32371808931455,207.6185414026606,206.95952224963003,207.22833251953125,53912700
2017-05-15,207.65319984865886,208.49432339778545,207.6358534120865,208.3729248046875,61918900
2017-05-16,208.66775380957856,208.69376684942557,207.79195059466826,208.18215942382812,51241800
2017-05-17,208.1822184667827,208.1822184667827,204.4275142836807,204.48822021484375,172174100
2017-05-18,204.4101667229153,206.16178687138375,204.1500230206345,205.31199645996094,107047700
2017-05-19,205.79759421876142,207.31508373590725,205.74556812377836,206.6473846435547,115011400
2017-05-22,207.15897568508672,207.8613676056722,207.08961638495092,207.6966094970703,61010600
2017-05-23,208.06948524574335,208.32096234274778,207.6879429133631,208.1562042236328,48341700
2017-05-24,208.39029033859103,208.7458063164518,208.05209433598128,208.64175415039062,46927700
2017-05-25,209.15339780863192,209.91648244236814,208.94529344049135,209.6389923095703,64071700
2017-05-26,209.448217189922,209.76038696768669,209.3701780533452,209.59564208984375,46629900
2017-05-30,209.27481388199428,209.665022836249,209.11873559287594,209.41355895996094,35201900
2017-05-31,209.7083300899503,209.74302296652962,208.6677687273157,209.36148071289062,91796000
2017-06-01,209.82106299336175,211.0437288846533,209.53490630190274,211.02638244628906,68962000
2017-06-02,211.0784376850001,211.88488178712976,210.7836143493645,211.72879028320312,88666100
2017-06-05,211.5553464319028,211.84150313700025,211.3732418990385,211.57269287109375,44698800
2017-06-06,211.00903529866966,211.56400224135808,210.81826417167153,210.8963165283203,50375400
2017-06-07,211.23451871156217,211.51199559267457,210.56681970571725,211.2865447998047,54144300
2017-06-08,211.38194313646613,211.86753763132825,210.8616557597095,211.39060974121094,65950700
2017-06-09,211.65936392855593,212.45712799171255,209.80369218282215,211.06971740722656,132256400
2017-06-12,210.82694471519545,211.07840852992604,210.17659220682197,211.02638244628906,86108100
2017-06-13,211.56399906704462,212.1102993981112,211.21714969486433,212.0582733154297,60067000
2017-06-14,212.32709501261013,212.33576161637254,210.96568402890944,211.7894744873047,78602300
2017-06-15,210.43675357526607,211.50334137251647,210.15927667790672,211.38194274902344,66464900
2017-06-16,211.54135180896955,211.59363159818074,210.54799592602043,211.42807006835938,84553100
2017-06-19,212.25594115124375,213.24929739328755,212.16009040438058,213.1883087158203,65123800
2017-06-20,212.83100143520903,212.83971030275762,211.73308580494188,211.75050354003906,56906400
2017-06-21,212.14263180401596,212.25590026777624,211.22769545036692,211.69822692871094,55977600
2017-06-22,211.7069593717487,212.20363077322858,211.4281160406863,211.60238647460938,44148100
2017-06-23,211.66338581653886,212.18619711182996,211.27998288906974,211.85508728027344,66986800
2017-06-26,212.5260556203035,212.94432066389356,211.78540286891484,211.99452209472656,56700500
2017-06-27,211.7766485352585,212.0729228867936,210.26919006225233,210.28662109375,82247700
2017-06-28,211.30606009978717,212.36912670293648,211.07078777391573,212.16871643066406,70042600
2017-06-29,212.31694481135952,212.369224619885,209.0928947577795,210.30409240722656,106949700
2017-06-30,211.11435752606388,211.48905147230505,210.50440455122927,210.69610595703125,86820700
2017-07-03,211.6372495485141,212.07293228339097,211.05343627929688,211.05343627929688,39153800
2017-07-05,211.41943696177177,211.75054684408474,210.6090600506729,211.5414276123047,54427600
2017-07-06,210.7745906369662,210.89658126955553,209.42397151445326,209.60696411132812,65400800
2017-07-07,210.18206973458612,211.11442386854364,209.6156742045538,210.96629333496094,57972300
2017-07-10,210.96625986011753,211.56750406312796,210.66127667726363,211.19281005859375,36663300
2017-07-11,211.19286541888502,211.34971813277667,209.86839934771405,211.03602600097656,50354600
2017-07-12,212.00320994404407,212.78743350586683,212.00320994404407,212.6218719482422,59610400
2017-07-13,212.63058514067592,213.09240773141693,212.4040216309671,212.9791259765625,39471600
2017-07-14,212.97917792951827,214.32979726600743,212.88332718187107,213.9725341796875,60262700
2017-07-17,213.8941008100346,214.27750377614365,213.77211016590743,213.94638061523438,33531900
2017-07-18,213.5367611149504,214.11186535772728,213.19692920712373,214.05958557128906,42742500
2017-07-19,214.37331090887497,215.22724524405382,214.36458874579398,215.21853637695312,51034300
2017-07-20,215.47123147717355,215.5932220993125,214.76542764222825,215.31439208984375,47135200
2017-07-21,214.73933871121818,215.14888160331117,214.51277514777215,215.12274169921875,82340800
2017-07-24,215.0442966304921,215.2098582111147,214.59990498986028,215.07044982910156,46622300
2017-07-25,215.81981197407515,215.92438488082624,215.36671146342488,215.59326171875,54915600
2017-07-26,215.88081784904043,215.91566662126573,215.34057545565656,215.6019744873047,47575400
2017-07-27,216.06378128085285,216.09863004837075,214.07705583681485,215.4015350341797,70766600
2017-07-28,214.92231644312002,215.2795795243739,214.4692159115618,215.1488800048828,50088400
2017-07-31,215.5496514644196,215.6455021888008,214.8177077305891,215.02684020996094,65838700
2017-08-01,215.6281246782648,215.66297345000396,214.98330938523412,215.50613403320312,55050400
2017-08-02,215.63684241852397,215.7501241993071,214.6783349564754,215.61070251464844,47211200
2017-08-03,215.49735269341895,215.52349258904115,214.91353953122382,215.1923828125,40856000
2017-08-04,215.6803844247533,215.91564352807455,215.20113075801802,215.58453369140625,60191800
2017-08-07,215.65425696551898,215.98536682128906,215.54968406202815,215.98536682128906,31995000
2017-08-08,215.67166827743733,216.89158794461332,215.07914612456673,215.45382690429688,61719400
2017-08-09,214.76541970622196,215.4973634120088,214.4081567203093,215.44508361816406,62632600
2017-08-10,214.60857558501237,214.73928837081584,212.35174242086774,212.40402221679688,120479500
2017-08-11,212.6305685893555,213.31023247361526,212.3952962306565,212.7176971435547,74869900
2017-08-14,213.9986671596333,215.04430318450682,213.96381838706367,214.8264617919922,73291900
2017-08-15,215.20982050733522,215.22725153802665,214.49530780075457,214.80027770996094,55242700
2017-08-16,215.3231030556506,215.72393698714532,214.7479987045419,215.1749725341797,56715500
2017-08-17,214.56506096518672,214.8787530996264,211.82025146484375,211.82025146484375,128490400
2017-08-18,211.65468402591017,212.77875301655217,211.04473080803385,211.4891357421875,136748000
2017-08-21,211.4281433397622,211.9161059361441,210.72233934885384,211.65469360351562,65469700
2017-08-22,212.23845578162837,214.02474403743867,212.2210247524849,213.86790466308594,63140100
2017-08-23,212.90075540940424,213.52813969555254,212.7526248551725,213.10116577148438,50203800
2017-08-24,213.48456663482827,213.6414060568144,212.3953596622016,212.6044921875,50741700
2017-08-25,213.39742687994783,214.01610229678263,212.95303521725265,213.10116577148438,64445900
2017-08-28,213.63264400278635,213.65878389994307,212.691567817204,213.10983276367188,40565600
2017-08-29,211.79403901435103,213.61518922571128,211.6807572752783,213.35379028320312,51135700
2017-08-30,213.3363735483728,214.63471266572543,213.153380980378,214.3645782470703,62030800
2017-08-31,214.98326552211907,215.8982018213985,214.3994523187264,215.6542205810547,103803900
2017-09-01,216.02892408942537,216.38618712045306,215.8110827235766,215.95921325683594,62007000
2017-09-05,215.45382378294025,215.68038731715265,213.44097165164035,214.40818786621094,91398800
2017-09-06,215.08782640592375,215.4712292990506,214.55629299426707,215.14010620117188,57916900
2017-09-07,215.4451368426674,215.46256787691527,214.70447079094234,215.114013671875,58034700
2017-09-08,214.82643554312847,215.32312023944576,214.61731634129535,214.86129760742188,63832800
2017-09-11,216.1334298043192,217.2313585238919,216.11601207250075,217.15293884277344,71364800
2017-09-12,217.51897681128986,217.91979750068376,217.33598420370916,217.88494873046875,56896000
2017-09-13,217.5973596810883,218.0243334958429,217.4840779290966,217.98947143554688,59228000
2017-09-14,217.66706393071823,218.1201776290177,217.492793522443,217.9197540283203,95446300
2017-09-15,217.77533556746658,218.30074151971638,217.67025704941025,218.2131805419922,95432400
2017-09-18,218.58096544268585,219.02756249970312,218.29198616039184,218.6772918701172,46235200
2017-09-19,218.9224335635001,218.98373825864107,218.57216301458448,218.8961639404297,47108100
2017-09-20,218.98372577564885,219.08880426194065,217.97667462148394,218.97496032714844,59574100
2017-09-21,218.8173832406044,218.90494420812297,218.21315510826966,218.38829040527344,48211400
2017-09-22,218.09054938041226,218.59845107254785,218.06427975512648,218.43206787109375,51214000
2017-09-25,218.17811120152052,218.528395143318,217.24113005139031,217.98545837402344,57064400
2017-09-26,218.414537340445,218.65972940317045,217.88036605480062,218.11680603027344,54082000
2017-09-27,218.81739713737701,219.35156851244136,217.93294178409238,218.9662628173828,81001400
2017-09-28,218.68599089762515,219.3077364805443,218.5984299424583,219.2289276123047,44778800
2017-09-29,219.22019406231306,220.07837973679105,219.0363066763297,219.9995574951172,85578000
2017-10-02,220.22723165186667,220.9540557861328,220.05208300305776,220.9540557861328,59023000
2017-10-03,220.95404381533672,221.45318002389556,220.87522158285677,221.42691040039062,66810200
2017-10-04,221.27806094946735,221.93482830911222,221.1642169979664,221.68963623046875,55953600
2017-10-05,222.02240733060574,223.0206932639793,221.72467597689038,223.00318908691406,63522800
2017-10-06,222.55653847553936,223.0381704971402,222.29384224736145,222.7491912841797,80646000
2017-10-09,222.9768693682432,223.038160698137,222.1186838540164,222.3813934326172,35803100
2017-10-10,222.950665987682,223.34472379167994,222.40772913407073,222.96817016601562,43057400
2017-10-11,222.87179482447962,223.3184051513672,222.70542499501343,223.3184051513672,47674300
2017-10-12,223.00317427615025,223.3534448617325,222.74921674393175,222.98565673828125,47065100
2017-10-13,223.42347852453142,223.53732246594643,222.98563365689205,223.25709533691406,54800400
2017-10-16,223.48479666338406,223.7474929101981,223.14327818056006,223.55484008789062,38221700
2017-10-17,223.5023235157429,223.7562810627181,223.28340104654148,223.71249389648438,31561000
2017-10-18,224.089014234462,224.13280139680816,223.7387436596247,223.931396484375,40888300
2017-10-19,223.1520211020439,224.02771085402995,222.73169376244084,223.99267578125,61903800
2017-10-20,224.78961125835886,225.17491695782516,223.97521269140185,225.14862060546875,89176400
2017-10-23,225.47262092500108,225.49889055023027,224.19409456669527,224.2729034423828,63915300
2017-10-24,224.7020120040323,224.90340355828232,224.30794089748093,224.66697692871094,66935900
2017-10-25,224.3342034646924,224.44804741295565,222.425206140693,223.55484008789062,103715300
2017-10-26,224.16782533084222,224.43927365517973,223.72121500385936,223.84381103515625,69798000
2017-10-27,224.58816442841805,225.8316557049051,223.8525882021322,225.67401123046875,85562500
2017-10-30,224.5881666867543,225.57770044809095,224.53562743605787,224.83335876464844,54285700
2017-10-31,225.2099091529033,225.437597065505,224.8859081843137,225.1836395263672,60304800
2017-11-01,225.96298388357675,226.30448897952348,225.11356378226472,225.48133850097656,54202700
2017-11-02,225.41129095769904,225.70902225156678,224.34294844491293,225.56890869140625,56449500
2017-11-03,225.72654737622838,226.36581054305816,225.31497210628373,226.32203674316406,59589700
2017-11-06,226.1906872911022,226.80368090203288,226.1206438586212,226.67233276367188,49652600
2017-11-07,226.77735991351526,227.1101262712874,226.00674871108046,226.51466369628906,57502200
2017-11-08,226.33956626499494,226.99633368054424,226.05933908728295,226.89999389648438,50469600
2017-11-09,225.69153761889893,226.26949608312867,224.49182016688687,226.07684326171875,95085500
2017-11-10,225.6915241676346,226.18190827946347,225.37626196778473,226.0067596435547,59984700
2017-11-13,225.3237250304575,226.44460682954087,225.28868995813082,226.2169189453125,50228600
2017-11-14,225.4113011872742,225.79660681421927,224.63192448424843,225.6915283203125,61315200
2017-11-15,224.7195226648228,225.2449419140767,223.8525982741104,224.56190490722656,80811500
2017-11-16,225.50762212937235,226.83868769595327,225.46384833002168,226.47088623046875,67777000
2017-11-17,226.12066695128314,226.4446679669738,225.72659577202094,225.80540466308594,75756800
2017-11-20,226.0505564728234,226.38329611732837,225.80533769698386,226.19064331054688,48075500
2017-11-21,226.96128662826206,227.85450736960243,226.15566693976137,227.67059326171875,69176800
2017-11-22,227.67933423372872,227.8106823510006,227.3027940562393,227.46917724609375,45033400
2017-11-24,227.9595595227246,228.0996730879914,227.8194459574578,227.99456787109375,27856500
2017-11-27,228.0384008429355,228.33613219002166,227.6793647915844,227.8807830810547,52274900
2017-11-28,228.34485819160403,230.2188202816215,228.24851842669787,230.1925506591797,98971700
2017-11-29,230.32389086310647,230.8580754663208,229.6058456330416,230.05242919921875,77512100
2017-11-30,230.97197697855933,232.97728761182418,230.89316809429405,232.06658935546875,127894400
2017-12-01,231.8476534094766,232.32927213776017,228.3448940068808,231.58493041992188,164390900
2017-12-04,233.20493454568205,233.6340139703488,231.25213678791715,231.30470275878906,94040600
2017-12-05,230.4727783203125,232.18912267969407,230.34143020779618,230.4727783203125,77994500
2017-12-06,230.5690950319757,230.94566192575616,230.05244129856732,230.5165557861328,75898600
2017-12-07,231.243408203125,231.55864369859842,230.25387446911444,231.243408203125,77218600
2017-12-08,232.19791301203568,232.5131485158571,231.20837925182036,232.50440979003906,76563900
2017-12-11,233.2048797607422,233.26618444241572,232.4780691995065,233.2048797607422,83077500
2017-12-12,233.99308686795445,234.0894266518244,233.2400063937643,233.61654663085938,85195800
2017-12-13,233.86171743923478,234.29956234221004,233.50268141192322,233.5902557373047,102905400
2017-12-14,233.88794143438528,234.00178536277772,232.5831724297295,232.63571166992188,100666700
2017-12-15,233.64005483559046,235.03951542888447,233.58724702909123,234.57302856445312,144610300
2017-12-18,235.97254015042506,236.41262320670688,235.8669245146035,236.06056213378906,83653600
2017-12-19,236.3069304877763,236.35092803483727,235.08348709734065,235.15391540527344,82382900
2017-12-20,236.12211314074628,236.1749209496649,234.73146273833262,235.0307159423828,76751500
2017-12-21,235.65558500166438,236.22771426568343,235.26830989703402,235.51475524902344,67032300
2017-12-22,235.5323366863719,235.5675508338231,234.9162099783356,235.453125,78720900
2017-12-26,235.04825742978952,235.3915349721139,234.90745454427588,235.17149353027344,45244400
2017-12-27,235.3387575110379,235.64682094143072,235.0131004328199,235.28594970703125,57751000
2017-12-28,235.78757899909132,235.81398289306483,235.40030398046466,235.76995849609375,45116100
2017-12-29,236.35093124759084,236.36852489454853,234.6874317823452,234.88104248046875,96007400
2018-01-02,235.74364692993703,236.5974089834825,235.356371759636,236.56219482421875,86655700
2018-01-03,236.7293974037698,238.20809643270974,236.7293974037698,238.05845642089844,90070400
2018-01-04,238.70101473112751,239.54596651632667,238.12010198488656,239.06185913085938,80636400
2018-01-05,239.85398366654252,240.7781469850254,239.36109298194796,240.65493774414062,83524000
2018-01-08,240.55811662393486,241.25345513837206,240.2676737237684,241.09503173828125,57319200
2018-01-09,241.5174957036349,242.26564202295054,241.2358361946289,241.64073181152344,57254000
2018-01-10,240.88378200827157,241.53512299871895,240.21487423124526,241.27105712890625,69574300
2018-01-11,241.825564426552,243.03138732910156,241.65833076818808,243.03138732910156,62361500
2018-01-12,243.2954586087151,244.78291419901413,242.99617857933265,244.61570739746094,90816100
2018-01-16,245.87437085450807,246.52568508160715,243.08423289096814,243.77957153320312,106555100
2018-01-17,244.71248407935101,246.49040923677632,243.77951052678327,246.10313415527344,113258800
2018-01-18,245.98875205570212,246.41121445686719,245.1965813324595,245.6894989013672,100728000
2018-01-19,246.27033596729595,246.8072509765625,245.68945028064837,246.8072509765625,140920100
2018-01-22,246.59610888178338,248.8141174316406,246.54327421248192,248.81411743164062,91322400
2018-01-23,248.85804057747723,249.63259068853083,248.53238356726726,249.34214782714844,97084700
2018-01-24,249.98465151374285,250.58318460151446,248.06589674141077,249.2453155517578,134816100
2018-01-25,250.1079239839861,250.20472933165445,248.5588235370582,249.35096740722656,84587300
2018-01-26,250.18721612064678,252.2820157547168,249.93196042845608,252.2379913330078,107743100
2018-01-29,251.66592740821488,252.10601052970395,250.4072961272862,250.5657196044922,90118300
2018-01-30,248.7348346292075,250.61837527818918,247.52020165362248,247.99549865722656,131796400
2018-01-31,248.84928127883944,249.35095536070756,247.0449253089572,248.1187286376953,108364800
2018-02-01,247.38821560227782,249.13973700377733,247.0449380364705,247.8370819091797,90102500
2018-02-02,246.5167794628597,246.6488257966521,242.4064209854564,242.44163513183594,173174800
2018-02-05,240.68136600719666,242.79375870651555,231.75647126237143,232.3021697998047,294681800
2018-02-06,228.79024344101902,237.38066811321778,227.6988467151492,236.87896728515625,355026800
2018-02-07,236.32456586247582,239.7219936555616,235.51480134144427,235.5940399169922,167376100
2018-02-08,235.89321967103496,236.03404940738375,226.72188118769543,226.75709533691406,246449500
2018-02-09,229.54723378106326,232.02049757208297,222.6115362922506,230.16336059570312,283565300
2018-02-12,232.21415380783523,235.0131017383919,230.30420887774528,233.543212890625,143736000
2018-02-13,232.33739453996532,234.66982881131727,231.7564818205949,234.12413024902344,81223600
2018-02-14,232.63667535917318,237.64482209210516,232.62786510372453,237.28395080566406,120735700
2018-02-15,239.02662625448377,240.32047101973117,236.5621459651646,240.31166076660156,111200300
2018-02-16,239.68678361757665,242.3272813096784,239.64275920638937,240.38209533691406,160420100
2018-02-20,239.43153825575493,240.8750232824043,238.08488544944555,238.8770294189453,86369700
2018-02-21,239.3170325117325,241.7991060668732,237.59191537562756,237.688720703125,98883700
2018-02-22,238.61295297407747,240.32926016216408,237.3279184312155,237.996826171875,110511300
2018-02-23,239.22029018931661,241.7903594970703,238.7449930968572,241.7903594970703,92766400
2018-02-26,242.86407995006914,244.69483938258537,242.2743840584429,244.59800720214844,86491400
2018-02-27,244.78285691699728,245.49581580776734,241.4822357175162,241.54385375976562,99099200
2018-02-28,242.64408220128257,243.09297531932364,238.78016861084905,239.09701538085938,121907800
2018-03-01,238.88583033395267,240.43493091456583,234.12412958786794,235.62042236328125,176855100
2018-03-02,233.94804882971562,237.39831043589393,233.0855035735666,236.83499145507812,139083200
2018-03-05,235.64677977956038,240.18843815453016,235.54113732946925,239.5723114013672,97307400
2018-03-06,240.54929630838222,240.62853486564214,238.68334915728698,240.1796417236328,79213200
2018-03-07,238.01442035232077,240.44365941854787,237.82078282394883,240.0915985107422,87063500
2018-03-08,240.7694020980413,241.37671879581904,239.77483706625813,241.25350952148438,66901200
2018-03-09,242.66173259355944,245.45184326171875,242.3448589239956,245.45184326171875,113625300
2018-03-12,245.7423014669966,246.3672116624282,244.7564932107088,245.14376831054688,71924800
2018-03-13,246.3056534533217,246.80735452644262,242.95222309809864,243.55953979492188,91968900
2018-03-14,244.5189176685173,244.70374501010537,241.75521035804832,242.3096923828125,105895100
2018-03-15,242.82008222737093,243.46258590400217,241.54383140414953,242.0455322265625,83433000
2018-03-16,242.57323255706797,243.35973066378793,242.25511667218015,242.30813598632812,100343700
2018-03-19,241.5569572533792,242.48482208147317,237.37708882052542,239.0295867919922,109208400
2018-03-20,239.42728116773122,240.07238541259784,238.75566726721883,239.43612670898438,59757300
2018-03-21,239.39182194276364,241.48616473302508,238.7644090530465,238.9764862060547,78709600
2018-03-22,236.74964866306775,237.5979844347918,232.72883860854253,233.0028076171875,148785900
2018-03-23,233.44464923481146,233.771610570164,227.84202490130033,228.03643798828125,183534800
2018-03-26,231.64191725294216,234.55808665375656,229.23827674648547,234.27529907226562,141956100
2018-03-27,235.21205195547876,235.74224499591256,228.73458164104392,230.28988647460938,129941400
2018-03-28,230.42236711146168,232.0925556029988,228.50474628430075,229.60935974121094,146452300
2018-03-29,230.7493369078176,234.40782975700319,229.61821376486174,232.54322814941406,111601600
2018-04-02,232.0130331334397,232.52558895343842,225.0495580668502,227.52389526367188,186286300
2018-04-03,228.76105618064247,230.91726410781752,226.96716475422534,230.4400634765625,119956900
2018-04-04,226.88764555655212,233.6125205677921,226.7550973110947,232.90557861328125,123715300
2018-04-05,234.66411168825624,235.6273585175287,233.57718912240716,234.74366760253906,82652600
2018-04-06,232.78190517782255,234.27531822190647,227.992287884209,229.51223754882812,179521200
2018-04-09,230.970332966311,234.03674208867398,229.70666119589032,230.64337158203125,105442900
2018-04-10,233.53295569894706,235.09710565907096,232.39301399524987,234.31060791015625,103529000
2018-04-11,232.82613470616496,234.74375658455347,232.75545127213937,233.08241271972656,91140200
2018-04-12,234.4078811025094,235.94549479836687,234.23113211691503,234.99993896484375,68890500
2018-04-13,236.30775772820684,236.42264184596766,233.30321443152818,234.31060791015625,85079200
2018-04-16,235.94546967540268,237.00590953983792,235.1236436129237,236.23707580566406,63405300
2018-04-17,238.00443144378508,239.36532282768732,237.49190264543654,238.76441955566406,64682000
2018-04-18,239.20638076094764,239.74541946554865,238.48174748134844,238.9412841796875,57303900
2018-04-19,238.28724837406062,238.49050699178184,236.5817313909208,237.61566162109375,77655900
2018-04-20,237.54497633052486,237.7658990812484,234.71715433401994,235.60084533691406,99953100
2018-04-23,236.17522430550414,236.73195385379043,234.4873715522299,235.5654754638672,65558000
2018-04-24,236.59059861141472,236.81152135905498,230.89078093505276,232.39306640625,112885500
2018-04-25,232.33119443053855,233.40929848464276,230.51079320332934,232.9674530029297,103840900
2018-04-26,233.99247788836254,236.1663495511231,233.55063251969815,235.33567810058594,67731900
2018-04-27,235.94548205661184,236.2459337414099,234.61994564056346,235.55665588378906,57053600
2018-04-30,236.1752674598288,236.73199710984161,233.67440680470918,233.7451171875,82182300
2018-05-01,233.17953515335418,234.2664847699566,231.62423039491986,234.1604461669922,74203400
2018-05-02,233.96606511885076,234.7790458316721,232.19868291240678,232.58750915527344,86368900
2018-05-03,231.75677437071465,232.72881274557488,228.92010728332005,232.07489013671875,136311500
2018-05-04,231.1028283116458,235.7598964903456,230.77586700224066,235.07943725585938,91222100
2018-05-07,235.848230957513,236.84677882532637,235.15892630141587,235.87474060058594,55304900
2018-05-08,235.50357862946444,236.23703006654873,234.3105907549821,235.87474060058594,67499200
2018-05-09,236.54632425259504,238.48160907698724,236.0249499666223,238.15464782714844,59666100
2018-05-10,238.89699753938797,240.7085800870118,238.79095894501123,240.381591796875,72063900
2018-05-11,240.50527199161976,241.38011718335855,239.99271626676813,241.11502075195312,59871500
2018-05-14,241.5481268439639,242.20204964117926,240.68209984021198,241.23001098632812,54790600
2018-05-15,240.00155755892848,240.01922166467614,238.62300220380112,239.5685577392578,87036100
2018-05-16,239.6039504074176,241.0355252718733,239.57741379249362,240.57598876953125,53942600
2018-05-17,240.31089212610618,241.45086087471745,239.59510469440028,240.3727569580078,56536400
2018-05-18,240.028143784387,240.3904603285665,239.4183948402933,239.77186584472656,64368000
2018-05-21,241.25645393247333,242.1136351582383,240.86762779080024,241.57456970214844,58025900
2018-05-22,242.09597283331613,242.35225076806103,240.57602327210842,240.90298461914062,52966400
2018-05-23,239.6304311661903,241.59222569863897,239.47134633634752,241.56568908691406,64694200
2018-05-24,241.1680971017814,241.4420391350856,239.28583108913134,241.0708770751953,76043800
2018-05-25,240.49647521972656,241.1238882133398,239.99276492981866,240.49647521972656,56374800
2018-05-29,238.87051399428245,239.63050228387698,236.61711271320866,237.7305450439453,115908600
2018-05-30,239.03840959985598,241.34483010823462,238.96772618756867,240.90298461914062,69678400
2018-05-31,240.49645869151294,240.79691034341295,238.82629701358277,239.4272003173828,93519900
2018-06-01,240.72631368058035,242.07836008535472,240.65560328518157,241.7779083251953,71258400
2018-06-04,242.59958297744532,243.18282201836357,242.36099622038225,242.92654418945312,45385200
2018-06-05,243.0592233369313,243.48340476833687,242.29041640409955,243.10342407226562,51135000
2018-06-06,243.71311960206987,245.24188759157823,243.09452518802559,245.13584899902344,62732200
2018-06-07,245.6219003146421,245.91350645027276,244.19914391979617,245.10934448242188,72969400
2018-06-08,244.64984175340834,245.88700367386923,244.48193831762,245.833984375,72139700
2018-06-11,246.05494161200195,246.87676782782057,245.94005745897357,246.16098022460938,58892500
2018-06-12,246.57630378510464,246.84140030338042,245.8340065658228,246.47911071777344,72329000
2018-06-13,246.71768118492542,246.97395911429703,245.48933780630622,245.69259643554688,79070600
2018-06-14,246.55855903448713,246.8413195721325,245.7190420543345,246.31112670898438,77097600
2018-06-15,245.52650527534564,246.33427828335442,244.4169314328949,245.99696350097656,120041600
2018-06-18,244.5411195819773,245.61520625808635,244.06180332353912,245.4909210205078,52917600
2018-06-19,243.218545183296,244.7719483003426,242.80134440543546,244.55003356933594,97531500
2018-06-20,245.2335567776329,245.6330141870954,244.62995512310675,244.96726989746094,53785500
2018-06-21,244.95836940816923,244.97613992521215,242.9345079770817,243.4315948486328,71061400
2018-06-22,244.69213138255017,244.80753140955053,243.65355822875506,243.87547302246094,54898500
2018-06-25,242.72149328077796,242.88126540868595,238.86905624683794,240.55560302734375,137854200
2018-06-26,241.12375552974973,241.94038681511896,240.36923979992196,241.08824157714844,68547400
2018-06-27,241.6740640121467,243.10318209396516,238.94005894114787,239.09097290039062,105110700
2018-06-28,239.03770220338833,241.2213357813261,238.3275587424145,240.4579620361328,76650500
2018-06-29,241.54972259257508,242.91672481031316,240.68869242213722,240.80409240722656,97592500
2018-07-02,239.2330531950725,241.47883001455816,238.99336786041863,241.31903076171875,63554800
2018-07-03,242.21551677676098,242.31317335709,240.04076839246304,240.46682739257812,42187100
2018-07-05,241.59419894270374,242.49071624932256,240.52011188401102,242.42857360839844,56925900
2018-07-06,242.4552336768545,244.85189713270944,242.07351965385934,244.47909545898438,66493700
2018-07-09,245.48202935231578,246.73363150616552,245.43765724816657,246.6803741455078,50550400
2018-07-10,247.1331861800095,247.66578708564802,246.84024349176497,247.56813049316406,51966800
2018-07-11,246.0146766095031,246.8047060907769,245.45544712755907,245.7572479248047,77054700
2018-07-12,247.0177910656898,248.03859368641244,246.41418933560087,247.98533630371094,60124700
2018-07-13,247.80781661340694,248.48241914617054,247.35510177874667,248.1806182861328,48216000
2018-07-16,248.22494734588554,248.36694893113057,247.5148039736614,247.95863342285156,48201000
2018-07-17,247.186397734719,249.35228781735347,247.1331403629495,248.9617156982422,52315500
2018-07-18,249.04162883488385,249.59197312914412,248.59779929574424,249.48545837402344,44593500
2018-07-19,248.81975837777637,249.201445348002,248.06524260902577,248.54458618164062,61412100
2018-07-20,248.34042990866814,248.970687509048,248.1007716523903,248.2605438232422,82337700
2018-07-23,248.05625603939797,248.926144303671,247.71005611359422,248.7220001220703,47047600
2018-07-24,250.13349309116006,250.8169809217829,249.10380517035608,249.97369384765625,68026900
2018-07-25,249.72510289533034,252.42359393047738,249.6807307795288,252.1040496826172,78882900
2018-07-26,251.38515644150064,252.19290266832044,251.2874998197391,251.50941467285156,57919500
2018-07-27,251.83769677635257,251.93535334089978,248.8818045839257,249.8049774169922,76768700
2018-07-30,249.8849138307744,250.04468596219957,247.97642515611105,248.5001678466797,63742500
2018-07-31,249.2635094920372,250.33756924478948,248.88182264202132,249.72508239746094,68570500
2018-08-01,249.92920278939042,250.43517479308906,248.65985724118875,249.30783081054688,53853300
2018-08-02,248.0030992495822,250.8347069740888,247.7989278959903,250.66607666015625,63426400
2018-08-03,250.7902498137468,251.79330863254742,250.61270721089437,251.74005126953125,53935400
2018-08-06,251.77568607491966,252.97400440724343,251.38511383250523,252.66334533691406,39400900
2018-08-07,253.32906560124368,253.87940995687197,253.19589505328793,253.49769592285156,43196600
2018-08-08,253.32915029376431,253.79072346813717,252.9296926947678,253.39126586914062,42114600
2018-08-09,253.45328322255867,253.84385536516058,252.9118242139356,253.0449676513672,35717000
2018-08-10,251.6069617836006,252.14842078670355,250.63938960665286,251.3495330810547,77076000
2018-08-13,251.62464230460418,252.23712904662446,250.11561150181862,250.40855407714844,65732900
2018-08-14,251.13650491950173,252.24607870802964,250.74593277880362,252.0063934326172,43842000
2018-08-15,250.6571277422336,250.79915641876548,248.6865238753039,250.12452697753906,102925400
2018-08-16,251.56251835989391,253.0182919096236,251.52700442011542,252.14837646484375,69967900
2018-08-17,251.94427184369758,253.47993184740568,251.5359562403902,253.03610229492188,65618500
2018-08-20,253.48878910627252,253.8438472911981,253.0360743442006,253.5775604248047,39807500
2018-08-21,254.092370416195,255.0332867211678,253.61302700580478,254.17225646972656,67272000
2018-08-22,253.76399460900163,254.54513897210413,253.49768061837668,254.02142333984375,44993300
2018-08-23,253.84388469220477,254.704915139344,253.36454117286772,253.68411254882812,49204900
2018-08-24,254.26102912059642,255.35285936968114,254.20777175129484,255.21083068847656,57487400
2018-08-27,256.40923270075433,257.33240588682605,256.24946054043704,257.22589111328125,57072400
2018-08-28,257.68741586376615,257.7939577065519,256.8885281227042,257.3501281738281,46943500
2018-08-29,257.56314686266506,258.965636207914,257.3234886771743,258.73486328125,61485500
2018-08-30,258.2555538204787,258.62835549143284,257.0927225076336,257.68743896484375,61229500
2018-08-31,257.27911870586814,258.14014914459057,256.7909170205872,257.6963195800781,66140800
2018-09-04,257.27907009152085,257.6074995729283,256.2493824457125,257.25244140625,57594400
2018-09-05,256.8973733202907,257.1015446256181,255.54814150332868,256.56005859375,72452400
2018-09-06,256.66667685568757,256.9684777619007,254.75821481066257,255.78790283203125,65909900
2018-09-07,254.7404119315528,256.2671866291312,254.50072664342497,255.29075622558594,73524800
2018-09-10,256.3027222309289,256.56903625847275,255.53934828156608,255.73463439941406,50210900
2018-09-11,255.08658956495626,257.0216798888951,254.74041660460662,256.5778503417969,50530500
2018-09-12,256.58678777667075,257.2436469713986,255.8500424979255,256.6400451660156,59810800
2018-09-13,257.7051492765237,258.34426479519124,257.42109191507126,258.1578369140625,51034200
2018-09-14,258.36207317292326,258.5484740117114,257.4211566296206,258.2023010253906,55079900
2018-09-17,258.1489499112022,258.18443676051925,256.5600330053288,256.835205078125,68244000
2018-09-18,257.04834095714324,258.82365936916335,257.0217122645313,258.22894287109375,61930400
2018-09-19,258.2821745760306,258.9212902243807,258.1578892967261,258.50408935546875,49080600
2018-09-20,259.7645329642432,260.9184787850341,258.52178873975845,260.5989074707031,100360600
2018-09-21,261.34169029247494,261.45761269257395,260.200344464458,260.36083984375,105479700
2018-09-24,259.78125390322805,259.9239255325764,258.9163258584371,259.49591064453125,53409600
2018-09-25,259.9507258281669,260.05772276823944,259.01447539069625,259.2552185058594,44370000
2018-09-26,259.3978270962072,260.5837458427951,258.06031124681675,258.4794006347656,79739700
2018-09-27,258.95199161647935,260.28950748207143,258.67557384787006,259.20166015625,59249500
2018-09-28,258.5774898512052,259.727761180098,258.54184235195396,259.2284240722656,70091400
2018-10-01,260.4678122787801,261.1989941092635,259.46023990671796,260.1289978027344,62078900
2018-10-02,259.9774169921875,260.6907479078921,259.6029277855832,259.9774169921875,47258200
2018-10-03,261.02964891097304,261.4487384024007,259.7634821662078,260.1201477050781,64694600
2018-10-04,259.6386377670936,259.69213623805473,256.49994288608053,258.0871276855469,111545900
2018-10-05,258.31001039427775,258.8271712774559,255.21588894088282,256.642578125,105951700
2018-10-08,255.95596915870948,256.9992436180711,254.57388016862174,256.642578125,87742200
2018-10-09,256.2591376202274,257.5698770527391,255.70627486797824,256.2680358886719,74339000
2018-10-10,255.75981569841878,255.83116512877552,247.77931932579827,248.15380859375,214731000
2018-10-11,247.06588538785635,248.68874428334433,241.07381402990762,242.68777465820312,274840500
2018-10-12,246.78955019049047,247.07489349625513,242.8661749776503,246.0583953857422,183186500
2018-10-15,245.70163179290182,247.03024927204768,244.58703533727837,244.67620849609375,102263700
2018-10-16,246.63798849814555,250.4008684315047,246.1654005373798,250.02635192871094,118255800
2018-10-17,250.06198211206146,250.6950653704905,247.49394715549715,250.07090759277344,110626000
2018-10-18,249.1346728395284,249.73210870124333,245.18454828665827,246.4596405029297,134557500
2018-10-19,247.11056242456397,249.04548714557046,245.63037467389387,246.3258819580078,139901600
2018-10-22,246.99464419352634,247.31563500155545,244.6852029518663,245.22021484375,82415800
2018-10-23,241.60002463722046,245.09538512809797,239.5134753828841,243.97186279296875,146352700
2018-10-24,243.72221371883643,244.10565574782976,236.02705929026942,236.57989501953125,177806700
2018-10-25,238.41670611178432,242.36683043885208,237.39128255040535,240.82421875,138061500
2018-10-26,237.1148128348693,241.64452103456355,233.87802024719272,236.5886993408203,201574600
2018-10-29,239.68281095394798,240.97575372731768,231.70231665806764,235.27792358398438,160749100
2018-10-30,235.1085193391012,239.0764662151694,234.61808059363685,238.76437377929688,157116000
2018-10-31,241.33242946068574,243.63297188220236,240.85984163174297,241.31460571289062,128296300
2018-11-01,242.17962881456293,244.07890635616997,241.0917811115309,243.8827362060547,99495000
2018-11-02,244.98838642284932,245.41640140740168,240.3873273833,242.43820190429688,122634100
2018-11-05,242.92856098023867,244.3285008443668,241.95663600789746,243.77566528320312,65622500
2018-11-06,243.71333527411497,245.47883955805221,243.65091130945171,245.31834411621094,60085900
2018-11-07,247.49396890905808,250.6505144215999,247.06595397473305,250.5702667236328,102752100
2018-11-08,249.76780273813137,250.7575790372224,248.97422381391857,250.11557006835938,65584900
2018-11-09,248.80475330853633,248.9919979503533,246.26346717939185,247.67233276367188,98812600
2018-11-12,247.1640395101199,247.40478259123662,242.52730654258272,243.04449462890625,99673600
2018-11-13,243.50810225152546,245.50545029923543,241.86741961064567,242.5896759033203,98176600
2018-11-14,244.4622478094711,244.86348626076756,239.37077812959166,240.93121337890625,125335900
2018-11-15,239.665036498494,243.90942938261057,238.08677738884973,243.44573974609375,135101400
2018-11-16,242.3489859884349,244.98834323159878,241.8317979051343,244.07884216308594,126668000
2018-11-19,243.47244114704662,243.76670985269266,239.03190624209543,239.95033264160156,103061700
2018-11-20,236.61549791018174,238.07786188380766,234.64489850791026,235.50982666015625,136021300
2018-11-21,237.061353202817,238.2116247297562,236.30344914168026,236.31234741210938,75563700
2018-11-23,234.6716458769011,236.13400983891086,234.57357442697398,234.73406982421875,42807900
2018-11-26,236.98991976775332,238.74652460401302,236.59757969790078,238.5236053466797,79981400
2018-11-27,237.48936431574663,239.3262176513672,236.8830301919533,239.3262176513672,75502400
2018-11-28,240.39630047616535,244.8368377685547,239.26385244228902,244.8368377685547,127629600
2018-11-29,244.06101801208686,245.7017011927657,242.91967200762178,244.30178833007812,82346400
2018-11-30,244.15011930438473,246.35256296273798,243.82912859069464,245.79080200195312,98204200
2018-12-03,249.91924822277815,250.02624511734257,247.4493125338339,249.04539489746094,103176300
2018-12-04,248.21623087740545,248.64424582117104,240.66372229024648,240.97581481933594,177986000
2018-12-06,237.114809128682,240.72609084503256,234.0117627270498,240.61016845703125,204185400
2018-12-07,240.27129670057562,241.84065705833729,234.18115425937629,235.0193328857422,161018900
2018-12-10,234.84107067737293,236.43718083040707,230.60560305995818,235.4652557373047,151445900
2018-12-11,238.6663422202357,238.85358682830298,234.04746047570356,235.5187225341797,121504400
2018-12-12,238.49694635249477,239.86121163503108,236.6244184401148,236.7046661376953,97976700
2018-12-13,237.64985902771585,238.51478722394577,235.5098386364587,236.6244354248047,96662700
2018-12-14,234.47545576293268,235.42955700710894,231.70235241482038,232.25518798828125,116961100
2018-12-17,231.3011010050752,232.41569770152586,226.06695927243624,227.69873046875,165492300
2018-12-18,229.33943144675922,230.0081894771695,225.84404416794135,227.44906616210938,134515100
2018-12-19,227.52927740072613,231.30106827818616,222.33972299140083,224.04281616210938,214992800
2018-12-20,222.79448810925254,224.36383524071718,218.14884344413474,220.3958740234375,252053400
2018-12-21,221.2972708382368,223.96101871006718,215.23432328750374,215.8800811767578,255345600
2018-12-24,214.3912887199813,216.0056837367362,210.11315903229698,210.17593383789062,147311600
2018-12-26,211.63778672637773,220.7949676513672,209.65566642653576,220.7949676513672,218485400
2018-12-27,217.55724826813972,222.68741427560954,214.31949514400904,222.4901123046875,186267300
2018-12-28,223.84436371831148,225.47668587100645,221.0371117498519,222.20306396484375,153100200
2018-12-31,223.82644361450068,224.3914851025564,221.95195871285873,224.14932250976562,144299400
2019-01-02,220.6156260112586,225.30634138582334,220.5887205734624,224.38253784179688,126925200
2019-01-03,222.63360250759496,222.93855359314486,218.54381198522043,219.02813720703125,144140700
2019-01-04,222.05957672065173,227.01038180312378,221.6828869633961,226.3646240234375,142628800
2019-01-07,226.6336926865011,229.55753053557964,225.73680839944248,228.14942932128906,103139100
2019-01-08,230.33785991035955,230.77732451103,227.80863931434865,230.29299926757812,102512600
2019-01-09,231.0015672871316,232.21236682399817,229.77283991391428,231.36929321289062,95006600
2019-01-10,229.83560729240676,232.43656660303958,229.15396638327567,232.18544006347656,96823900
2019-01-11,231.10913472146507,232.3020061415807,230.52616541356173,232.2751007080078,73858100
2019-01-14,230.3736917743686,231.66520737629008,229.97011025547886,230.85801696777344,70908200
2019-01-15,231.23468358024363,233.81771437253292,231.22570597989744,233.50379943847656,85208300
2019-01-16,233.93435413014328,234.95681551959413,233.72808822825598,234.06890869140625,77636700
2019-01-17,233.1989338658102,236.7057553387113,233.15407322100728,235.8447265625,96118400
2019-01-18,237.65645419931408,239.4502231203334,235.880613114038,238.98382568359375,127900300
2019-01-22,237.5129332717554,237.72817676902332,234.14063917061264,235.75502014160156,115531200
2019-01-23,236.78644235026223,237.4860110376435,233.78187434995297,236.24830627441406,86030300
2019-01-24,236.0689182013445,236.9568523052835,235.05543452326265,236.3738555908203,59204100
2019-01-25,238.22141899740802,239.19904694280078,236.47251108468166,238.3739013671875,96883400
2019-01-28,236.23036727363132,236.62497118181184,234.79534692945444,236.5622100830078,85613700
2019-01-29,236.70572604449566,237.27074018486155,235.4142104107552,236.24830627441406,66136300
2019-01-30,237.764071126748,240.83140059178444,237.00171387664844,239.9883270263672,92473700
2019-01-31,239.92553305771975,242.58030297951865,239.71026220894768,242.09597778320312,104012100
2019-02-01,242.2933017562561,243.23504674650184,241.42332284164686,242.21258544921875,85782500
2019-02-04,242.2574453074274,243.97947549210747,241.58478197088286,243.91668701171875,60744800
2019-02-05,244.3472313735373,245.24411593228007,243.84497821030092,244.93917846679688,79552800
2019-02-06,244.66110209733083,245.15437756693314,243.8808170519739,244.61624145507812,58347800
2019-02-07,243.0018899662257,243.54897637630074,240.62515150220383,242.28439331054688,95482000
2019-02-08,241.03771034218343,242.6789969406424,240.21256455574564,242.58035278320312,75788900
2019-02-11,243.23502142905596,243.49509815663762,242.18565480531848,242.71481323242188,68021400
2019-02-12,244.32926977124873,246.2127051877354,244.2575036888499,245.83602905273438,72270200
2019-02-13,246.6701146070692,247.47730509020485,246.24857784565816,246.6342315673828,65277200
2019-02-14,245.54902206240385,247.21724136156533,244.73285393361263,246.087158203125,83234400
2019-02-15,247.86293690858662,248.80468186464043,247.65667103278165,248.768798828125,97088700
2019-02-19,247.97059836438055,249.85403362878836,247.9616207621204,249.19932556152344,59120800
2019-02-20,249.163402081706,250.1589577951444,248.66114910995242,249.7015380859375,76610800
2019-02-21,249.06486255325416,249.42361091649065,247.8540628779286,248.81373596191406,64214700
2019-02-22,249.43253644408577,250.55364207487054,248.79575610960802,250.35635375976562,78114600
2019-02-25,251.78247012204292,252.30265124300533,250.61650350421198,250.6972198486328,69030700
2019-02-26,250.3473967472809,251.3967363763881,250.1411034407813,250.51780700683594,56844100
2019-02-27,249.80016267577685,250.75983528168447,248.8674228701719,250.41006469726562,56921600
2019-02-28,250.19482156237186,250.63431345494496,249.6208298778012,249.94369506835938,69268300
2019-03-01,251.52230711011546,251.9169385044712,250.0693585085077,251.50437927246094,78880500
2019-03-04,252.5626955386454,252.8048445144296,248.29351630874652,250.58953857421875,106494600
2019-03-05,250.71500873621886,250.9123243485982,249.7015252440311,250.2486114501953,59114600
2019-03-06,250.36526150543068,250.3742391075912,248.41006018612026,248.73292541503906,75039800
2019-03-07,248.28440783328602,248.4279125705794,245.80902638448262,246.652099609375,94885100
2019-03-08,244.79568083107918,246.32934580769265,244.32931070032558,246.158935546875,85795800
2019-03-11,246.8764295610073,249.88994826166174,246.8495241215637,249.728515625,65098900
2019-03-12,250.28455806959337,251.19042007076519,250.09622000970506,250.6702117919922,79667500
2019-03-13,251.5581298604209,253.26220463446646,251.3966698772523,252.32943725585938,80639200
2019-03-14,252.35638312195522,252.7779199246628,251.72858040500805,252.1680450439453,67518400
2019-03-15,252.72026159197057,254.2246406646661,252.53106644599106,253.4138946533203,81309000
2019-03-18,253.63000687161,254.6299477159504,253.40479818943265,254.33265686035156,62199800
2019-03-19,255.39570823440198,256.16139589718296,253.50394946882147,254.39576721191406,90268100
2019-03-20,254.1795895258863,255.3867050444242,252.5220565381343,253.63006591796875,84609200
2019-03-21,252.81027908877184,256.9000490867797,252.7652208562003,256.49468994140625,79550400
2019-03-22,255.13449792626113,255.65697014672995,251.49511671277395,251.5581817626953,122659300
2019-03-25,251.21580350295577,252.40491207106848,250.10779426151646,251.36895751953125,85575200
2019-03-26,253.12557810981843,254.1975737908098,251.8373908599879,253.24269104003906,68125900
2019-03-27,253.23371421295462,253.8192789572887,250.36906550454614,251.9185028076172,72224700
2019-03-28,252.54907992827737,253.32378477778863,251.39601230929048,252.8733673095703,56238500
2019-03-29,254.3867931441947,254.79215237439305,253.260749463698,254.46786499023438,82186800
2019-04-01,256.4677058809414,257.78291713150287,256.19743891736897,257.4856262207031,77617900
2019-04-02,257.674789886447,257.84595069509163,256.81898584322386,257.6117248535156,40070400
2019-04-03,258.82792742524794,259.224297037764,257.41360983019285,258.0171813964844,68243200
2019-04-04,258.34139278369787,258.95395382593165,257.6477599115769,258.70172119140625,48997500
2019-04-05,259.3683813046049,260.00796634856,259.08010755558655,259.95391845703125,58621700
2019-04-08,259.53052137413107,260.2601953909309,258.872902047936,260.152099609375,53566300
2019-04-09,259.18822378928195,259.51251116404137,258.2693820694969,258.8188781738281,66142300
2019-04-10,259.2332694125867,259.791810186664,258.818893023963,259.70172119140625,52601500
2019-04-11,260.1881519539477,260.1971691008526,259.0621082428974,259.629638671875,55093100
2019-04-12,261.2420936009112,261.6654870591576,259.6746498365206,261.38623046875,69727800
2019-04-15,261.4583339542193,261.5574400967974,260.4133620858321,261.2151184082031,49596700
2019-04-16,262.09789766267414,262.15194555170166,260.791676198151,261.38623046875,52153200
2019-04-17,262.50325442630555,262.5302783705718,260.3322392659286,260.74664306640625,58268300
2019-04-18,261.33224455017637,261.53042935403886,260.0350399233135,261.2601623535156,68708500
2019-04-22,260.4944855104914,261.6385361359312,260.4043965065369,261.4853820800781,40160100
2019-04-23,261.8547302286173,264.07080428337645,261.62053180568597,263.8365783691406,52246600
2019-04-24,263.75550302834347,264.0888075995507,263.1069006901307,263.25103759765625,50392900
2019-04-25,263.1518406646715,263.7463948938671,261.89969466766917,263.0887756347656,57770900
2019-04-26,263.1339644968907,264.38611111550864,262.3592319380115,264.3140563964844,50916400
2019-04-29,264.40404516990714,265.2508321267672,264.3139561868012,264.72833251953125,57197700
2019-04-30,264.3860229636108,265.15173811806574,262.9717330802613,264.86346435546875,81111700
2019-05-01,265.49411402755555,265.70131599138176,262.86366351610775,262.8726806640625,71671900
2019-05-02,262.7555322221292,263.67440146767416,260.8097254266999,262.30511474609375,65030200
2019-05-03,263.7824341896292,265.15169309250166,262.4131477954623,264.8724365234375,56543700
2019-05-06,260.5664535046231,264.22384041933424,260.2511558413628,263.7824401855469,107198100
2019-05-07,261.37723490411906,261.97178922380755,257.467614824318,259.37738037109375,144729900
2019-05-08,259.01708984375,260.728670867913,258.4225354370044,259.01708984375,91568300
2019-05-09,256.9450893542433,258.8368202163099,255.20645750355328,258.2332763671875,103471100
2019-05-10,257.2964675787668,260.2872461358025,254.30568902173113,259.5305480957031,112429300
2019-05-13,254.41376563134563,255.377637933495,252.17066837943403,253.00843811035156,127290500
2019-05-14,254.0264805893089,256.82809204068724,253.90037797101735,255.29666137695312,77003200
2019-05-15,253.66618444998986,257.43166904420116,253.45898245403038,256.7920837402344,73956400
2019-05-16,257.49469006251053,260.53049981387437,257.4226353539373,259.1702575683594,76749600
2019-05-17,256.8640610092583,259.9809418767313,256.84602671792,257.49462890625,100353000
2019-05-20,255.8911013257319,257.6026817483969,255.04431451291887,255.79202270507812,62877600
2019-05-21,257.48564741091906,258.4765713763025,257.2334147189398,258.0982360839844,46847100
2019-05-22,257.1433677687246,258.26039439766816,256.82807001308,257.3055114746094,49482500
2019-05-23,255.08046297279253,255.12549372999183,252.74730342899153,254.16162109375,98733800
2019-05-24,255.60290728268083,256.0173111653613,254.11653507060132,254.7381134033203,55268100
2019-05-28,255.01733792058175,255.97222067550697,252.3508744252037,252.36888122558594,70029400
2019-05-29,251.25190161916805,251.65726088805204,249.27005355583492,250.67535400390625,104972900
2019-05-30,251.4320095280315,252.26980685770957,250.26093518349904,251.35995483398438,62523800
2019-05-31,248.81059086378568,249.63934351166384,247.94576963387286,247.97279357910156,86862800
2019-06-03,248.00886369318812,249.1258902150911,246.00900903833892,247.34225463867188,96428000
2019-06-04,249.6393920119291,252.84636242817595,249.18897450974495,252.71124267578125,77231900
2019-06-05,254.33275332053663,254.9273077659354,252.52209352318616,254.90028381347656,71169700
2019-06-06,255.19752776383675,257.2333959536874,254.54892553301983,256.5577697753906,69430400
2019-06-07,257.57580647090873,260.2062573953328,257.40464558072483,259.125244140625,74272200
2019-06-10,260.67462905198147,261.98085084610926,260.2242115355655,260.3143005371094,60799100
2019-06-11,262.1339625158368,262.50330815727335,259.6026184166782,260.251220703125,58641300
2019-06-12,260.0170178235672,260.5755311039681,259.27832655341695,259.79180908203125,47096300
2019-06-13,260.70162584014724,261.22412549987916,259.99897568740136,260.86376953125,48945200
2019-06-14,260.5754699707031,261.179013861294,259.809754930864,260.5754699707031,52324700
2019-06-17,260.8096802680297,261.44027562181344,260.5033997363136,260.674560546875,39205700
2019-06-18,262.4942284092509,264.45804139734327,262.1338725472256,263.404052734375,85434800
2019-06-19,263.539222658832,264.5301464856538,262.5663331233237,263.9986572265625,78674400
2019-06-20,266.68310619427257,266.92632166085167,264.0616739781933,266.52093505859375,116570000
2019-06-21,266.251288502116,267.50952485915224,265.9163628738044,266.13360595703125,83309500
2019-06-24,266.34181358325094,266.6586172021475,265.65384032505415,265.8077392578125,47582700
2019-06-25,265.86208320986407,265.8892385984447,263.0921230745837,263.20074462890625,82028700
2019-06-26,264.09681645673555,264.6037352997455,262.82951934921067,262.9381408691406,51584900
2019-06-27,263.6985206334799,264.3774327619087,263.31834531156267,263.8705139160156,40355200
2019-06-28,264.8481905283756,265.7262515028233,264.3322381980387,265.2283935546875,59350900
2019-07-01,268.55960231230983,268.7768730392971,266.43233818876865,267.63629150390625,78705600
2019-07-02,267.59093754948606,268.38753219550205,266.7490931451758,268.3332214355469,61504500
2019-07-03,269.01222196219044,270.4967902221676,268.8673840130453,270.4786682128906,40898900
2019-07-05,269.2475267615392,270.333797324257,267.95307413888946,270.17083740234375,51677300
2019-07-08,268.85833365921906,269.9898541670269,268.143204963281,268.68634033203125,45841800
2019-07-09,267.52763883202334,269.31994946484144,267.47332806284766,269.021240234375,41101300
2019-07-10,270.0894280343671,271.2571649910291,269.555353643339,270.3066711425781,58448500
2019-07-11,270.94927706503216,271.1846144550714,269.9354395002428,270.9402160644531,50826100
2019-07-12,271.42912776574457,272.225722572846,271.12135752209366,272.1532897949219,40326000
2019-07-15,272.58782210519985,272.58782210519985,271.7369164693559,272.24383544921875,33900000
2019-07-16,272.15328696925974,272.3614966723665,271.0579829333727,271.3657531738281,36650100
2019-07-17,271.3386284093714,271.50156073888,269.5191345214844,269.5191345214844,36036300
2019-07-18,269.02116679322734,270.885909692556,268.5776197577081,270.5057067871094,51392600
2019-07-19,271.60110970326673,271.6282650875979,268.8311500014461,269.0031433105469,58678600
2019-07-22,269.40141995777003,270.2070757552025,268.88546764229045,269.6639404296875,43638100
2019-07-23,270.7863824595344,271.5920104980469,269.9535714155049,271.5920104980469,44564500
2019-07-24,270.83167149437855,272.868408203125,270.7411443378768,272.868408203125,47213200
2019-07-25,272.4158470993241,272.4701578776042,270.7592854867379,271.56494140625,55394100
2019-07-26,272.25287897362153,273.5835481165805,272.126135424287,273.3843994140625,45084100
2019-07-29,273.2666470176047,273.3843295333311,272.3342755180086,272.8864440917969,38126500
2019-07-30,271.4833908656109,272.62397210504514,271.10318791079754,272.21661376953125,45849000
2019-07-31,272.46112466493685,272.65124003332403,267.2199406511862,269.2385559082031,104245200
2019-08-01,269.3924186711607,272.35246649157233,266.09741756218915,266.8940124511719,142646600
2019-08-02,265.9978254506385,266.24222391598,263.32742621353003,264.8843994140625,116749700
2019-08-05,260.7837200874932,260.89234160663744,255.01749757121055,256.91845703125,178745400
2019-08-06,258.81033515709356,260.738449845443,257.33482851295753,260.52117919921875,120711700
2019-08-07,257.4434211251954,261.4444879419177,255.30712465631177,260.675048828125,140572300
2019-08-08,262.16880673520035,265.7896728515625,261.61663791246286,265.7896728515625,87713900
2019-08-09,264.8481869708878,265.4456330756324,262.1959097009694,263.97918701171875,93730000
2019-08-12,262.4764691718785,263.9700703060593,259.81513146006324,260.765625,65527600
2019-08-13,260.46686623080353,266.26930462331774,260.1228797001237,264.8209533691406,94299800
2019-08-14,260.76570090814516,261.37218043993045,256.86422034542153,256.9909362792969,135622100
2019-08-15,257.8779789447643,258.5659520526638,255.62399959125736,257.6697692871094,99556600
2019-08-16,259.3264429890606,261.906288014765,257.72419204149924,261.4718017578125,83018300
2019-08-19,264.4951407782686,265.3007688833208,263.8162285844009,264.6218566894531,53571800
2019-08-20,264.11502599091796,264.6491004467703,262.4675528453292,262.5942687988281,51596400
2019-08-21,264.7577462117834,265.10170529540915,264.0697727944984,264.7305908203125,49524700
2019-08-22,265.4365786995359,266.07021351807236,262.87480116707053,264.6490173339844,51666400
2019-08-23,263.34565466813217,265.01125008207276,256.6017791993048,257.8509826660156,149161500
2019-08-26,260.0414527243702,260.7022705078125,258.5116351075703,260.7022705078125,72423800
2019-08-27,262.0962910754054,262.4674330108714,258.91897355776075,259.6793518066406,66668900
2019-08-28,259.0185294396297,261.67080579140867,258.2128739087133,261.50787353515625,59696700
2019-08-29,264.0697022845135,265.37321597709513,263.0648978183525,264.8481750488281,57899400
2019-08-30,266.3328141671288,266.3509085531038,263.79821887978943,264.7305908203125,62901200
2019-09-03,263.0287458637237,263.94299567707674,261.8519479244874,263.1826171875,69101400
2019-09-04,265.3551411107405,266.18792470473994,264.60379605038094,266.1698303222656,46887300
2019-09-05,268.6590897186863,270.50571064288545,266.13352910544006,269.5914611816406,83258100
2019-09-06,269.90830123844205,270.4423754314379,269.2293891520062,269.7996520996094,49584300
2019-09-09,270.7864831316271,270.87698268364073,268.9941444764997,269.9355773925781,51260300
2019-09-10,269.1750971388404,269.93550311664103,267.9168608869009,269.87213134765625,57947100
2019-09-11,270.17988445721164,271.87263435713766,269.52812767822877,271.7911682128906,68821100
2019-09-12,272.69641910988423,273.79172313296596,271.9360407085292,272.7326354980469,72908700
2019-09-13,273.1761761691998,273.52922378912524,272.1804327059594,272.55157470703125,62104800
2019-09-16,271.4199799926493,272.5967774451182,271.0669600944099,271.70965576171875,58191200
2019-09-17,271.5105831463322,272.4882046094224,271.33858983685184,272.397705078125,41475500
2019-09-18,272.00841165390426,272.6692294359746,269.97167516979073,272.56060791015625,73375800
2019-09-19,272.94980824425716,273.9455514745746,272.20752441574757,272.5424499511719,76560500
2019-09-20,273.1463237989638,273.4282622508574,270.46362073249094,271.2547912597656,89565000
2019-09-23,270.59089610131656,271.9095320231954,270.33626621153167,271.19110107421875,43476800
2019-09-24,272.28253581486916,272.6735698308056,268.0993044220978,269.0632629394531,94869400
2019-09-25,269.14500041802086,271.1001974881487,267.6626795721894,270.65460205078125,71854000
2019-09-26,270.6636835101628,270.87282694256567,268.6812058097561,270.09075927734375,56179700
2019-09-27,270.84550766263965,270.9546585387981,267.0806211361253,268.63568115234375,84746600
2019-09-30,269.1540552559003,270.59088936551007,269.1085965366539,269.8815612792969,51662400
2019-10-01,270.7637324178549,271.4184990741899,266.4532014526551,266.67144775390625,88242400
2019-10-02,265.08904970256856,265.09815254736196,260.6693965347672,261.9607238769531,122539500
2019-10-03,261.73345487523494,264.1342754190595,259.0143676971502,264.10699462890625,85278800
2019-10-04,264.7617829260246,267.93556870041675,264.70719358868433,267.6809387207031,65091200
2019-10-07,266.88055681577515,268.5083841071053,266.24396824858513,266.52587890625,59610500
2019-10-08,264.67077779882845,265.40738677887896,262.35179996128653,262.38818359375,95708100
2019-10-09,264.4070066694013,265.8165600063333,263.77952092519905,264.8798828125,62359400
2019-10-10,264.7980929946163,267.55356355823847,264.63440826867793,266.67144775390625,55296300
2019-10-11,269.4269323090313,271.67314311799345,269.30873405810314,269.43603515625,98720400
2019-10-14,269.11768908445055,269.7906613399473,268.790319678461,269.1358947753906,40394800
2019-10-15,270.1817208062417,272.54615738895194,270.06349481421915,271.8004455566406,46754500
2019-10-16,271.3366718475405,272.0551029660115,270.927460009867,271.36395263671875,48928200
2019-10-17,272.5279070629822,273.03716682784426,271.4730039064605,272.1641540527344,45736600
2019-10-18,271.6276670391448,272.27333084102725,270.11806538415243,270.972900390625,64304000
2019-10-21,272.291601440597,273.01000492908065,271.8550809866698,272.8099365234375,39048600
2019-10-22,273.34643282027804,273.6374464088708,271.82775595636684,271.918701171875,48594700
2019-10-23,271.6640383966591,272.76440043938345,271.45486720152144,272.7098388671875,34352200
2019-10-24,273.64656905775985,273.79207586258536,272.32793271893104,273.1554870605469,35453100
2019-10-25,272.58261623187906,274.8197525738474,272.52805463842526,274.27410888671875,45205400
2019-10-28,275.49266831562915,276.32022273244803,275.46538752178185,275.8200378417969,42147000
2019-10-29,275.54713265499714,276.66570031313864,275.4198038269224,275.73809814453125,44284900
2019-10-30,275.93814036739496,276.9566598852974,274.6286073436417,276.5838317871094,49643900
2019-10-31,276.57476285774817,276.57476285774817,274.39221680138,275.84722900390625,69053800
2019-11-01,277.29330570501634,278.4482297385403,277.1295931765108,278.40277099609375,71141500
2019-11-04,279.95779117686374,280.0941951369652,279.1484147592851,279.5212707519531,60606900
2019-11-05,279.72129600704636,280.02141242557303,278.9210225610841,279.2120361328125,42933200
2019-11-06,279.21209240068293,279.5485647690466,278.3299764135138,279.2757568359375,46487100
2019-11-07,280.6124904635661,281.5946264927241,279.78493630115787,280.2578125,54272300
2019-11-08,279.9122492128996,281.0035361826021,279.2120238547651,280.948974609375,49032100
2019-11-11,279.566712897289,280.5852326412768,279.4302812062415,280.4124450683594,35797300
2019-11-12,280.776129910861,281.90377253154145,280.2304865370375,281.00347900390625,46484600
2019-11-13,280.0122678945048,281.49458856771133,279.78491877904554,281.0944519042969,53917700
2019-11-14,280.81263100190245,281.5856237921182,280.17604217405733,281.5037536621094,51219900
2019-11-15,282.8405183461568,283.5862302129895,282.1493958072757,283.540771484375,62023600
2019-11-18,283.30437394705217,283.9864215228647,282.8496755631772,283.7499694824219,49228000
2019-11-19,284.3500771269776,284.35917997236,283.02236607228707,283.66802978515625,67804700
2019-11-20,283.07692973881234,283.5952923830595,281.0580684819456,282.6131286621094,79406200
2019-11-21,282.72235757531104,282.8314807405151,281.3582625050897,282.15850830078125,54664700
2019-11-22,282.90420623191045,283.0406101816487,281.77656324396247,282.7859802246094,44850200
2019-11-25,283.713644437144,284.9776916503906,283.713644437144,284.9776916503906,48647200
2019-11-26,285.0140107943301,285.8051814488202,284.6957164125303,285.623291015625,37569000
2019-11-27,286.1052554908473,286.8964538574219,285.88700918425144,286.8964538574219,44444600
2019-11-29,286.3325849809778,286.5781398116173,285.60507884056364,285.8324279785156,36592700
2019-12-02,286.08709192303365,286.15075634985016,282.976970887455,283.4043884277344,75767800
2019-12-03,280.68530213529885,281.5856237921182,279.3030290622985,281.5037536621094,73941700
2019-12-04,282.5495695093345,283.84089729888063,282.20399431837325,283.2406921386719,49080000
2019-12-05,283.94096278551194,283.95914072993565,282.4404359166549,283.7499694824219,40709000
2019-12-06,285.65968831162513,286.7418726099388,285.650585463755,286.34173583984375,48927000
2019-12-09,285.95060497639406,286.62354942860503,285.36857796172194,285.44134521484375,34838500
2019-12-10,285.38674905100623,286.0505905779489,284.4682499215874,285.1230163574219,52649800
2019-12-11,285.5778171170683,286.1871250585876,285.04127644599606,285.9324951171875,53429100
2019-12-12,285.9415300114766,289.178979276665,285.7051057972178,288.39691162109375,96389600
2019-12-13,288.16046262508945,289.79739296590316,287.3874700546423,288.5697021484375,81503900
2019-12-16,290.29758563663097,291.14331781947243,288.5060732129594,290.5522155761719,82749700
2019-12-17,290.93413905050215,291.2342276828815,290.5340023722772,290.6158447265625,61097700
2019-12-18,291.00691966683615,291.23426882282587,290.5795021434722,290.6340637207031,48133000
2019-12-19,290.8249757300014,291.89808464078646,290.5703458322475,291.8253173828125,85310500
2019-12-20,292.8580047434994,294.23795375085035,291.88018760229625,293.1047668457031,147142100
2019-12-23,293.89070837165036,293.945538202169,293.4063596093835,293.5525817871094,52990000
2019-12-24,293.78099530759755,293.8266775283828,293.2600841233324,293.5616760253906,20270000
2019-12-26,293.94558388375384,295.13362880402286,293.93646416993596,295.1244812011719,30911200
2019-12-27,295.8554774530982,295.91030727604016,294.52123861313635,295.05126953125,42528800
2019-12-30,295.1335775655158,295.2706521393171,292.94027282858093,293.42462158203125,49729100
2019-12-31,292.9219889831503,294.3841827622408,292.5747148231008,294.1374206542969,57077300
2020-01-02,295.6728126568722,296.9065398349285,294.7497972018245,296.88824462890625,59151200
2020-01-03,293.49777150755784,295.7641735797391,293.44294167338677,294.6401062011719,77709700
2020-01-06,292.88536388612897,295.84631332558087,292.76655665791674,295.7640686035156,55653900
2020-01-07,295.19755772617054,295.67278681667864,294.4847419794395,294.93255615234375,40496400
2020-01-08,295.12444534201336,297.7198263343244,294.87771109631456,296.50439453125,68296000
2020-01-09,298.06710630868724,298.58801761539866,297.4822175666189,298.514892578125,48473300
2020-01-10,299.09965725356824,299.254999087536,297.18967781024986,297.6557312011719,53029300
2020-01-13,298.2772496807154,299.7120005705417,297.8477308070792,299.702880859375,47086800
2020-01-14,299.264208473107,300.3151505804677,298.6884674529028,299.2459411621094,62832800
2020-01-15,299.15450437501033,300.68064734274424,299.07225965420616,299.9221496582031,72056600
2020-01-16,301.30219453828755,302.4171142578125,301.0737276112458,302.4171142578125,54050300
2020-01-17,303.12990101469194,303.56853962375646,302.3531079591049,303.3583679199219,95846000
2020-01-21,302.39883225787577,303.5685818598415,302.3257351092037,302.7643737792969,77742400
2020-01-22,303.62331742525095,304.2721834050225,302.64550043407195,302.80084228515625,48914900
2020-01-23,302.1520504997015,303.55941441938006,301.0371309067921,303.1481628417969,51963000
2020-01-24,303.80614634423307,303.88839108132504,299.1636833310754,300.4522399902344,87578400
2020-01-27,295.2066810180619,297.1166611579254,294.8685544324489,295.6361999511719,84062500
2020-01-28,297.0617682289767,299.6114663707145,295.72752948381543,298.7341613769531,63834000
2020-01-29,300.0959039992209,300.3243709426531,298.28643576718724,298.48748779296875,53888900
2020-01-30,296.42200830973457,299.66625422375535,295.672658258037,299.4560546875,75491800
2020-01-31,298.8347496867189,298.9901194730198,293.1048090217675,294.0186767578125,113845600
2020-02-03,295.49915167501734,298.067117900778,295.3803444015998,296.20281982421875,69083000
2020-02-04,299.81259553758144,301.5855011806518,299.4927362514343,300.7173156738281,62573200
2020-02-05,303.6507933581962,304.4001715229161,302.18862743263116,304.1899719238281,65951100
2020-02-06,305.14955406449695,305.40543589404376,304.1351464583818,305.2135314941406,50359700
2020-02-07,304.1535076731091,305.2227174507982,303.0385877690276,303.5869140625,64139400
2020-02-10,302.7003838721832,305.91718787642037,302.66382135820703,305.85321044921875,42070000
2020-02-11,307.20577615157714,307.9916890041701,305.85324188570775,306.38330078125,54864500
2020-02-12,307.81803230663076,308.5674104828042,307.4524908196525,308.35723876953125,43992700
2020-02-13,306.9315156031581,308.9968650133152,306.65736651730623,308.0281677246094,54501900
2020-02-14,308.4394532632197,308.6405052446944,307.2422889745831,308.5216979980469,64582200
2020-02-18,307.52563255819723,308.58572245034776,306.33758779968736,307.7266845703125,57226200
2020-02-19,308.6953514933789,309.8742206443196,308.41205476200304,309.1979675292969,48814700
2020-02-20,308.64960860364215,309.4721116863874,304.9393086876562,307.92767333984375,74163400
2020-02-21,306.57514878327885,306.8858604042742,303.93405817128195,304.7565612792969,113788200
2020-02-24,295.307216805096,304.82970245486194,293.5708458942109,294.64923095703125,161088400
2020-02-25,296.0382762665826,296.65055194836293,284.84339802698764,285.720703125,218913200
2020-02-26,287.1188663037413,290.7103586583062,283.9386254537844,284.6697082519531,194773800
2020-02-27,279.1500278323521,284.7246265399028,271.8847961425781,271.8847961425781,284353500
2020-02-28,263.833654100991,272.23210170332254,260.94582840686195,270.74249267578125,384975800
2020-03-02,272.5244912250123,282.53135414421934,269.0974871963839,282.4673767089844,238703600
2020-03-03,282.8419684102805,286.8081496933254,271.93953670902624,274.3795471191406,300139100
2020-03-04,279.7531390923097,286.1319448399597,277.20344073550206,285.91259765625,176613400
2020-03-05,278.7113812011502,281.9007705498337,274.1694576163429,276.4084167480469,186366800
2020-03-06,267.9003132173233,273.0453928793516,265.231835125878,271.8390808105469,228667200
2020-03-09,251.5877720984813,259.7120695140164,249.89713912812093,250.60995483398438,309417300
2020-03-10,260.12327944250404,263.6690622000133,249.94278128953638,263.57769775390625,276444100
2020-03-11,256.5226437962952,257.6558306839711,247.54845736466214,250.72869873046875,255316300
2020-03-12,233.95013117048154,243.69196419793585,226.34674521407393,226.73971557617188,392220700
2020-03-13,240.42944286501015,248.0968060321082,227.11439811378423,246.1228485107422,329566100
2020-03-16,220.40662450326886,234.7726271214884,216.91565683455985,219.19119262695312,297240000
2020-03-17,223.93414936559594,234.1055159225691,216.65063616065999,231.02577209472656,262070500
2020-03-18,215.9012131690979,226.977283642767,208.38008698094055,219.32821655273438,327597100
2020-03-19,218.64285844118245,226.07260768556657,212.21836929617308,219.79432678222656,289322000
2020-03-20,222.94363004147445,224.72696071707477,210.0466734873275,210.32244873046875,347158800
2020-03-23,209.76173127825837,211.13139220908926,200.63365540430698,204.9449005126953,326025200
2020-03-24,215.4885612758454,224.38682507267387,214.91863611227424,223.51353454589844,235494500
2020-03-25,225.09466188292848,235.6475644145072,220.38814988584195,226.85960388183594,299430300
2020-03-26,229.36910403044877,241.57661392737845,228.93705947674567,240.10585021972656,257632800
2020-03-27,232.8163124926308,239.7473876435918,230.7755951190202,232.95419311523438,224341200
2020-03-30,235.05001734341474,241.23650788451303,233.0552652380832,240.51950073242188,171369500
2020-03-31,239.5175603608972,242.0638491887975,235.52805566114748,236.9344940185547,194881100
2020-04-01,227.95351498436278,236.85178045649488,224.20300778799435,226.27130126953125,189554600
2020-04-02,225.38879163266066,232.27390045217555,224.83724120524906,231.4925537109375,177660400
2020-04-03,230.50897330571124,232.86224312191504,225.41638201331432,228.1465301513672,135561200
2020-04-06,237.01722588258153,245.43748142052502,228.12816222742413,243.4702911376953,188061200
2020-04-07,252.06515907675276,252.8189437055567,243.49785113917028,243.7184600830078,201427200
2020-04-08,246.31982769346382,253.71053370403308,243.8286922644738,251.89962768554688,153774500
2020-04-09,255.16297227897329,258.49064914825794,253.22338671872393,255.73292541503906,189999200
2020-04-13,254.75860459423126,255.09871946317554,249.49134066253833,253.3981170654297,114839100
2020-04-14,258.2884851590157,261.89189610685975,253.26023306323893,260.8715515136719,134143400
2020-04-15,255.1538941002778,261.0094585224513,253.21427976364757,255.32855224609375,121775000
2020-04-16,256.60619254108764,257.4151293397029,253.48997925212333,256.56024169921875,131798300
2020-04-17,262.3331407891114,264.09806873944035,259.59379105102954,263.49139404296875,146684800
2020-04-20,259.7868595128614,263.6293107862759,258.62863415329286,258.8492431640625,100109300
2020-04-21,254.3816417460952,255.58584554188414,250.0519952513257,250.98963928222656,126385700
2020-04-22,255.87081075308308,258.30679448549233,254.54710109226127,256.56024169921875,92951600
2020-04-23,257.83803449166567,261.00942882801934,256.2385632888214,256.5419006347656,104709700
2020-04-24,258.0586753592096,260.78882372538203,256.00875672334155,260.1177673339844,85063200
2020-04-27,262.09412629154366,264.98973134296574,261.6345055515394,263.8682556152344,77896600
2020-04-28,267.51761283020494,267.86692903854635,262.3514808302591,262.65484619140625,105270000
2020-04-29,267.986564277932,271.06602995813773,266.95701793717836,269.5308837890625,118745600
2020-04-30,268.1519197995434,269.63191314520935,265.2838909183048,267.0212707519531,122901700
2020-05-01,262.2687486221893,267.1866954796315,258.78481603360234,259.9522705078125,125180000
2020-05-04,258.06787265525315,260.9726794196281,256.58790717425063,260.6693420410156,80873200
2020-05-05,263.4913676039255,265.8905741855777,260.79796898937275,263.07769775390625,79569900
2020-05-06,264.77827445640764,265.1643400964349,260.86229750373474,261.2943420410156,73632600
2020-05-07,264.5117413329673,266.3778004537861,263.9418160920804,264.4473876953125,75250400
2020-05-08,267.5820163579853,269.2918202089729,266.4513391653479,268.822998046875,76452400
2020-05-11,266.8924571016374,270.2568828876202,266.4696140512824,268.8780212402344,79514200
2020-05-12,270.0639771433086,270.4776190002841,263.3810732615767,263.51898193359375,95870800
2020-05-13,262.9581454558485,263.99689253994427,256.4315270763484,258.85833740234375,144721100
2020-05-14,256.4224143490226,262.08491700872327,250.94371509495167,261.95623779296875,121977900
2020-05-15,259.56619361268525,263.2063817576998,258.61937607827673,263.1604309082031,111146300
2020-05-18,269.3837068905075,272.78491161799025,269.06199481206295,271.1762390136719,119703800
2020-05-19,270.5787293388812,272.28850498888653,268.3725554456711,268.39093017578125,95189300
2020-05-20,271.93000339041674,273.81443707877554,271.70019303559144,272.9503479003906,85861700
2020-05-21,272.82173390080567,273.63067103163144,269.9720792092253,271.06597900390625,78293900
2020-05-22,270.78095292638466,271.75534659131654,269.5399713937195,271.5806884765625,63958200
2020-05-26,277.54654029417327,277.7855520274972,271.59904750423533,274.92669677734375,88951400
2020-05-27,277.7212306525081,279.0541420158943,272.8952128963509,279.0173645019531,104817400
2020-05-28,280.0468515835098,282.0599922398802,277.83147672252164,278.5025329589844,90405200
2020-05-29,278.03369646881987,280.3317995595068,275.28517414932355,279.7434997558594,119090800
2020-06-01,279.10013797282943,281.48097041759445,278.5853649065574,280.874267578125,55758300
2020-06-02,281.7935125894445,283.2459300855402,280.46062904766694,283.199951171875,74267200
2020-06-03,285.18541958591584,287.92476883249293,284.909658409725,286.96875,92567600
2020-06-04,285.98515548879453,287.7225350605196,284.1190967189892,286.2149658203125,75794400
2020-06-05,291.61095127500704,295.32466622909004,291.54659764607965,293.550537109375,150524700
2020-06-08,294.3594363562118,297.29181820946184,293.81708738109575,297.0987854003906,73641200
2020-06-09,294.43309742484524,297.1724477167715,293.56900800568155,294.883544921875,77479200
2020-06-10,295.4626446212481,296.35431008693706,292.52106030785467,293.2380676269531,95000800
2020-06-11,286.3069674196292,286.941246338049,275.78166842632197,276.33319091796875,209243600
2020-06-12,283.3469673510181,284.11912678025476,274.48549461766504,279.6424255371094,194678900
2020-06-15,273.9523329194972,283.38375938311225,272.7757049594633,282.2530822753906,135782700
2020-06-16,290.0022666173974,290.1493485974371,282.8229940315134,287.6857604980469,137627500
2020-06-17,288.7061896286449,289.000353646456,285.75540416445665,286.4908142089844,83398900
2020-06-18,284.9740877759043,287.0791307706854,284.5144669914152,286.60113525390625,80828700
2020-06-19,290.0690318089014,290.2629141511341,283.0151069995311,284.9632568359375,135549600
2020-06-22,284.3631024413638,287.1883578938626,283.21823578587436,286.7913513183594,74649400
2020-06-23,289.4411072237713,290.3736357062622,287.70532390749855,288.111572265625,68471200
2020-06-24,286.0711669477362,286.6897814759057,278.92493642655745,280.76226806640625,132813500
2020-06-25,280.18976894126644,284.03988623160495,278.16776915357684,283.7721252441406,89468000
2020-06-26,282.67343082724625,282.88579689027085,276.45048811590635,277.0321350097656,127961000
2020-06-29,278.2878382488589,281.24233868339707,275.9980771665016,281.1038513183594,79773300
2020-06-30,280.6699229107989,286.4035537681701,280.5129799461542,284.7046813964844,113394800
2020-07-01,285.8218995785466,287.9639317029631,285.3602561815504,286.6990051269531,72396500
2020-07-02,290.1335885242947,291.4816073233506,287.61303399713563,288.2778015136719,69344200
2020-07-06,292.10022962286325,293.3097330320879,291.3523695965938,292.7280578613281,61713800
2020-07-07,291.1861264698139,293.1619451017001,289.3303114252415,289.7088623046875,82910000
2020-07-08,290.4751769616239,292.03553353353783,288.71172439183437,291.92474365234375,54638600
2020-07-09,292.534094306912,292.77415781586666,286.84664602686377,290.2628173828125,83354200
2020-07-10,290.1981838415168,293.49432348020605,288.76710100613167,293.2265625,57550400
2020-07-13,295.57175522796825,297.95382235069326,290.03203541314804,290.68756103515625,102997500
2020-07-14,289.2657251994357,295.23017784397115,288.06546370459,294.4546203613281,93657000
2020-07-15,297.6768588380392,298.2585339487308,294.777725167758,297.1598205566406,87196500
2020-07-16,295.2578960538468,296.6335843805212,294.6115840180191,296.1811828613281,54622500
2020-07-17,297.18749364064047,297.8245636451662,295.2116468030746,297.0397644042969,62774900
2020-07-20,296.77205639224417,300.18822867354294,296.024196371045,299.44036865234375,56308800
2020-07-21,301.40698886705917,301.850148500667,299.0895299692351,300.07745361328125,57292200
2020-07-22,299.71724772573134,302.0993425839799,299.6064578581787,301.785400390625,57792900
2020-07-23,301.42534546893273,302.12705222700146,296.8181548399038,298.1846008300781,75738000
2020-07-24,296.3289495911897,297.289147705287,294.7593505494647,296.2643127441406,73766600
2020-07-27,296.95672110500396,298.6001703884858,296.16267985039116,298.42474365234375,48293000
2020-07-28,297.69530442770673,298.81250154862204,296.2365239348657,296.531982421875,57495000
2020-07-29,297.4090950917843,300.74217459378013,297.37215573588736,300.178955078125,48454200
2020-07-30,297.20600271794535,299.5234615044289,295.11939379817784,299.10797119140625,61861700
2020-07-31,300.8990939222795,301.5731032762325,296.6796674453573,301.4715270996094,84986800
2020-08-03,303.13349796893095,304.33375941571626,302.5887621937607,303.56744384765625,53077900
2020-08-04,302.70874832852365,304.739990234375,302.70874832852365,304.739990234375,41917900
2020-08-05,306.0418321331255,306.89126826301356,305.7740711107244,306.6327209472656,42697700
2020-08-06,306.05108949352723,308.8024658628492,305.72793350897297,308.68243408203125,43679400
2020-08-07,307.7128833454353,309.1901471875092,306.8080525502548,308.9039306640625,57308300
2020-08-10,309.35638535667545,310.0119109096436,307.41747799040013,309.8272705078125,44282100
2020-08-11,311.00910310173,311.64617312266336,306.5403992490115,307.269775390625,69601100
2020-08-12,309.7073204785493,312.3294515588477,309.6796230021421,311.55389404296875,53774400
2020-08-13,310.78753741033046,312.3017411953798,310.06737487698325,310.99066162109375,41816100
2020-08-14,310.6028714247222,311.5353999760587,309.87346706744495,310.9998779296875,47260400
2020-08-17,312.0153683598361,312.38467723730434,311.008989693739,311.9876708984375,35481000
2020-08-18,312.38477080822076,313.0864776091208,310.7874749185557,312.6617736816406,38733900
2020-08-19,313.04043778564983,313.55747623783265,310.79685719744765,311.3600769042969,68054200
2020-08-20,309.6333973234677,312.8095056526026,309.5041518442734,312.32940673828125,42207800
2020-08-21,311.99705293699736,313.6589577204171,311.65541319099066,313.4373779296875,55106600
2020-08-24,315.8748790364872,316.68737593780014,313.40971903177535,316.613525390625,48588700
2020-08-25,317.1766997393025,317.8045279741512,316.0133494044836,317.721435546875,38463400
2020-08-26,318.3123051250386,321.1744711148294,317.76756939870836,320.90673828125,50790200
2020-08-27,321.77464196751936,323.0579957694621,319.94652424244754,321.6084289550781,58034100
2020-08-28,322.63331982174736,323.8151257187456,321.4422720409016,323.68585205078125,48588900
2020-08-31,323.47343998768525,324.350545281418,322.2823924798507,322.5132141113281,66099200
2020-09-01,323.3442345333608,325.6524513348711,322.4486452873158,325.5509033203125,54908700
2020-09-02,327.4621164118237,331.22911386665123,326.3172217084211,330.2596740722656,69540000
2020-09-03,328.5699763174422,329.0408614690771,316.3087321994255,318.8939514160156,148011100
2020-09-04,319.5771810982591,321.14675134230083,309.18096542994215,316.290283203125,139156300
2020-09-08,310.8798493187982,316.3549607309717,307.3436737413122,307.6483459472656,114465300
2020-09-09,311.6553602505374,316.188700542301,310.7874686489755,313.7235412597656,91462300
2020-09-10,315.5978402401596,316.25336585308577,307.3159581046872,308.27618408203125,90569500
2020-09-11,310.05816018485217,311.11993430191217,305.6079113300187,308.43316650390625,84680200
2020-09-14,311.5999553914097,314.26826693128163,308.58081864580447,312.49554443359375,65605700
2020-09-15,314.9515071825437,315.7824594521563,312.50480343116857,314.07440185546875,52920900
2020-09-16,315.3116771386732,316.74276037655795,312.55103050748136,312.8280334472656,82096000
2020-09-17,307.9714762809404,311.79389633261354,307.44519615617884,310.0765686035156,91523300
2020-09-18,310.8821027224487,310.9933360912378,304.0224381842765,306.5067443847656,105877900
2020-09-21,301.9182318320632,303.2438101066205,298.2381099284634,303.0954895019531,99450800
2020-09-22,304.5787110885869,306.7385683220991,302.0665676151903,306.182373046875,63612100
2020-09-23,306.7385530033538,307.0166647717101,298.58111700501155,299.0816955566406,93112200
2020-09-24,297.7652958983576,302.937845386202,296.448968406663,299.8788146972656,76681300
2020-09-25,299.02596442851154,305.51484110446944,298.1546270152853,304.7269287109375,71069400
2020-09-28,308.8891862166308,310.50212711319176,307.89730790676646,309.7883605957031,64584600
2020-09-29,309.58431274931326,310.32588735238784,307.4058984550522,308.10113525390625,51304000
2020-09-30,308.76870034777096,313.58902226860357,308.5740418789443,310.4372863769531,104081100
2020-10-01,313.03270872151455,314.0060289873834,310.5484025217798,312.43017578125,88698700
2020-10-02,307.48010881582076,312.40238366370073,307.00733868479756,309.4638366699219,89431100
2020-10-05,311.52166182686176,315.1368870502554,311.47532402870127,314.9515075683594,45713100
2020-10-06,315.0906262164625,317.18561572731545,309.9644141027496,310.4742431640625,90128900
2020-10-07,313.4313231405762,316.6850408176242,313.40351479672364,315.8785705566406,56999600
2020-10-08,317.8159221887509,318.74290459076605,316.89819037406056,318.6780090332031,45242500
2020-10-09,320.3280798824177,321.9873865273389,319.7070174310904,321.5238952636719,59528600
2020-10-12,324.0638146970355,328.1703404575897,323.5725150946358,326.6964416503906,80388500
2020-10-13,326.5574909516224,326.7336199420712,323.60041363526926,324.5644836425781,73255500
2020-10-14,325.13912193436175,326.23295452878085,321.7927285846741,322.5250244140625,57727900
2020-10-15,318.6131927450355,322.60848562858945,318.0755552653786,322.12646484375,60357700
2020-10-16,323.4798383039487,325.1391450693449,321.7556642567683,321.9317932128906,89501900
2020-10-19,323.1924415429291,323.82278285072874,316.1381183278607,317.03729248046875,68425600
2020-10-20,318.38145817763655,321.55175133899183,317.6213538922318,318.30731201171875,60051900
2020-10-21,318.26087876428136,320.43004263717467,317.39879185718223,317.7047119140625,63575000
2020-10-22,317.91790278181213,320.0314217004003,315.77657552045014,319.4474182128906,55399300
2020-10-23,320.67102412804957,320.7266408105194,318.0754846485953,320.531982421875,49143900
2020-10-26,317.1485658849641,317.9365067637999,311.1139000222835,314.608642578125,91473000
2020-10-27,314.95160893898276,315.285309087353,313.31083167503937,313.5240478515625,65994100
2020-10-28,307.85092353477626,313.55186080057024,302.31683634561693,302.8081359863281,127094300
2020-10-29,303.0398079880695,309.05591447743296,301.3526932962897,305.8856506347656,90597700
2020-10-30,304.3098400497384,305.6168888814722,299.0445857878949,302.6968994140625,120287300
2020-11-02,306.0896301269531,308.09188741481535,303.34574158278815,306.0896301269531,86068300
2020-11-03,309.3248216610703,313.55185999385526,306.173086523715,311.49395751953125,93294200
2020-11-04,315.9712318810282,322.53428362589443,314.79397432552076,318.45556640625,126959700
2020-11-05,323.7394296519222,326.4740399373296,323.38717169903396,324.6664123535156,82039700
2020-11-06,324.3790079432216,325.8436562639265,322.26548878904805,324.59222412109375,74973000
2020-11-09,337.3938380999121,337.77390433814645,328.2074376824893,328.6709289550781,172304200
2020-11-10,327.6790464420353,329.24564918548936,324.9166565996286,328.18890380859375,85552000
2020-11-11,330.37658868596975,331.4518918826983,329.13443541283425,330.62689208984375,58649000
2020-11-12,329.61646944206416,330.67324321370563,325.61192600078954,327.4195251464844,67546200
2020-11-13,329.3290771800801,332.6940283304285,328.80996922022456,331.95245361328125,62892200
2020-11-16,334.62217047881086,336.2907277500925,333.33365115779196,336.0960693359375,74541100
2020-11-17,333.6858582065338,335.49348521603423,332.17487235671945,334.28839111328125,66111000
2020-11-18,334.55722235747817,335.10413858036725,330.22820208953993,330.2652893066406,70591300
2020-11-19,329.63497720915376,332.02657957234703,328.29084129066734,331.6557922363281,59940900
2020-11-20,331.39626921670055,331.6002065139429,329.31055843142065,329.38470458984375,70417300
2020-11-23,331.1923723183577,332.61993357318823,328.958340654461,331.3592224121094,63230600
2020-11-24,333.9083515604822,337.2454941499389,333.05554351994675,336.6985778808594,62415900
2020-11-25,336.615126222549,336.6429345632087,335.0856109077494,336.179443359375,45330900
2020-11-27,337.2733243638305,337.5884950330975,336.1053173094643,337.1157531738281,28514100
2020-11-30,336.33708795881,336.6059208367198,332.9443565005629,335.6233215332031,83872700
2020-12-01,338.8770642217867,340.8329840925718,338.2837817293062,339.294189453125,74231400
2020-12-02,338.1818081843012,340.16553629221875,337.6070834828416,340.0079650878906,45927000
2020-12-03,339.9059738069598,341.30572658893556,338.81214112571735,339.9152526855469,62882000
2020-12-04,340.4992481431544,342.8445129394531,340.4065442272832,342.8445129394531,50749900
2020-12-07,342.07508856328803,342.6312837481267,340.8700225705228,342.1399841308594,48944300
2020-12-08,340.87008586139694,343.7066507125633,340.82374804124925,343.1412048339844,42458900
2020-12-09,343.79924510819586,343.95681627791015,339.2292285583469,340.0635070800781,74098300
2020-12-10,338.69171173772213,340.9998899295854,337.82034561523744,339.9524230957031,57735400
2020-12-11,338.255910570185,339.9615549854479,336.7356739717107,339.5536804199219,57698600
2020-12-14,341.7228478589244,342.7981226816186,337.8573183246596,338.033447265625,69216200
2020-12-15,340.5733910132798,342.6034851074219,339.2014749129828,342.6034851074219,63865300
2020-12-16,342.816755225148,344.0589086713419,341.9361103282016,343.1412048339844,58420500
2020-12-17,344.78188359842443,345.2639043286698,343.95685556996756,345.0599670410156,64119500
2020-12-18,345.3486003375375,345.51616164558806,341.67139953282106,343.6822204589844,136542300
2020-12-21,339.7630149194955,352.3213066638467,337.0260664305187,342.4533996582031,96386700
2020-12-22,342.7792278925102,342.8909354359635,340.7497984268332,341.876220703125,47949000
2020-12-23,342.84436581711367,344.0918139440392,341.8575780688017,342.18341064453125,46201400
2020-12-24,342.65820709257804,343.54260584136324,342.07174248059044,343.5146789550781,26457900
2020-12-28,346.06537505500916,346.85667458893,345.4416652223988,346.4656982421875,39000400
2020-12-29,347.9923877771309,348.16926748527214,345.2181946161471,345.8046875,53680500
2020-12-30,346.62398934581523,347.3315083324772,345.90718033712307,346.29815673828125,49455300
2020-12-31,346.1026197103733,348.78371400805713,345.59061740637577,348.0575866699219,78520700
2021-01-04,349.3888321963932,349.51917659122995,339.62334376927595,343.31915283203125,110210800
2021-01-05,342.6767566253038,346.7728598923991,342.6301928867929,345.68365478515625,66426200
2021-01-06,344.17561345030657,350.9435220537929,343.62636577991566,347.7503967285156,107997700
2021-01-07,350.12428175085216,353.6618195734626,349.94740201873657,352.9170837402344,68766800
2021-01-08,354.30414871589034,355.14198358914405,351.05519832067495,354.9278869628906,71677200
2021-01-11,351.7534192361298,354.2948508857765,351.6323932699845,352.535400390625,51034700
2021-01-12,352.7215686990142,353.6245473333701,350.3662785938468,352.6098327636719,52547700
2021-01-13,352.5353542542608,354.55546486987174,351.75337320210355,353.55938720703125,45303600
2021-01-14,354.3041217359534,354.80683398556437,351.9861054675014,352.32122802734375,49989100
2021-01-15,350.70146508008384,351.5020547003936,347.8900545677973,349.7519226074219,107160000
2021-01-19,352.2095511727949,353.0380960342888,350.72936958492306,352.4981384277344,51233300
2021-01-20,354.78819724418975,358.21405551285824,354.397220924243,357.376220703125,61836100
2021-01-21,357.93475983810305,358.36300987967786,356.7804109135132,357.7020263671875,47840100
2021-01-22,355.8494812219019,357.5996414893799,355.4677949159223,356.43597412109375,52860500
2021-01-25,357.1714926802257,358.19549744523476,352.3213056451607,357.8417663574219,70402000
2021-01-26,358.79128116207573,359.2008944003585,357.0504391042999,357.2831726074219,42665300
2021-01-27,353.95975001538807,354.0528491035127,346.31678932489797,348.551025390625,123351100
2021-01-28,350.3663709576421,355.55168110843044,349.9288591707381,351.5486755371094,94198100
2021-01-29,349.6866708521476,350.6548499672451,342.83498325200054,344.51068115234375,126765100
2021-02-01,347.9086772342032,351.2786539780254,344.79936089018344,350.2453308105469,75817600
2021-02-02,353.4291069607294,356.75254834286187,350.32910906965094,355.1978759765625,64450700
2021-02-03,356.026389967423,357.19937586145977,354.2017673399159,355.4771423339844,52427100
2021-02-04,356.5104680448607,359.563930354463,355.5888524983493,359.51739501953125,47142600
2021-02-05,361.3885805309923,361.6399224767463,359.47085881489795,360.9324035644531,48669800
2021-02-08,362.38468496710107,363.5855978382445,361.52824155640604,363.5390625,38365200
2021-02-09,362.7011856677286,363.8928084728964,362.2916008407664,363.2969970703125,35551100
2021-02-10,365.0378462808228,365.18679913439,360.7369356197839,363.13873291015625,59154400
2021-02-11,364.21864417530406,364.63757587962465,361.29552590667186,363.7252502441406,42913300
2021-02-12,362.9245677029753,365.7639045862191,362.8500770853384,365.5218811035156,50593300
2021-02-16,366.7507370926893,366.94625368053585,364.4885743748941,365.20538330078125,50972400
2021-02-17,363.45518283226,365.5404654309399,362.4404400003846,365.28912353515625,52290600
2021-02-18,362.68256763974955,364.479263411607,360.9603340863235,363.7345275878906,59712800
2021-02-19,364.99130695342166,365.2798942259746,362.645335047699,363.0921936035156,83241000
2021-02-22,360.3273348443789,362.71052376422216,360.02942912693527,360.2994079589844,67414200
2021-02-23,358.0930589330605,362.0867735591579,353.941101443955,360.7369079589844,107284100
2021-02-24,359.6476922516517,365.1402251600415,358.66090455980543,364.71197509765625,72433900
2021-02-25,363.4459432788632,364.81441738369665,354.4810443890207,355.9239807128906,146670500
2021-02-26,357.80453434439335,358.94956512853565,352.1072220812957,354.090087890625,152701600
2021-03-01,358.9588307931296,363.92072482785227,354.2855524299561,362.6732482910156,105348800
2021-03-02,362.89666276485025,363.1293962418053,359.34048841861335,359.84320068359375,79595300
2021-03-03,359.1449892511198,360.11314003050495,354.9743952442966,355.0768127441406,119940200
2021-03-04,354.89067292653556,357.47866839991167,346.1957524741158,350.682861328125,183433000
2021-03-05,354.18311275175654,358.1861456706564,346.9032310579424,357.1341857910156,152039600
2021-03-08,358.09305771331407,360.9044680233819,355.0768407972248,355.3561096191406,123149200
2021-03-09,359.2008783576128,362.9804680067196,358.69816605856334,360.4297180175781,113633600
2021-03-10,362.77566580218155,364.3675549570112,361.3606563767608,362.6732482910156,109899400
2021-03-11,365.1402001712224,368.32397808065963,364.68402325858307,366.35040283203125,86245000
2021-03-12,364.9912616619042,366.9834454384432,364.181353712992,366.84381103515625,64653600
2021-03-15,367.0950750911458,369.29209340626124,364.9539389353393,369.03143310546875,73427200
2021-03-16,369.64592676134737,370.35341719951157,367.7933490003447,368.5660400390625,73722500
2021-03-17,367.2813854421712,370.62343505257456,366.1363264084717,369.8228454589844,97959300
2021-03-18,367.23487982898274,369.32016304138693,363.7624855423874,364.44207763671875,115349100
2021-03-19,364.1412876855865,365.7197211971754,361.59150389696646,363.7677001953125,113624500
2021-03-22,364.28136920712717,368.05466830965446,364.2253325103038,366.67236328125,73778600
2021-03-23,366.0372793939017,367.48494163658637,363.0018346568089,363.786376953125,90686600
2021-03-24,365.1873437728255,366.8218139815274,361.8903850062456,361.93707275390625,97588600
2021-03-25,360.4987874842971,364.7670683556702,358.5560867809132,363.97320556640625,116128600
2021-03-26,365.12196135499164,370.2401983720078,364.5242270663124,369.8385925292969,114409100
2021-03-29,368.362862908593,370.55772850073316,366.87783346614003,369.6517639160156,108107600
2021-03-30,368.38164060411987,369.3436420929392,367.0740414129529,368.6711730957031,76262200
2021-03-31,369.2407713856675,371.72516915261264,369.2127530406712,370.1654052734375,112734200
2021-04-01,372.0988388044274,374.218998554884,371.89336139475535,374.1629333496094,99682900
2021-04-05,376.82474984617124,380.0750207457854,376.7500437520767,379.5332946777344,91684800
2021-04-06,378.9729533834397,380.35522998954474,378.63670467999566,379.3091735839844,62021000
2021-04-07,379.1410856568923,380.0937381170486,378.6834430784203,379.7481689453125,55836300
2021-04-08,380.99973461896406,381.6068179580441,380.06575148102456,381.55078125,57863100
2021-04-09,381.429291282708,384.49275406318844,381.30786894490393,384.3246154785156,61104600
2021-04-12,383.7269586097735,384.7356478067026,383.11987530124844,384.4648132324219,56704900
2021-04-13,384.36203264890395,386.2299986965263,383.9790961887934,385.6042175292969,56551000
2021-04-14,385.5761343766993,386.6315395766929,383.7455359385016,384.2872619628906,61659900
2021-04-15,386.42610852089956,388.68635987083064,386.3794207731198,388.4154968261719,60229800
2021-04-16,389.70430461597556,390.32073665476844,388.2846610890806,389.7136535644531,82037300
2021-04-19,388.7797715143714,389.2280651111477,386.4728323712962,387.799072265625,78498500
2021-04-20,386.5848990980943,387.68699217501296,383.4840687603821,384.95977783203125,81851800
2021-04-21,384.343244378024,388.8076807109441,384.20312416546943,388.6022033691406,66793000
2021-04-22,388.4341116710418,389.2653415229148,383.9883445217175,385.0530700683594,97582800
2021-04-23,385.61357852432894,390.6384119098377,385.5388724213667,389.22808837890625,73209200
2021-04-26,389.8817967410728,390.61030221191777,389.29338299483373,390.0405578613281,52182400
2021-04-27,390.3394793906885,390.53563632822335,388.81708265316865,389.95654296875,51303100
2021-04-28,390.2273272137654,391.34811790549134,389.37739949807,389.8443908691406,51238900
2021-04-29,392.5717631714263,392.94535069156444,388.94790436999523,392.32891845703125,78544300
2021-04-30,390.05929844599274,390.90922633880604,388.8544524767412,389.7510681152344,85527000
2021-05-03,391.74039435817514,392.1233307220207,390.0966040314661,390.59161376953125,68128300
2021-05-04,388.60228003315905,389.09728984022036,384.49276088924864,388.1819763183594,101591200
2021-05-05,389.82583314555814,390.05932889798106,387.74304077290196,388.3034362792969,60162200
2021-05-06,388.37814202679203,391.5350091571525,386.37008425835495,391.4042663574219,74321400
2021-05-07,392.17019603570935,394.9067598070732,391.488378079509,394.2529602050781,67733800
2021-05-10,394.60777566622943,394.83192244153906,390.22739358037734,390.34881591796875,81852400
2021-05-11,385.8283134901169,387.8550402733602,382.9889977008336,386.8650207519531,116888000
2021-05-12,384.0817831997545,385.3519862126641,377.32907683593066,378.64599609375,134811000
2021-05-13,380.1965023474464,385.1279319103437,380.1497860913207,383.194580078125,106394000
2021-05-14,385.93112550205916,389.9285717889335,385.90310715086446,389.0786437988281,82201600
2021-05-17,387.9672291939465,388.90121223521504,386.0712162573868,388.088623046875,65129200
2021-05-18,388.35000213373115,388.59284676095496,384.5860529262142,384.7448425292969,59810200
2021-05-19,380.0563698240923,383.9136956201269,378.57131179137997,383.7362365722656,106467100
2021-05-20,384.6142002311314,389.1253542262279,384.4928063797059,387.8644714355469,78022200
2021-05-21,389.34945519441624,390.59166843930177,387.089232490251,387.546875,76578700
2021-05-24,389.7884757512618,392.5717554519268,389.54563104164197,391.4976806640625,51376700
2021-05-25,392.5810799776849,392.9359980945385,390.0499939116139,390.6290588378906,57451400
2021-05-26,391.2174583544931,391.9085966601107,390.18075089606674,391.4042663574219,43088600
2021-05-27,392.43155906895123,392.94523819922244,391.32943772114305,391.6096496582031,56707700
2021-05-28,393.1788390804018,393.44035318988387,392.07674594064906,392.31024169921875,58520200
2021-06-01,394.67320566118025,394.81329741149153,391.525687491623,391.96466064453125,54216600
2021-06-02,392.6183914671472,393.4216315915621,391.60970246523397,392.5810241699219,49097100
2021-06-03,390.2648359999735,392.2635449713107,388.79847572246956,391.12408447265625,58138800
2021-06-04,392.9732978416649,395.0000532381176,391.1893871156072,394.701171875,55938800
2021-06-07,394.69182475887226,394.8692837876168,393.3842544177777,394.3182373046875,51555000
2021-06-08,395.17753710589864,395.2709411073429,392.57174503386995,394.40234375,47134300
2021-06-09,395.242896577049,395.3176311744139,393.5897570222941,393.81390380859375,48436300
2021-06-10,395.0374784616624,396.5972427580908,393.720558888761,395.6445617675781,51020100
2021-06-11,396.1955848814836,396.410382721431,394.90668383020704,396.2983093261719,45570800
2021-06-14,396.4103860815458,397.2883323557152,395.1682012696967,397.18560791015625,42358500
2021-06-15,397.33503853707737,397.3723773329353,395.5791460332352,396.45709228515625,51508500
2021-06-16,396.5972469543856,396.82139377668875,392.19819454927307,394.24359130859375,80386100
2021-06-17,393.8326399762295,395.0934942745737,391.6377741374557,394.1128234863281,90949700
2021-06-18,390.82940868218697,391.52280806426444,388.5899013988071,388.7960510253906,118676300
2021-06-21,390.5576558078238,394.5494491775668,389.74243684552914,394.3620300292969,72822000
2021-06-22,394.352679752593,397.3043454678535,393.6311417670724,396.4703674316406,57700300
2021-06-23,396.5453419827774,397.35118140093033,395.908162638729,395.99249267578125,49445400
2021-06-24,398.1383434268328,398.75676373658587,397.88532470396706,398.3351135253906,45110300
2021-06-25,399.08464970632076,400.1997276924306,398.75668054638095,399.74993896484375,58129500
2021-06-28,400.2748080498527,400.7245682950884,399.0753997356411,400.555908203125,53159600
2021-06-29,400.9400528954754,401.57723223614346,400.237273994288,400.7713928222656,35970500
2021-06-30,400.3122456149289,401.78340305544015,400.2841356012442,401.1087341308594,64827900
2021-07-01,401.86778124712555,403.48886848690523,401.8021816752853,403.3295593261719,53441000
2021-07-02,404.49143596219454,406.7684327334074,403.41381877275404,406.412353515625,57697700
2021-07-06,406.4686076794865,406.68413685470637,402.9359824093808,405.672119140625,68710400
2021-07-07,406.35612403799763,407.38687211913964,404.34149695894274,407.1057434082031,63549500
2021-07-08,401.7833895422592,404.5476647115918,400.60271181491555,403.7886657714844,97595200
2021-07-09,405.2973236629894,408.3989192878367,403.5919064673389,408.09906005859375,76238600
2021-07-12,408.0147135517589,409.8138402584851,407.58368379970483,409.5608215332031,52889600
2021-07-13,408.77374227084334,410.27300986948524,407.9023031665115,408.1646728515625,52911300
2021-07-14,409.86071097096965,410.3479893837978,407.5274938195921,408.77374267578125,64130400
2021-07-15,407.4337224657248,408.10839135369446,405.4753153622365,407.37750244140625,55126400
2021-07-16,408.5582032401322,408.60504373099667,403.7886802665075,404.1822204589844,75874700
2021-07-19,399.35650617263855,404.24784908958907,395.40220190953943,398.21331787109375,147987000
2021-07-20,398.8785584072042,405.1942176052661,398.0820699298473,403.9198303222656,99608200
2021-07-21,405.1193075123585,407.33073371100517,403.8730586255544,407.1901550292969,64724400
2021-07-22,407.36814723384765,408.28645534613815,406.3842681533673,408.0428161621094,47878500
2021-07-23,409.97316793833465,412.57813441994017,409.2891479785124,412.2408142089844,63766600
2021-07-26,411.6503882088871,413.26209560038063,411.6035477215418,413.2527160644531,43719200
2021-07-27,412.2126221686252,412.24073218061153,408.53941855758904,411.3692932128906,67397100
2021-07-28,411.9970804846023,412.57803977875034,409.7763038167769,411.2005920410156,52472400
2021-07-29,412.1283678734607,413.9836861978173,412.1189883356927,412.9060974121094,47435300
2021-07-30,410.33858897512397,412.35321630587856,410.20738984106623,410.90081787109375,68951200
2021-08-02,412.61558301486065,413.16843236981356,409.68264755521176,410.0387268066406,58783300
2021-08-03,410.83517582420905,413.49636182074306,408.6425090931806,413.3745422363281,58053900
2021-08-04,412.09086705960937,413.3464954516936,411.1069878900075,411.34124755859375,46732200
2021-08-05,412.5031500015922,414.0305275555735,412.1845602964902,413.9461975097656,38969700
2021-08-06,414.2647578157139,415.0518667835452,413.983629086822,414.63018798828125,46930000
2021-08-09,414.60208735027624,414.920677039973,413.5244986888596,414.2928771972656,41222600
2021-08-10,414.7426584888019,415.5204165734043,414.05863858352615,414.8082580566406,43339300
2021-08-11,415.87650932910805,415.9327293616088,414.752051486792,415.8390197753906,44034300
2021-08-12,415.68899640806853,417.2257532062454,414.78944749477773,417.0851745605469,38909400
2021-08-13,417.53496905425794,417.8629382384884,417.0477193437249,417.8442077636719,39470300
2021-08-16,416.54171828206023,418.95926500085824,414.98623095911614,418.8280944824219,73740000
2021-08-17,416.26997110737653,416.9446399663895,413.0934254851267,416.08258056640625,92673900
2021-08-18,415.0706304246031,416.63549754497274,411.28501488582106,411.52862548828125,89351900
2021-08-19,408.8018064511608,413.36520830572493,408.66125638495504,412.165771484375,92812200
2021-08-20,412.512527670003,415.7734038110684,412.02524927934286,415.4454345703125,72008700
2021-08-23,417.132066923601,420.00878201499984,415.52035954108516,419.099853515625,54973000
2021-08-24,419.76519775390625,420.2993166380276,419.2498379439889,419.76519775390625,38744700
2021-08-25,419.952627156467,421.1613864338086,419.57778881704434,420.6460266113281,40529700
2021-08-26,420.3648595615522,420.5991192042751,418.0691322205563,418.162841796875,57829600
2021-08-27,418.96867606210947,422.27642103261843,418.9124560362428,421.901611328125,77235100
2021-08-30,422.5763411373124,424.5441281146891,422.3327019260115,423.75701904296875,48357400
2021-08-31,423.6632387027082,424.0005588501911,422.5294300788062,423.1291198730469,59300200
2021-09-01,424.0661623524176,424.58152211457764,423.11974426960506,423.35400390625,48721400
2021-09-02,424.7783747777005,425.462394702092,423.45714682758916,424.65655517578125,42501000
2021-09-03,423.52271669627993,425.068824666954,423.11976836523195,424.5534362792969,47170500
2021-09-07,424.20672913760086,424.30043871518234,422.3607619842241,423.0354309082031,51671500
2021-09-08,422.501380605156,423.2322696255754,420.5991646484169,422.5201110839844,56181900
2021-09-09,422.3233164530745,424.0755740928611,420.4679696953391,420.71160888671875,57970400
2021-09-10,422.64189201792766,423.06354222411983,417.27265062322766,417.39447021484375,89948200
2021-09-13,420.3930027876443,420.6553724465294,416.1481905625877,418.4626770019531,83738600
2021-09-14,419.9057840546144,420.1119337155956,415.31430007401667,416.2044982910156,78197100
2021-09-15,416.62609222178327,420.17747647552517,415.52039355154807,419.68084716796875,78792200
2021-09-16,419.15611403582216,420.1306135920383,416.0638694935535,419.01556396484375,77786700
2021-09-17,418.2428908298914,418.6658919018536,414.5767094129711,414.9339294433594,118425000
2021-09-20,408.8048283528595,410.38408955076596,403.1457660287209,408.01519775390625,166445500
2021-09-21,410.3559031370975,411.6531636956014,407.10337084294684,407.6297912597656,92526100
2021-09-22,409.9046690416803,413.64604074631075,407.74258725869817,411.60614013671875,102350100
2021-09-23,413.47685522277226,418.21466778281064,413.2418450775607,416.607177734375,76396000
2021-09-24,414.97146438680744,418.00780541065916,414.7552447526697,417.2933654785156,62094800
2021-09-27,416.25933916263614,417.4249802239827,415.40389884937827,416.09954833984375,61371100
2021-09-28,413.3263673075447,413.65538718631905,406.98109458395635,407.7143249511719,130436300
2021-09-29,409.09622503378733,410.83530568589765,407.8365742138815,408.4006042480469,82329200
2021-09-30,409.8764511666684,410.58148154628566,403.07056708218,403.40899658203125,140506000
2021-10-01,405.138703737529,409.88589724112427,401.613551525623,408.2032165527344,129240100
2021-10-04,407.0376200476218,407.9400510802801,400.79573607630226,402.9390563964844,128570000
2021-10-05,404.4430001166101,409.37821255340737,403.6439886722877,407.13153076171875,90682500
2021-10-06,403.5312059070278,409.0304489893108,401.90495407806975,408.8236389160156,113032200
2021-10-07,412.1044146962141,415.19712763222657,411.92580468619974,412.35821533203125,72437500
2021-10-08,413.1290299205683,413.51444998736724,410.9763290353788,411.60614013671875,74557400
2021-10-11,410.9481219621356,413.8622533457,408.5604109808945,408.626220703125,65233300
2021-10-12,409.5474309242927,409.9516414282403,406.83070028385015,407.6203308105469,71181200
2021-10-13,408.645002322282,409.90465316392994,405.6650899688843,409.0868225097656,72974000
2021-10-14,412.7530051375808,416.11836647826146,412.2829848477017,415.96795654296875,70236800
2021-10-15,418.0829930190192,419.50246328838506,417.46256287521214,419.1358337402344,66260200
2021-10-18,417.34974716147195,420.7150792484789,416.6917073911921,420.3766784667969,62213200
2021-10-19,422.00303260856737,423.6856846027925,421.39198327728565,423.6199035644531,46996800
2021-10-20,424.0805016742407,425.5845723051379,423.96770139728164,425.28375244140625,49571600
2021-10-21,424.6821246218787,426.6186059313377,424.2497139854905,426.39300537109375,41305400
2021-10-22,425.96058146063757,427.40825194853414,424.0052810402493,425.951171875,58845100
2021-10-25,427.04157156190274,428.5644324904607,425.264910041171,428.23541259765625,45214500
2021-10-26,429.78654991386077,430.99918156529145,428.2448696453988,428.6208801269531,56075100
2021-10-27,429.0814956872959,429.7489164065924,426.6467655584889,426.72198486328125,72438000
2021-10-28,428.15085513172806,430.9145766067055,428.1414742340312,430.8393859863281,51437900
2021-10-29,428.53625110147857,432.00500278448646,428.244840846289,431.7135925292969,70162400
2021-11-01,432.70059827941714,433.0766374014713,430.72653632741896,432.4562072753906,48433600
2021-11-02,432.6254811267831,434.51497189123603,432.4938616741639,434.2047424316406,48908400
2021-11-03,433.64063991942203,437.25980132111596,433.1988197687567,436.8555908203125,52509800
2021-11-04,437.4571962588007,438.99887631835037,437.1093858933005,438.9142761230469,52847100
2021-11-05,441.1421640991866,442.4300148756388,438.92368249345276,440.4371337890625,66390600
2021-11-08,441.53708204527277,442.0353024166088,440.1270211428771,440.813232421875,50405200
2021-11-09,441.1798210293701,441.41483115793073,437.946079365355,439.35614013671875,51149100
2021-11-10,437.6640656796384,439.35615587855733,434.3363427951768,435.82159423828125,69429700
2021-11-11,437.3162461048895,437.39146541229354,435.9437949662479,435.96258544921875,34848500
2021-11-12,437.23160434083906,439.80730596328203,436.28215431749,439.252685546875,53466700
2021-11-15,440.540515111595,440.7003059029481,438.27501446815774,439.4030456542969,46980500
2021-11-16,439.1398906471806,442.2796223088453,439.0647000337654,441.1421813964844,48857500
2021-11-17,440.87903881691875,441.0576488248933,439.4501874408848,440.07061767578125,47858300
2021-11-18,441.1045462451543,441.82839571024846,438.3784348342673,441.565185546875,50625600
2021-11-19,441.4524364328998,442.70270645083684,440.4090051747564,440.775634765625,57315600
2021-11-22,442.6557009805207,445.1468026589416,439.3279494564215,439.5347595214844,72762000
2021-11-23,439.20580466277784,440.9730857191716,436.60190232452555,440.1176452636719,73206500
2021-11-24,438.115291443818,441.4148429167893,437.2974607646824,441.2926330566406,61858800
2021-11-26,434.6183409737067,436.08480192497507,430.32234880945094,431.4504089355469,112669600
2021-11-29,436.24460804442816,438.5852997432788,434.0449166850697,436.7428283691406,86268800
2021-11-30,434.29873651759567,436.207017697208,428.0004533224309,428.244873046875,148559600
2021-12-01,433.9603158081163,436.8086374124799,423.290850257439,423.4882507324219,131939200
2021-12-02,423.7044938415965,431.54442870471775,423.3096641820062,429.97454833984375,127637800
2021-12-03,431.6383868949673,432.70060850783227,422.0029722635854,426.233154296875,137331600
2021-12-06,428.78067779267633,433.1612699645703,426.36476682296546,431.28118896484375,98977500
2021-12-07,436.5642266881175,440.7662090115453,431.1495840464495,440.2021789550781,95484700
2021-12-08,440.5970169214314,441.8190581603877,438.83911699656346,441.3678283691406,72238800
2021-12-09,440.07997042228766,441.4712407407317,438.19050845590453,438.3879089355469,61272600
2021-12-10,441.0952372334483,442.66508888548304,438.53832579208637,442.5146789550781,77159800
2021-12-13,441.9976072567939,442.3454176220599,438.3126361887649,438.59466552734375,87724700
2021-12-14,435.323378332146,437.8144800719802,432.65366659136504,435.5771789550781,97264100
2021-12-15,435.6335728638,442.6274476583098,433.1142425689226,442.383056640625,116899300
2021-12-16,444.2350081870244,444.517008901416,436.930874118884,438.4819641113281,116568600
2021-12-17,435.3999337829501,438.4092001430193,432.10767604892624,433.81512451171875,135511600
2021-12-20,428.7305989396733,429.59845850346267,425.5798363191293,429.2022705078125,107134800
2021-12-21,432.62657449075914,436.9659586009306,430.4568968299471,436.824462890625,69806300
2021-12-22,436.56976321936594,441.30533523820264,436.37164043974565,441.192138671875,58890200
2021-12-23,442.19206541682075,445.4371678906433,442.08831149730497,443.937255859375,56439700
2021-12-27,445.314514331637,450.26706530467493,445.2673586949308,450.21990966796875,56808600
2021-12-28,450.65374536985973,451.68198561698074,449.08779279147547,449.8518981933594,47274600
2021-12-29,449.9558186671151,451.44628815269533,448.955877247608,450.427490234375,54503000
2021-12-30,450.85198851964896,451.8613726077948,448.72005255913206,449.1822814941406,55329000
2021-12-31,448.6916965613621,449.8425474311,447.77665266265734,448.0502014160156,65237400
2022-01-03,449.31432242601716,450.7765215542985,447.0031490248722,450.6444396972656,72668200
2022-01-04,452.0689566969098,452.7859067844487,448.6351734234885,450.4935607910156,71178700
2022-01-05,450.12563049513625,450.8991788038624,441.7487385385624,441.84307861328125,104538900
2022-01-06,441.380853389721,444.1448419921144,439.0602084439973,441.4280090332031,86858900
2022-01-07,441.4373722231892,442.61655098349416,438.32432302285764,439.6827392578125,85111600
2022-01-10,436.48488919074714,439.3526316532516,430.7304901894249,439.13568115234375,119362000
2022-01-11,438.8715364116939,443.2297770827889,435.8716833675285,443.13543701171875,74303100
2022-01-12,444.8712086177971,446.3900061138433,442.37135493830107,444.33349609375,67605400
2022-01-13,445.4371934481838,446.0881025089078,437.18294108680465,438.211181640625,91173100
2022-01-14,435.06038106331687,438.7394131797268,433.8434604749311,438.390380859375,95890900
2022-01-18,433.6925742478842,433.90011089418675,429.51357096718334,430.626708984375,109709100
2022-01-19,432.17383836585805,433.56996792093884,425.88172635771065,426.1553039550781,109357600
2022-01-20,428.04193941787696,432.749212360242,419.3160155840139,421.43853759765625,122379700
2022-01-21,420.3159330270776,422.6742906855869,413.1371061330772,413.1654052734375,202271200
2022-01-24,407.5525363125253,415.4294573025682,396.9210694706066,414.9200439453125,251783900
2022-01-25,408.52413091783615,414.8067989622443,402.9489701470522,409.854248046875,167997300
2022-01-26,415.75012284723124,418.8820284768249,404.562060038854,408.82598876953125,186391100
2022-01-27,413.42953766606337,416.570857381139,405.1186876310889,406.8072509765625,149878300
2022-01-28,408.1657129140467,416.95767810367454,403.5810789597359,416.9105224609375,164457400
2022-01-31,416.24066741224294,424.7684964246404,414.891693794857,424.4194641113281,152251400
2022-02-01,425.14585473478627,427.9287283515847,421.6177608084225,427.2872619628906,123155400
2022-02-02,429.69282811901024,432.16438269982757,427.38162576079867,431.4380187988281,117361000
2022-02-03,425.40057576602374,427.30611843415994,420.45743842360054,421.2970275878906,118024400
2022-02-04,421.06118368926354,427.1268727004783,418.68394073588917,423.2780456542969,118454400
2022-02-07,424.04216920738406,425.43829858096694,420.58952998140325,421.9196472167969,84472900
2022-02-08,421.4196471387826,426.3155998254575,419.995189934305,425.39111328125,81012000
2022-02-09,429.4286550758493,431.93795122288446,429.23056108197864,431.6172180175781,92589900
2022-02-10,425.7684883309894,431.7775795121979,421.86306271080866,423.8629455566406,140103700
2022-02-11,423.94781485036305,426.0231523425291,414.0710117021737,415.5048828125,153214600
2022-02-14,414.9955773704235,416.5803871294331,410.6750491413109,414.14654541015625,123006300
2022-02-15,418.5896597934599,420.99517327307245,418.0708037959125,420.82537841796875,88482700
2022-02-16,418.77828888356663,422.67430043142383,416.9010453564432,421.2970275878906,84863600
2022-02-17,418.10860542165693,421.2688111349309,411.69388269891886,412.297607421875,102259100
2022-02-18,412.55223985255054,413.806902341528,407.3544387638589,409.6278991699219,132642900
2022-02-22,407.4204966635997,410.8259516984403,401.7321096953835,405.23193359375,124391800
2022-02-23,408.146899453587,408.7129111688608,397.4776894566013,398.043701171875,132578000
2022-02-24,387.732876144503,404.46780255410187,387.3744299437548,404.0338439941406,213942900
2022-02-25,405.26959895160047,413.0333227139032,403.61874859349035,412.94842529296875,121804500
2022-02-28,407.5525226744369,413.37296233027865,406.29788900505855,411.89190673828125,145615000
2022-03-01,410.3919967190823,412.4013221597528,402.9112639395008,405.6186828613281,137785900
2022-03-02,407.87329353346485,414.8068717900214,407.11863049118716,413.08056640625,117726500
2022-03-03,415.51440144025116,416.1181261486952,409.2222893115189,411.0240783691406,105501700
2022-03-04,407.2884145484183,408.81662588103086,403.63768107861074,407.68463134765625,113978200
2022-03-07,407.09969537962036,407.80720269087345,395.60034091096946,395.6663818359375,137896600
2022-03-08,395.84559581407734,403.0055659240811,391.6005521986846,392.6665344238281,164772700
2022-03-09,401.05292680024445,405.1753318232111,398.8643637492097,403.1943054199219,116990800
2022-03-10,398.5813407511495,402.26981595352635,396.6191996494863,401.3736572265625,93972700
2022-03-11,403.86416642535823,404.4773338694842,395.760850181861,396.270263671875,95636300
2022-03-14,397.04364145545367,400.49625143515976,392.23258649023603,393.3740234375,95729200
2022-03-15,395.9870872847089,402.65652931408596,394.7135972445158,402.0245056152344,106219100
2022-03-16,405.5337497664183,410.995685192888,400.7321084005492,410.9390869140625,144954800
2022-03-17,409.02410595061707,416.080322265625,408.646774491688,416.080322265625,102676900
2022-03-18,414.4678490660908,420.95927229277345,413.72975679136624,420.6375427246094,106345500
2022-03-21,420.46719536181837,422.473290713241,417.0038306242203,420.5145263671875,88349800
2022-03-22,421.90556943878335,426.37198236705336,421.90556943878335,425.4351806640625,74650400
2022-03-23,422.8992560796724,424.3943560786695,419.8711681632906,419.9563293457031,79426100
2022-03-24,421.981331093405,426.29633721311484,420.86473496549416,426.286865234375,64736900
2022-03-25,426.920945951498,428.6431714195961,424.3376077493508,428.3687438964844,77101300
2022-03-28,427.77248986490883,431.4156494140625,425.8799424500739,431.4156494140625,68529800
2022-03-29,435.30488770608923,437.24476643262324,432.6174734274144,436.752685546875,86581500
2022-03-30,435.6075988323958,436.4214091697429,431.94552450928234,434.05572509765625,79666900
2022-03-31,433.2893025074121,434.11255605182595,426.9208697553412,427.3750915527344,121699900
2022-04-01,428.9553659870978,429.0973012788602,425.00942048618305,428.5863342285156,89048800
2022-04-04,428.78503448200854,432.3619481479705,427.96178092937987,432.2578430175781,59601000
2022-04-05,430.76271011439627,433.23247058270414,425.65283796639494,426.7978210449219,74214500
2022-04-06,422.8803274607899,424.81070528964915,419.64405824278475,422.5301818847656,106898000
2022-04-07,421.65006696641547,426.4760682966739,419.7007455820255,424.6592102050781,78097200
2022-04-08,423.9021853046342,426.4192765433642,421.9812510537585,423.523681640625,79272700
2022-04-11,420.2496507622423,421.0918483203158,415.78326607146334,416.2847900390625,89770500
2022-04-12,419.2749398176844,421.80150331220403,413.19040683522564,414.7423095703125,84363600
2022-04-13,414.49623018176845,420.24956105130474,414.3164358847849,419.4925537109375,74070400
2022-04-14,419.71974367105213,420.8363687322028,414.1651209368808,414.26922607421875,97869500
2022-04-18,413.3418635849445,416.12391091643246,412.2063234536488,414.4395446777344,66002500
2022-04-19,414.33540185587515,421.8488175877449,414.1650795150678,421.1296691894531,77821000
2022-04-20,422.9086378808468,423.52370998577396,419.6534541721469,420.8173522949219,65224400
2022-04-21,424.44161705872466,425.8326405645599,413.61624352930863,414.524658203125,85417300
2022-04-22,413.4364107712959,414.5435347350055,402.5826511949937,403.1504211425781,132471800
2022-04-25,400.9078312682018,405.6581153210633,396.33731266857023,405.48779296875,119647700
2022-04-26,402.9517005626742,403.15043882373135,393.7160892636341,393.7444763183594,103996300
2022-04-27,394.8231754479945,400.19803127751527,392.7130038669715,394.8515625,122030000
2022-04-28,399.6019274903522,406.5570449371299,395.1639015423122,404.8253479003906,105449100
2022-04-29,400.8320856724879,402.9895886209459,389.1172122790781,389.8647766113281,145491100
2022-05-02,389.93102468617633,393.5741843394114,383.2597775315031,392.2115478515625,158312500
2022-05-03,392.7130700591638,396.4224469103301,391.15169530175734,394.00946044921875,100028200
2022-05-04,394.67183940897127,406.5759792490273,391.48290152050896,406.0082092285156,144247900
2022-05-05,401.7405161814466,402.16635092774,387.44233342518896,391.5775451660156,172929100
2022-05-06,389.0130769201918,392.51427186106486,383.93159238463204,389.24017333984375,151770800
2022-05-09,383.3355021930368,384.5751184962438,375.19754216123187,376.77783203125,155586100
2022-05-10,382.7582178604821,384.26278949238593,373.60776787459224,377.6483459472656,132497200
2022-05-11,376.6832006420824,382.3324561154293,370.9014529815829,371.6490173339844,142361000
2022-05-12,368.45061311196713,374.53514652082424,364.4573366484498,371.26104736328125,125090800
2022-05-13,375.396274457315,381.51866715299093,374.35536749244255,380.1371154785156,104174400
2022-05-16,378.49055876588955,382.26618152652463,376.2384227760437,378.5946350097656,78622400
2022-05-17,384.6886388298432,386.61904522716617,380.9508462343475,386.3824768066406,83029700
2022-05-18,381.8213699453945,382.10524045364286,369.5671161617557,370.8067321777344,117674500
2022-05-19,367.7409305686508,372.96438058327726,366.31204784682575,368.5357971191406,98510700
2022-05-20,372.12213091455766,375.6990443299585,360.09500032544264,368.6966247558594,131432200
2022-05-23,371.72462544104593,376.36138893220135,369.40627257344516,375.59490966796875,76414900
2022-05-24,371.46925335188774,373.92009911254564,366.17011411463403,372.7278137207031,91448800
2022-05-25,371.2326698997725,377.98907865192785,370.8352510778718,376.02081298828125,91472900
2022-05-26,377.25096753960395,385.1712741839689,377.04278616008014,383.5342102050781,82168300
2022-05-27,385.9944981924295,393.0631636990263,385.7957888065358,392.9496154785156,84768700
2022-05-31,391.33149711527295,394.08515718858496,388.00062391684565,390.74481201171875,95937000
2022-06-01,392.8645136255513,393.8770046632853,385.06719773018256,387.58428955078125,86585800
2022-06-02,387.42343703743313,395.0125426179488,385.17130074310455,394.9652404785156,79609600
2022-06-03,390.24327056369185,391.795173302903,387.50855457000824,388.48321533203125,71874300
2022-06-06,392.49542593941146,394.22709420031765,388.49267756993027,389.66607666015625,57508900
2022-06-07,386.1742627730429,393.85799980122914,385.710569071012,393.4037780761719,59272400
2022-06-08,391.6910721501235,393.47954333395916,388.33181201108613,389.1266784667969,64350000
2022-06-09,387.34768809546443,389.61873928900354,379.87213134765625,379.87213134765625,86289800
2022-06-10,373.6645695586442,374.5162101273659,368.8101807755536,368.85748291015625,132893900
2022-06-13,359.442032834515,361.2967210051914,353.2439234260221,354.85260009765625,170004900
2022-06-14,356.60326183152415,357.6346967344851,350.6795790257293,353.7833557128906,104011800
2022-06-15,357.0858572117837,363.2744957746672,352.12739188091416,358.8270263671875,125666800
2022-06-16,350.60392594515343,351.01081676127995,344.5193632718366,346.9512939453125,134473300
2022-06-17,347.36661545178714,351.04450954430285,344.1924117569051,347.69921875,111113900
2022-06-21,353.4299145965904,357.8395764065463,353.3538694431423,356.4520568847656,76811900
2022-06-22,352.2229054186672,359.9208378596493,351.8047441204501,355.8057861328125,90059400
2022-06-23,357.94408234086904,360.02534683784137,354.3802275814878,359.2935791015625,79292100
2022-06-24,362.46781975387455,370.7264623574381,362.4393100729595,370.7169494628906,98050300
2022-06-27,371.63875334523215,371.9333630110348,368.2079631712672,369.3008728027344,66009600
2022-06-28,370.859513206885,373.6440649503389,361.6409966809316,361.7550354003906,86548900
2022-06-29,362.3062847809654,363.29463974904866,359.63577158326706,361.46044921875,65676000
2022-06-30,357.56399038001507,361.7646008408261,354.0666671292307,358.52386474609375,112508300
2022-07-01,357.8680810567147,362.7529525002182,355.2450743514729,362.3157653808594,74839700
2022-07-05,357.221845993929,363.0190563072348,354.38975859425415,363.0000305175781,81438000
2022-07-06,363.1425872465519,366.7159554565062,360.75719981096245,364.22601318359375,70426200
2022-07-07,366.0031669220348,370.47936086311995,364.2449925833958,369.6810607910156,64525900
2022-07-08,368.0464848680788,371.24922746104284,366.5164167860133,369.37701416015625,72397800
2022-07-11,366.6969600116307,367.66631821985214,364.4636048722329,365.1573791503906,58366900
2022-07-12,364.6061122917404,366.99152847059673,360.17742508846254,361.92608642578125,62219200
2022-07-13,356.48059143871535,362.9620635927919,356.0624300737601,360.0254211425781,84224600
2022-07-14,355.0644304558433,360.2343976523002,352.62202423836516,359.1510009765625,89704800
2022-07-15,363.56071631441466,366.12670351443825,361.6505097570627,366.0126647949219,79060400
2022-07-18,369.10138727564373,369.77613578928634,361.76459566817937,362.9905700683594,63203600
2022-07-19,366.9154789894388,373.3684403556091,366.2597563730755,372.7982177734375,78506000
2022-07-20,372.98834417392436,376.5902220427515,371.6198214217243,375.1741638183594,71843800
2022-07-21,374.59442084284586,379.0421048535145,372.1900078667484,378.9945983886719,64903900
2022-07-22,379.1181409721045,380.3155764832449,373.2543990144218,375.4782409667969,72197300
2022-07-25,376.10550632547137,376.78976766133366,373.6915803624673,375.9344482421875,53631500
2022-07-26,374.2903346496475,374.4994153201888,370.59344384206173,371.4867858886719,52946400
2022-07-27,374.78449853291994,382.8815960228277,374.4898888264092,381.1329345703125,82342100
2022-07-28,381.9407350618802,386.60698374585616,378.38636390787866,385.9132385253906,73966600
2022-07-29,387.34821021334864,392.527690422346,386.5784199514736,391.539306640625,87003700
2022-08-01,388.84033261494034,392.8888811641739,388.1275616169894,390.3799133300781,69997500
2022-08-02,388.81179345563703,392.49919977922883,386.62597416207234,387.8044128417969,63435400
2022-08-03,389.9332356443753,395.0461841555904,389.6481388511842,393.87725830078125,67820600
2022-08-04,393.80123040665455,394.48549174301655,391.96703995040895,393.6111755371094,45656600
2022-08-05,389.32504829644654,393.5921616324373,389.2680289335886,392.9459228515625,56814900
2022-08-08,394.63757214293867,396.8899240250277,391.3873233872075,392.48974609375,53886100
2022-08-09,391.7579620888554,392.26165245097286,389.8572393634721,390.93115234375,44931800
2022-08-10,397.9923133525369,399.284819832152,396.0345713490144,399.1422424316406,68665700
2022-08-11,401.99332639825303,403.8560554717358,398.40096176043045,399.1422424316406,59489700
2022-08-12,401.0810138483799,406.0038788583054,400.130652464098,405.89935302734375,61694500
2022-08-15,403.6849254995712,408.09461548737096,403.6279061465154,407.5718994140625,54048300
2022-08-16,406.4980871972697,410.29953275176706,405.69027421639345,408.37030029296875,59289000
2022-08-17,404.7684215424708,408.18021543915523,403.4664310836019,405.4716796875,63563400
2022-08-18,405.671185528094,407.3343177003201,404.3787081612712,406.65008544921875,49023200
2022-08-19,403.884538856435,404.1506388492187,400.31117123671885,401.1855163574219,68016900
2022-08-22,396.34816754384633,396.5192546194772,391.92899331076484,392.83184814453125,77695600
2022-08-23,392.4041873745743,394.7991164880296,391.3302744311885,391.8815002441406,49105200
2022-08-24,391.65345676755487,394.5045412160434,390.96922434253923,393.13604736328125,49177800
2022-08-25,394.62806490293383,398.73363317866927,393.53515507562247,398.6861267089844,50942300
2022-08-26,398.5720522592657,399.1137361754967,385.13392912672487,385.1909484863281,103087000
2022-08-29,382.2353030427063,385.6946028813485,381.284941800932,382.6439514160156,65370800
2022-08-30,383.8034109464827,384.0410012678557,376.34306905482566,378.443359375,85652400
2022-08-31,380.07799803546214,381.3229690519403,375.4307462340977,375.56378173828125,76029700
2022-09-01,373.3874742240931,377.08436469022797,370.678938652205,376.74224853515625,78740100
2022-09-02,380.4106274783638,381.62708880615634,370.95452075647603,372.76971435546875,99632100
2022-09-06,373.61557203339373,374.5564205138696,369.1393780774377,371.36322021484375,76637400
2022-09-07,371.0496273293859,378.80458052107474,370.83106274975944,378.0347900390625,70964200
2022-09-08,375.7633523475096,380.96180059480923,374.5563749860969,380.5056457519531,80821700
2022-09-09,382.7484910278691,387.28173287628084,382.48239103068937,386.4169006347656,76706900
2022-09-12,388.48874399097315,391.2923218090903,388.1846213728781,390.5700378417969,69256300
2022-09-13,381.883702988719,383.09068051072757,372.4656471755256,373.5870666503906,122947100
2022-09-14,374.88902163325827,376.53315711649486,371.7053054907733,375.0125732421875,85023700
2022-09-15,373.4539664457312,376.3050503313671,369.48146319239925,370.75494384765625,87633800
2022-09-16,366.57141249187293,368.5848978908551,364.634226366037,367.92645263671875,103084800
2022-09-19,364.77744712887517,370.7797546386719,364.701089599931,370.7797546386719,73278500
2022-09-20,367.4493811490609,368.4609000016925,363.7659311992638,366.52374267578125,77274900
2022-09-21,368.4513532726731,371.5050138173394,360.12063601648464,360.13018798828125,106746600
2022-09-22,359.3571850053135,360.99852235439477,356.3608073472819,357.1051330566406,89472600
2022-09-23,353.63161092219536,353.66978968711527,346.67503807204696,351.1219177246094,122346900
2022-09-26,349.652370039799,353.2785667174396,346.4269485005134,347.6484069824219,92581200
2022-09-27,351.1886392749828,353.4597949219976,344.36564948559527,346.7608642578125,108294100
2022-09-28,347.71513749904915,355.27290112408883,346.01654670922136,353.5838623046875,110802200
2022-09-29,350.03404240715685,350.3203103402681,343.24923029563433,346.1979064941406,112952300
2022-09-30,345.25315265968237,349.17519794486384,340.7108699138818,340.8444519042969,153711200
2022-10-03,344.5660844856892,351.6944470852205,342.78161312339256,349.8431701660156,89756500
2022-10-04,355.36842016959133,360.71231209913736,349.8050658415785,360.6836853027344,103602800
2022-10-05,356.3131686288688,362.10553742457495,353.984758743087,359.84393310546875,88065700
2022-10-06,358.44114174816866,361.3993701215644,355.6355993235401,356.1318359375,82333500
2022-10-07,352.09525889115315,356.2176918591457,344.432509914981,346.1979064941406,107789500
2022-10-10,347.3143728510966,347.55293916401916,341.31206538570666,343.5545654296875,76042800
2022-10-11,341.8559778454328,346.4269166005978,339.44168789952687,341.37884521484375,92482800
2022-10-12,341.7891897787711,343.36372158176107,340.0046893387279,340.2528076171875,76991800
2022-10-13,333.23895758959026,350.7020290219594,332.18925999717504,349.2324523925781,147254500
2022-10-14,351.6944243183575,353.3262387618921,340.6344942548241,341.27386474609375,123737000
2022-10-17,347.3621566992135,351.1505914925585,340.9399400894957,350.04364013671875,93168200
2022-10-18,357.97349374132114,358.2788655814361,350.711520738244,354.15643310546875,97162900
2022-10-19,352.11433970586495,354.8435535760599,348.8316647816131,351.6467590332031,79746900
2022-10-20,351.19826004641624,355.62606505287266,347.9346598802896,348.6980895996094,88283100
2022-10-21,348.4213409562037,357.65862205185954,346.91361459894165,357.1719665527344,131038400
2022-10-24,358.698788584184,362.67805847697105,356.0459031598392,361.54248046875,85436900
2022-10-25,361.46620527093705,367.6307517074169,361.3516980804559,367.31585693359375,78846300
2022-10-26,364.1667310883198,369.8541443090124,363.90908993272876,364.5484313964844,104087300
2022-10-27,365.55039117436706,367.3921160917615,361.9814193866082,362.6017150878906,81971800
2022-10-28,362.49669033266815,371.7053430142965,362.31537762818976,371.22821044921875,100302000
2022-10-31,368.7662749442344,370.6366267278111,367.64024890976526,368.5467834472656,96631300
2022-11-01,372.29707747025043,372.5356437948338,365.76035435229414,366.93408203125,85407600
2022-11-02,366.34247921682703,370.85616501782636,357.6205086522629,357.7254638671875,126990400
2022-11-03,354.4809155332156,357.08607016392386,351.92349163838855,354.0419616699219,87100100
2022-11-04,359.757931265836,361.54240228662275,353.07807577814145,359.1376647949219,103505200
2022-11-07,360.4354853214063,363.164698821556,358.3551942624768,362.57305908203125,68286900
2022-11-08,363.68004778364957,367.50666109536877,360.44510344190144,364.52935791015625,84641100
2022-11-09,362.55401428993724,363.7086962893126,356.52305050737357,357.019287109375,78495500
2022-11-10,370.3026114178393,376.9729451885855,368.00285783726986,376.6389465332031,141455800
2022-11-11,377.4977734770305,381.08582000984256,375.60831786460767,380.28424072265625,93839900
2022-11-14,378.51889318368023,381.8778966959395,376.7725713035823,377.04931640625,71903500
2022-11-15,382.80348568869397,383.9104368342091,376.4480758536066,380.26513671875,93194500
2022-11-16,378.63338733958733,379.5876526465697,376.73440869768956,377.3642272949219,68508500
2022-11-17,372.60235165729927,376.8870218611101,372.2970089506476,376.20947265625,74496300
2022-11-18,379.54944898801807,379.61625454437336,375.0644198124641,377.91766357421875,92922500
2022-11-21,376.5913098444823,377.7173360224795,374.701853876587,376.5435791015625,51243200
2022-11-22,378.49034101602433,381.77301676197175,377.0780175507628,381.61077880859375,60429000
2022-11-23,381.2766458135579,384.5020668220049,381.0476314864747,384.0154113769531,68261600
2022-11-25,383.45237179541095,384.4829945177539,383.17565585566234,383.92950439453125,30545400
2022-11-28,380.8377796763317,382.4791173493977,377.0397928537372,377.80322265625,67881600
2022-11-29,377.9368028939053,379.12963465297184,375.3125730239588,377.1543273925781,52310000
2022-11-30,377.4022961086095,389.0347900390625,375.4842430552465,389.0347900390625,144566700
2022-12-01,390.0750097932602,391.24876657686235,386.2388738341099,388.74859619140625,76398200
2022-12-02,383.8531695839399,389.20658327820155,383.7482143923798,388.300048828125,85342700
2022-12-05,385.4754615098056,386.4106228219642,379.9598094992948,381.3148498535156,77289800
2022-12-06,381.1526671084108,381.69657620844976,373.7284840801718,375.81829833984375,77972200
2022-12-07,374.9689850432598,377.54551283524984,374.0433465972937,375.1789245605469,65927900
2022-12-08,377.068403979044,379.18684498444895,375.2839034087124,378.1180725097656,60737900
2022-12-09,376.877540928146,379.43496494979524,375.1693978824169,375.29345703125,81447700
2022-12-12,376.08549280299235,380.70416259765625,375.41752454941917,380.70416259765625,75405800
2022-12-13,391.4586555975836,391.7162967072409,380.81860487443333,383.5859680175781,123782500
2022-12-14,383.24246302501166,386.95456892239247,378.18486871743545,381.133544921875,108111300
2022-12-15,376.2667660559643,377.17332966722427,370.1499515992905,371.81036376953125,117705900
2022-12-16,369.25170439241776,370.59380455921166,365.28292038092803,367.4206848144531,119858000
2022-12-19,367.6124594366193,367.9479918227815,362.63707790509415,364.30511474609375,79878100
2022-12-20,363.54785469861747,366.42379682476735,362.22491663969316,364.8036804199219,74427200
2022-12-21,367.40158229485894,371.3895586231339,366.864742140629,370.25836181640625,78167400
2022-12-22,367.2098622997301,370.2391914907207,359.27226326962426,364.9762268066406,100120900
2022-12-23,363.9504836726347,367.2194748542559,362.3974795479765,367.07568359375,59857300
2022-12-27,366.96055483629175,367.3056537714611,363.95038870900765,365.6280212402344,51638200
2022-12-28,365.5609112966341,367.53575137567236,360.85397945187947,361.08404541015625,70911500
2022-12-29,363.9312961910967,368.4561128288235,363.4040225980941,367.583740234375,66970900
2022-12-30,364.89952091921486,366.75926975895635,362.7808893302895,366.615478515625,84022200
2023-01-03,368.4752380300906,370.45004902050835,362.20567683665195,365.0720520019531,74850700
2023-01-04,367.33444063245616,369.9227998702252,364.2859494452824,367.8904724121094,85934100
2023-01-05,365.93488176571645,366.0499147712704,363.09729369153195,363.691650390625,76970500
2023-01-06,366.78808812845034,373.1535212621608,363.720433830714,372.0318908691406,104189600
2023-01-09,374.2271369047477,377.4194487549502,371.6388067821009,371.8209228515625,73978100
2023-01-10,371.2361537559992,374.4955486092587,370.29666890331214,374.4284362792969,65358100
2023-01-11,376.010165101327,379.2408011692247,375.195309209713,379.1640930175781,68881100
2023-01-12,380.2665995563064,382.0113152345906,376.19234893637963,380.5445861816406,90157700
2023-01-13,377.3427015811747,382.59609870511895,377.07428153867187,382.0209045410156,63903900
2023-01-17,382.00182771240605,383.67946066780075,380.64053552756593,381.3211669921875,62677300
2023-01-18,382.5098268846119,383.5739112290624,375.09947353048597,375.30078125,99632300
2023-01-19,373.2588930285292,374.9077675297641,371.2457571335137,372.5686950683594,86958900
2023-01-20,373.9683274907241,379.6626949440639,372.31945292080763,379.5093078613281,91806400
2023-01-23,380.31452159871134,385.9992925218667,379.3558743905331,384.0628356933594,84178800
2023-01-24,382.385274229188,384.56139326464876,381.1965608316531,383.65069580078125,59524900
2023-01-25,379.57642171380235,384.12999652768013,377.28524055423935,383.7944641113281,84800300
2023-01-26,386.4594777963223,388.1754645974599,383.4876654146606,388.0124816894531,72287400
2023-01-27,386.9675045085401,391.2814165991372,386.75660096944296,388.9039611816406,68346200
2023-01-30,386.1431078861568,388.3767724039486,383.7273273025726,384.0245056152344,74202000
2023-01-31,384.5421605238492,389.71884961340345,384.19703231489694,389.6709289550781,86811800
2023-02-01,388.45345165426824,396.5636286134995,385.7117345077939,393.8122863769531,101459200
2023-02-02,397.7044585259437,401.0118038596773,395.80635533927733,399.5450744628906,101654500
2023-02-03,394.56960600643197,399.72713273402843,394.09028239614366,395.2981872558594,94736800
2023-02-06,392.844029913755,394.28200066117023,391.2239138645533,392.8823547363281,60295300
2023-02-07,391.9620943439746,399.26698166926644,390.7158646278332,398.020751953125,90990700
2023-02-08,396.04588185821166,397.3879819496503,392.97819943013377,393.6684265136719,76227500
2023-02-09,397.27301170174235,397.42639877292254,389.02863947326034,390.2557067871094,78694900
2023-02-10,389.0765695741987,391.54989593055205,388.26174279369724,391.16644287109375,70769700
2023-02-13,391.8183353582287,395.8925864844252,391.3581741107854,395.75836181640625,64913500
2023-02-14,394.23416412394835,397.8866085323106,391.6170753346043,395.5762939453125,88389300
2023-02-15,393.38091503799455,396.9374882356896,392.5373007553342,396.8608093261719,61555700
2023-02-16,391.88540381719497,395.83502566820573,391.2622889776,391.396484375,76431500
2023-02-17,389.26831273199565,390.6583629922171,387.34142233465536,390.418701171875,89257800
2023-02-21,386.3923171645057,387.4468348785111,382.3276626184369,382.58648681640625,82655900
2023-02-22,382.9987512663258,384.54218860202,380.6021330632425,382.0592956542969,83742300
2023-02-23,384.95439045031753,385.567938737912,379.86397585252666,384.09161376953125,96242400
2023-02-24,379.06835418151985,380.82266598812186,377.3619630409599,379.9886474609375,108194400
2023-02-27,383.33429643374495,384.69558849089844,380.34332149757034,381.2828063964844,80444700
2023-02-28,380.80348526155615,382.7687005643169,379.76812977335084,379.87359619140625,96438600
2023-03-01,379.058688324708,380.2857555557943,377.1126357022291,378.4163818359375,99706800
2023-03-02,376.4415712731506,382.20305024263513,376.1060389057773,381.35943603515625,85127800
2023-03-03,383.1808362617319,387.7248435531671,382.52896323446737,387.4755859375,90120000
2023-03-06,388.3000515971973,390.6008283701899,387.3030795348652,387.7440490722656,72795900
2023-03-07,387.69614979307676,387.9358116155142,381.1869265041094,381.8004455566406,108310600
2023-03-08,381.9155020986243,383.18089426793244,380.18991944950625,382.423583984375,74746600
2023-03-09,383.2096475110798,384.8777136423342,374.3805144113086,375.367919921875,111945300
2023-03-10,374.82154566343945,376.9018234388532,368.4273837504072,369.9516296386719,189253000
2023-03-13,366.02119060262316,374.24640233279405,364.90915601939173,369.42437744140625,157790000
2023-03-14,374.35173718346283,377.17975816787913,371.0443925918974,375.5308837890625,149752400
2023-03-15,369.9324515707467,373.3835587348281,367.84257804775535,373.1822509765625,172996900
2023-03-16,370.8239247170232,380.074864540284,370.3158428605711,379.729736328125,143254200
2023-03-17,378.39793151645165,379.5334454433477,373.9039499902757,375.2896728515625,140553400
2023-03-20,376.06913373609086,379.3121292855333,375.3666692245707,378.8983154296875,93055800
2023-03-21,382.2663494662777,384.35456598955216,380.6689183022078,383.8734130859375,91524200
2023-03-22,383.7002319906284,387.3184821097673,377.2912713410689,377.3297424316406,111746600
2023-03-23,380.1974338773298,384.239130397535,375.6361133164018,378.3498229980469,119351300
2023-03-24,377.069990985465,380.91921510254883,374.7219619246639,380.8326110839844,107682400
2023-03-27,383.1132717788515,383.8831342228275,380.64977069262744,381.5447082519531,74010400
2023-03-28,380.8518079845922,381.54466943004763,378.8502245684134,380.688232421875,62871700
2023-03-29,384.8549788100607,386.4620425314962,383.65209647484517,386.2214660644531,77497900
2023-03-30,388.85816364557934,389.1083725616801,386.6160039583287,388.4828796386719,69840000
2023-03-31,389.4067476454537,394.25677808538353,389.3008787149844,393.9584655761719,112062600
2023-04-03,393.43880732243116,395.8638078292274,393.0442583450311,395.45965576171875,67391100
2023-04-04,396.10434874148575,396.39305813101834,391.8894442126204,393.26556396484375,66601500
2023-04-05,392.53424390704595,393.2944738697264,390.5807639021192,392.2359313964844,65200200
2023-04-06,391.43719778873736,394.0450681714436,390.38828778154027,393.7659912109375,63743300
2023-04-10,391.2832175790923,394.2471364215444,390.6673570273508,394.1701354980469,63681000
2023-04-11,394.7956238624572,395.6809288356751,393.50613749381705,394.2759704589844,59297900
2023-04-12,396.34496122221753,396.6336706379783,392.08195275810823,392.6689453125,86420400
2023-04-13,393.75631259262076,398.2406615136449,392.6111662470231,397.8846130371094,85814800
2023-04-14,397.24953269593004,399.44358917464797,394.6031912280039,396.9127197265625,78161500
2023-04-17,396.8260563212096,398.3561190896004,395.5943060151768,398.3368835449219,66436400
2023-04-18,399.9150951800139,400.0498321097644,397.2206502574761,398.59674072265625,63560000
2023-04-19,396.68177851295354,399.43395956292494,396.6240425026219,398.5294189453125,55227300
2023-04-20,395.709795357126,398.1059569841909,394.805225474454,396.35455322265625,75840400
2023-04-21,396.6528431301023,397.124363590132,394.70899592221565,396.6624755859375,73457400
2023-04-24,396.46043453439125,397.4997414469219,395.12284448225694,397.0763244628906,64332100
2023-04-25,395.103539346267,395.661693208056,390.7154268377835,390.7731628417969,97766700
2023-04-26,391.3890687387205,392.46684668077467,388.55988695720504,389.1180114746094,80447000
2023-04-27,391.6584847650015,397.13400745421603,391.4082758440462,396.86456298828125,92968400
2023-04-28,395.9792514788031,400.2615245465103,395.92151547329547,400.25189208984375,89433100
2023-05-01,399.8092473425676,401.8781992260224,399.61677440898023,399.8477478027344,62122300
2023-05-02,399.1355841651367,399.18371707766147,392.4475761726746,395.3537292480469,103998500
2023-05-03,395.8541433677578,398.2695405891648,392.39946868953274,392.6400451660156,91531800
2023-05-04,391.5911783811914,391.9183589011733,388.5214198537967,389.8590393066406,94901900
2023-05-05,393.4965450134205,398.125234465571,393.2367329689119,397.0763244628906,87891800
2023-05-08,397.4035003706773,397.6633124121759,395.7772009206819,397.1821594238281,50046800
2023-05-09,395.6328110527547,396.5566164511649,395.2093941269741,395.4403381347656,49220100
2023-05-10,398.27919887504333,398.914324338217,393.4580365761441,397.28802490234375,96142900
2023-05-11,396.4219762908843,396.8838643849846,394.5165998009732,396.5951843261719,70157100
2023-05-12,397.8365674670435,398.04827596600416,393.6505304091499,396.0755310058594,70481500
2023-05-15,396.68175616777665,397.8461381335402,394.7667767427343,397.4419860839844,54289400
2023-05-16,396.3353398421656,397.2591747577228,394.77640880213,394.7860412597656,57705500
2023-05-17,396.80689259108277,400.1845667461961,395.1613575223225,399.5783386230469,87287000
2023-05-18,399.2607196795313,403.8509377054382,399.0394081133319,403.4275207519531,97177200
2023-05-19,404.33207636027197,404.8613328497813,401.61836671819003,402.8404846191406,103793300
2023-05-22,402.85977985297563,404.54381527738377,401.6183969458684,403.0041198730469,60745400
2023-05-23,401.35854756315524,402.9367433972177,398.08671324851565,398.48126220703125,86383500
2023-05-24,396.8741825133282,397.2590989710873,394.42991748733095,395.59429931640625,89213700
2023-05-25,399.1067150856023,400.4732023013642,396.86455539773374,399.0201110839844,90961600
2023-05-26,399.6745569554337,404.90950419232723,399.5975853933837,404.1877746582031,93830000
2023-05-30,406.1219771957275,406.6512337191027,402.955982410714,404.3417053222656,72216000
2023-05-31,402.5133634004825,403.41793341434715,400.53101533620446,402.0995788574219,110811800
2023-06-01,402.3304796935779,406.9784337458306,401.0794937409788,405.9198913574219,88865000
2023-06-02,408.49887873292437,412.5790465929496,407.9696222034908,411.78997802734375,91426200
2023-06-05,412.1363990044285,413.4258854781173,410.29839108056865,411.0008850097656,65460200
2023-06-06,410.5871214183071,412.4251000685976,409.93273100728186,411.8958435058594,64022200
2023-06-07,412.2903604628489,413.4258744271593,410.0481711705742,410.4715881347656,85373300
2023-06-08,410.5389180982335,413.40660011091546,409.7690851631247,412.9543151855469,61952800
2023-06-09,413.7530790281272,415.7065590310339,412.70416901348756,413.6953430175781,85742800
2023-06-12,414.67685648093624,417.52527361997466,413.9551270818145,417.4482727050781,76104300
2023-06-13,418.91104452208407,420.84525956412307,418.2470510492617,420.2005310058594,95899700
2023-06-14,420.53738266663987,422.51009835206776,417.24628300428765,420.7009582519531,100612100
2023-06-15,419.8829186958016,427.167581376933,419.78671159999425,425.9165954589844,110303100
2023-06-16,427.9044446994593,428.47431075878063,423.99263976838114,424.4659118652344,114165800
2023-06-20,422.5245090371962,423.41310274296666,420.187064856413,422.2637023925781,76160400
2023-06-21,421.2784119248558,422.08007971224396,419.510834231047,420.10003662109375,76982300
2023-06-22,419.14386433493524,421.7227488220665,418.80580025695025,421.61651611328125,70637200
2023-06-23,418.1586317913709,420.21596194306784,417.71433502111864,418.4290771484375,92074500
2023-06-26,417.8592449307871,419.7813378209466,416.4780427984246,416.7195129394531,72823600
2023-06-27,417.59847607026,421.90629521825156,417.1445110170716,421.28814697265625,72813700
2023-06-28,420.20636537536024,422.5148342796088,419.5882170864921,421.50067138671875,75636000
2023-06-29,421.0852585523664,423.32610840810986,420.679605245235,423.1618957519531,67882300
2023-06-30,426.3782705598957,429.1406745135059,426.05951350289007,428.1554870605469,104964000
2023-07-03,427.8078209721531,428.92821645735074,427.5277073626863,428.64813232421875,32793400
2023-07-05,426.8322751907773,428.7447292814146,426.8226069528998,428.0106506347656,58418400
2023-07-06,424.4271947095155,425.08398633253137,422.147701549894,424.65899658203125,80658300
2023-07-07,423.664201015191,427.5373915505045,423.3454439189286,423.5869140625,86134200
2023-07-10,423.22948292340993,424.83284798641813,422.6596170025875,424.65899658203125,62443500
2023-07-11,425.422125413234,427.85613393293494,424.4465765671181,427.363525390625,64463800
2023-07-12,431.1593719486746,432.21217806227327,429.72985832515656,430.8019714355469,91924500
2023-07-13,432.6178568057713,435.01325098389225,432.18322827988203,434.2212219238281,72425200
2023-07-14,435.1099046958951,435.9598548665001,433.18778225181745,433.9508361816406,69815800
2023-07-17,433.80596349270843,436.5104174127122,433.7576517763609,435.4576110839844,52680200
2023-07-18,435.1291664096603,439.3403912522435,434.69450839296843,438.6932678222656,80668200
2023-07-19,439.48527308096357,440.85680681351107,438.61595709471186,439.6687927246094,65891700
2023-07-20,438.6739839174844,439.5722457578469,436.0371193951603,436.7518615722656,70591600
2023-07-21,438.47112777830426,438.6739839174844,436.74222281063936,436.7518615722656,71275600
2023-07-24,437.9011836363661,439.5142168422899,436.86768455433304,438.702880859375,54023400
2023-07-25,438.4325069587421,441.15626767500714,438.3841952460214,439.900634765625,55191200
2023-07-26,438.9636767908251,441.3976848440359,437.91087066746417,439.96820068359375,71052900
2023-07-27,443.35849914141073,443.7641819600167,436.1433699333953,437.0513000488281,92194400
2023-07-28,440.3256151682766,442.16078225681895,437.05126606431355,441.33013916015625,80011800
2023-07-31,441.80343186125066,442.52784228350436,440.48981896786944,442.17047119140625,62040400
2023-08-01,440.7022647310359,441.64883818871544,439.94887915495036,440.9051208496094,55291500
2023-08-02,437.78533196247287,438.0461090832154,434.01840394785836,434.77178955078125,93933400
2023-08-03,432.7531252299224,435.4092967139093,432.10597229878186,433.52581787109375,64276100
2023-08-04,435.34169055011716,437.44730311288595,431.0435102343316,431.5650939941406,100128900
2023-08-07,433.40023969323573,435.4865451527169,432.7048045400754,435.3320007324219,58357500
2023-08-08,432.7917203880473,435.3223520518387,430.0775985479417,433.4388732910156,71361300
2023-08-09,433.7093468244431,433.87355948928627,429.77820586959297,430.541259765625,78789600
2023-08-10,432.89806860953695,436.2883192623018,429.52715443542036,430.69586181640625,93005500
2023-08-11,428.82196893936987,431.4588333292262,428.22312774254544,430.44464111328125,68690900
2023-08-14,429.5270825673996,432.8207092285156,429.2179937241371,432.8207092285156,47867400
2023-08-15,431.0435212704258,431.40092184966306,427.2089741403311,427.77886962890625,75707500
2023-08-16,427.36350074460506,429.0248164729432,424.53347780183003,424.6397399902344,80107200
2023-08-17,426.10788651233355,426.3686636613096,420.8824689600864,421.404052734375,95711300
2023-08-18,418.58363133261804,422.6403412596287,418.2359284981317,421.6068420410156,98852000
2023-08-21,422.6210106803204,425.09366245894176,420.4671159807588,424.3499450683594,68719000
2023-08-22,426.12717844156236,426.12717844156236,422.64036376815267,423.2005615234375,64994200
2023-08-23,424.2629746548355,428.5321790825302,424.1180984870437,427.91400146484375,68441000
2023-08-24,429.51743829068363,430.0293538199984,421.95457682823127,421.98358154296875,88517300
2023-08-25,423.7124409886771,426.2430431246683,420.15800790417546,424.95843505859375,102325100
2023-08-28,427.1509825528838,428.2714074691659,424.95844443108183,427.65325927734375,61595400
2023-08-29,427.5470082557006,434.1150135078099,427.3634885979469,433.83489990234375,83081900
2023-08-30,434.1730052474849,436.2593109157671,433.4679017861337,435.621826171875,69053900
2023-08-31,436.23991629050073,437.3796481914474,434.80076379653127,434.9842834472656,66084600
2023-09-01,437.7080777747482,438.1910180232257,434.3371347964679,435.7956237792969,58944100
2023-09-05,435.35132185994263,435.670049450585,433.8445506606034,433.9121398925781,55166200
2023-09-06,433.1008518755981,433.2071140684911,428.6674634922226,430.9952392578125,70758500
2023-09-07,427.991344757898,430.34809581436866,427.6436418854697,429.6719970703125,70355400
2023-09-08,429.72022009729625,431.85480770691146,429.3628490355431,430.3190612792969,61659700
2023-09-11,432.94631377147886,433.4582293140434,431.2367157088773,433.149169921875,60180100
2023-09-12,431.70030728737913,433.2263855290798,430.19353604446763,430.7730407714844,67565400
2023-09-13,430.99521597971284,432.4343685526933,429.8940980148542,431.27532958984375,60199300
2023-09-14,433.7479319521232,435.68933157331315,432.44398747582267,434.993896484375,83430800
2023-09-15,433.4072542770486,433.7368084981918,429.3168595859164,429.7530212402344,111848900
2023-09-18,429.4428320631367,431.3038771522312,428.96789063501143,430.0050354003906,55752200
2023-09-19,429.084142775809,429.6754234765873,426.42830474295727,429.11322021484375,66514600
2023-09-20,430.37343562796866,430.7902222343529,424.9647937662987,425.1683654785156,82562600
2023-09-21,422.31858757052555,422.5802845540439,417.98587113932,418.1409606933594,104095800
2023-09-22,419.16839709834846,420.7677155797648,416.7839285170148,417.20074462890625,100829700
2023-09-25,415.98921273506426,418.9939809228333,415.5530214405492,418.9552307128906,70874500
2023-09-26,415.91160628125357,416.6191968671865,411.9665987111882,412.8002014160156,96168400
2023-09-27,413.97300260416256,414.5352059296986,409.32043434886083,412.9649353027344,104705800
2023-09-28,412.4124571151363,417.035947852058,411.8211763569914,415.35906982421875,92258300
2023-09-29,418.4123608156291,418.5868254716406,412.8292551807975,414.3510437011719,115111300
2023-10-02,413.51746849079825,415.43666857523283,411.42380373877234,414.186279296875,83798600
2023-10-03,412.00536625897985,414.2444181473067,407.27523825202337,408.6419372558594,103760600
2023-10-04,409.1071941153402,412.3639860114544,407.64356048210016,411.6176452636719,87453000
2023-10-05,411.3268404794052,412.3058303467078,408.23484048426144,411.4625549316406,70142700
2023-10-06,409.0102345616155,417.88891132912596,407.6823154616602,416.3477478027344,113273300
2023-10-09,414.44797038266114,419.5852123041229,413.8954989431742,419.0133361816406,80374400
2023-10-10,419.643378299873,423.7919280682824,419.2459668319729,421.1942443847656,78607300
2023-10-11,422.26047769195304,423.17158085104415,419.8760088222951,422.9195861816406,62451700
2023-10-12,423.5301811699864,423.9081879098467,417.9858555363506,420.3412170410156,81154200
2023-10-13,421.8436069564154,423.0455435777595,416.67731756779995,418.24755859375,95143100
2023-10-16,420.49637360247505,423.714415685823,420.25405169102373,422.648193359375,75433200
2023-10-17,419.5173488593283,424.6836681484373,419.1684195342952,422.6287536621094,75324700
2023-10-18,420.85493671578564,421.8145218630585,415.91156461169203,416.9971618652344,93559800
2023-10-19,417.7145428062187,419.5271060578716,412.6548598694738,413.3333435058594,121323000
2023-10-20,412.89713777676974,413.4399364601398,408.1476049268172,408.2542419433594,123919900
2023-10-23,406.72276099004836,411.4141390664612,404.9683527773846,407.5466613769531,92035100
2023-10-24,409.6693807564813,411.7727477741345,407.8180379697815,410.6192932128906,78564200
2023-10-25,408.93271643497314,408.9617938766799,404.21226147565824,404.7259826660156,94223200
2023-10-26,403.6598536533469,404.5128019378402,398.9588026350324,399.8796081542969,115156800
2023-10-27,401.46919469761593,401.8666061249316,396.64213226616755,398.0669860839844,107367700
2023-10-30,400.85858025181,403.88275285179935,399.55973840849714,402.82623291015625,86562700
2023-10-31,403.39806888205027,405.67590044700427,401.48857130380884,405.3560485839844,79665200
2023-11-01,406.32535052662286,410.4932751362608,405.7922246289102,409.6790771484375,98068100
2023-11-02,413.4786596174057,417.68539350879695,413.4592845158063,417.5303039550781,94938900
2023-11-03,419.83724617580907,422.89049620638866,419.71123405468535,421.3396301269531,100167800
2023-11-06,422.095684981768,422.7547934702101,420.3606518433794,422.3089294433594,67831700
2023-11-07,422.30892655420246,424.15056712063193,421.1651742590875,423.5108337402344,64256100
2023-11-08,424.11175832141294,424.6351818841711,421.5140747704494,423.82098388671875,61746000
2023-11-09,424.9646812762545,425.0034610559801,420.08916668151153,420.5156555175781,83174400
2023-11-10,422.58998243152627,427.38793789386506,420.5059906051338,427.0777587890625,89462200
2023-11-13,425.740146607046,427.7756266322396,424.95502612182986,426.670654296875,52236100
2023-11-14,432.61240832792026,436.23753414765645,432.3894615518305,434.9483947753906,97176900
2023-11-15,436.28601873814944,437.51703289700214,435.01625437389265,435.8692321777344,77327600
2023-11-16,435.4233234108849,436.7221650858265,434.35710126569217,436.4023132324219,66665800
2023-11-17,436.41206447106777,437.55584638539665,435.49125894668924,436.9451904296875,83133200
2023-11-20,436.69307982642476,441.15180807539235,436.6833774860901,440.30853271484375,69936200
2023-11-21,439.2617361737396,440.18257120218567,438.0792041489343,439.3489685058594,49244600
2023-11-22,441.0064463302394,442.3634429416601,439.94992648347943,441.0451965332031,59394900
2023-11-24,441.09364165847086,441.51042815767795,440.76408747907647,441.3165588378906,29737400
2023-11-27,440.68658238826873,441.5007803874619,440.13408138085987,440.5218200683594,50506000
2023-11-28,440.13407696271906,442.25681906014256,439.57190319998205,440.9579772949219,62115000
2023-11-29,443.10976458954195,444.24384395397783,440.2503842780265,440.64776611328125,63146000
2023-11-30,441.4911150141487,442.73180192610516,439.41682540648986,442.3828430175781,79752700
2023-12-01,441.77219472169025,445.53303530779465,441.18094348970146,444.99993896484375,89183400
2023-12-04,441.60739008872554,445.019271433423,440.3860783753154,442.6639099121094,72430900
2023-12-05,441.2778489374918,443.5362758597069,440.8998126034742,442.5766906738281,69793500
2023-12-06,444.7187540322277,444.7478314713036,440.356960689027,440.79315185546875,69124700
2023-12-07,442.87721048702326,444.8060833872283,442.2762568948173,444.15667724609375,66995400
2023-12-08,443.4102939900714,446.59925845337557,443.167972091833,446.066162109375,83194400
2023-12-11,445.57182828523526,447.97567223110514,445.3585838256798,447.8011779785156,65002200
2023-12-12,447.4521722811235,449.9432481380579,446.45380738636266,449.8463134765625,68327600
2023-12-13,450.22440701550494,456.30185945750105,449.86577532109465,456.0498352050781,93278000
2023-12-14,457.98836917003774,459.1806035101216,454.83818462019093,457.513427734375,119026000
2023-12-15,456.9158501916579,458.09346468799856,454.911024624647,456.7601318359375,141553700
2023-12-18,458.3659614924249,460.31239637628556,457.3051580447496,459.3294372558594,70375300
2023-12-19,459.8744287176748,462.2004326198957,459.79658439176796,462.12255859375,55761800
2023-12-20,461.26610177140515,463.1541458673366,455.2905624937439,455.7187805175781,102921000
2023-12-21,458.7065840896728,460.3124166999498,456.2832820563495,460.0399169921875,86667500
2023-12-22,461.1688449044697,462.64815455949093,459.0667211740831,460.9644775390625,67160400
2023-12-26,461.37315728833744,463.8159126462135,461.29528326802847,462.91082763671875,55387000
2023-12-27,462.70651395388256,463.893840449239,462.1712562282074,463.74786376953125,68000300
2023-12-28,464.1079178321579,464.75995685713684,463.5045277970175,463.9230041503906,77158100
2023-12-29,463.72837604213146,464.2539217843669,460.62380998189565,462.5799865722656,122283100
2024-01-02,459.5142829304583,460.9838505543304,457.88899697489745,459.99114990234375,123623700
2024-01-03,457.83068032303305,458.570335093064,455.6312290704376,456.234619140625,103585900
2024-01-04,455.7577162648923,458.3464782249613,454.5411944622418,454.7650451660156,84232200
2024-01-05,454.9693723825891,457.8403754637055,453.93776436095277,455.38787841796875,86118900
2024-01-08,455.884242835596,462.0349842457667,455.7577198150965,461.8890075683594,74879100
2024-01-09,459.23211686361327,462.2101599071882,458.72605447786003,461.18829345703125,65931400
2024-01-10,461.4607928330298,464.66268658164086,461.1785514545196,463.7965087890625,67310600
2024-01-11,464.7989126874992,465.3147167416708,459.6116768106503,463.5921325683594,77940700
2024-01-12,465.04217421360715,465.7818289024957,462.50209119029734,463.9132385253906,58026400
2024-01-16,462.53132242501596,463.8451421871986,460.39023221216354,462.21014404296875,85014900
2024-01-17,459.18345575970955,460.1274778564824,457.28566988777015,459.640869140625,68843900
2024-01-18,461.314802822399,464.28310409945385,459.7673906749951,463.7283630371094,91856200
2024-01-19,464.8572992191645,469.79151871434675,463.7770421286305,469.50927734375,110834500
2024-01-22,471.0469830334159,472.22456782073624,469.8499148891261,470.5019836425781,75844900
2024-01-23,471.04699545665005,472.1175109095896,469.9569966462272,471.87420654296875,49945300
2024-01-24,474.745184157241,475.6794645582401,471.8936642634199,472.3900146484375,81765000
2024-01-25,474.52129934846636,475.2317587014155,472.38998069009165,474.9592590332031,72525000
2024-01-26,474.53106799985125,476.02008943226616,473.5092016110277,474.35589599609375,76641600
2024-01-29,474.66734997690736,478.2585246858996,474.12235058965683,478.1125183105469,61322800
2024-01-30,477.4215889170993,478.45319712239666,476.98362914870773,477.7427673339844,58618400
2024-01-31,475.5334936248827,475.98116532447904,469.9277517507619,469.9472351074219,126011100
2024-02-01,471.65035080339914,476.1271567596163,470.8425637335658,476.09796142578125,91891600
2024-02-02,476.53597300316227,482.7645594561221,476.19534091662103,481.110107421875,99228200
2024-02-05,480.47743909484853,481.13921979443177,477.10037355108614,479.35821533203125,75757100
2024-02-06,480.3022375794468,481.0808293147646,478.871606822303,480.74993896484375,55918600
2024-02-07,482.99806143919835,485.1780588645302,482.092946704362,484.75958251953125,70556500
2024-02-08,484.7596458434101,485.35329426615607,483.9421467021212,484.9737548828125,52343600
2024-02-09,485.47977226451565,488.2145108276318,485.13914022884614,487.7765808105469,63979400
2024-02-12,487.7473831666172,490.01496666720067,486.84226840178366,487.5624694824219,56502300
2024-02-13,481.2851887040555,483.7766228154562,477.57723287028176,480.84722900390625,113099200
2024-02-14,483.4847151074999,485.70364975049426,481.1587110987094,485.217041015625,68387800
2024-02-15,485.91772783399097,488.74979405458623,485.4408311080291,488.56488037109375,61683000
2024-02-16,488.26318443249403,489.4018321652925,485.39218120492103,486.1318359375,75532900
2024-02-20,484.3898163747004,485.06133882722617,481.20740583464766,483.4555358886719,71736700
2024-02-21,482.15139479243277,484.0491509708409,480.3411949189208,483.8934326171875,59293400
2024-02-22,490.51131764803023,494.87131264849836,489.54781221335594,493.9078369140625,76402500
2024-02-23,495.6304262293698,496.4674086571224,493.51856105397593,494.24847412109375,61321800
2024-02-26,494.6864540722274,495.12441383679885,492.3118009448335,492.4383239746094,50386700
2024-02-27,493.1292978892794,493.5769696039291,491.2315119659273,493.3531188964844,48854500
2024-02-28,491.7959350516518,493.28495648375826,491.4358493661455,492.7010498046875,56506600
2024-02-29,494.46257806109645,496.0878345083775,491.815425510208,494.4722900390625,83924800
2024-03-01,495.3482457768837,499.54278105732834,494.93948136543304,499.11456298828125,76844800
2024-03-04,498.3165563504212,500.4284215717115,498.2873313148722,498.57928466796875,49799300
2024-03-05,496.5744479650044,497.0221493633574,491.38721217314117,493.5964050292969,72855600
2024-03-06,496.8761572948693,498.3554668272533,494.8032290742474,496.09759521484375,68382400
2024-03-07,499.39677730974256,502.0731250869525,496.15594682375195,501.02203369140625,58652100
2024-03-08,501.6546542384204,504.34068432238394,497.4406063327474,498.0148010253906,86532500
2024-03-11,496.8080468189585,498.17054528765857,494.88106560592894,497.58660888671875,62557200
2024-03-12,499.6985307075949,503.5232683044219,497.1778712794107,502.9393615722656,73114400
2024-03-13,503.2604525888654,503.43562459877114,500.7106276661075,502.1509704589844,55104100
2024-03-14,503.12418400270946,503.27993205507374,498.1121499011311,501.1583251953125,110171800
2024-03-15,498.08804798108406,499.54266772632866,496.0477073102581,497.7170715332031,107646300
2024-03-18,501.78800868482955,503.23282668542583,500.26507469946,500.6750793457031,88893300
2024-03-19,499.9819809876235,503.7404859733711,498.9764238973626,503.4573974609375,60755300
2024-03-20,503.5158951541575,508.250640692195,502.84228640648547,508.11395263671875,69594600
2024-03-21,510.95503416897964,511.6578994222707,509.510156284353,509.7933044433594,60256100
2024-03-22,509.7052719913618,510.1933925850028,508.59234273745244,508.8266906738281,79070800
2024-03-25,507.45018520809214,508.57288646937474,507.26469698888116,507.4209289550781,48512100
2024-03-26,508.84619067556724,509.1879108526766,506.0834709315648,506.48370361328125,65463700
2024-03-27,509.31480779780867,510.7791695687557,507.14752139258985,510.7400817871094,82999800
2024-03-28,510.7791441135719,512.145845947325,510.3593675770243,510.6424560546875,96294900
2024-04-01,511.38451632490194,511.9214371433278,508.5924208160107,509.754150390625,62477500
2024-04-02,505.9272809933223,506.6496900205949,504.20908677438206,506.5130615234375,74230300
2024-04-03,505.41957743973774,508.5728771082824,505.3707772955882,507.0694274902344,59155800
2024-04-04,511.08182923475704,511.42348983220387,500.57746403679687,500.8800964355469,96858100
2024-04-05,502.23705258109646,508.0749556966803,501.79773213862893,506.1127014160156,74546500
2024-04-08,506.8157102301138,507.82120781564623,505.58563662088517,506.3958740234375,48401800
2024-04-09,508.13352480372953,508.3775850942212,502.12961782362083,506.9815673828125,68049200
2024-04-10,501.2803426609476,503.89666208515973,499.92341259541246,501.9051513671875,82652800
2024-04-11,503.4281061989144,507.13781122017554,499.9136613545702,505.6929931640625,70099000
2024-04-12,502.14918793409277,503.56474960986543,496.9848635757255,498.71282958984375,92561100
2024-04-15,502.8911540643935,503.05709839116423,491.61554988176164,492.46490478515625,92101400
2024-04-16,492.943215040187,494.46614887048355,490.27806594091004,491.56671142578125,73484000
2024-04-17,494.0268276061939,494.1928017122706,487.26148351067934,488.6575012207031,75910300
2024-04-18,490.05364426668797,492.1525572135463,486.7148857364247,487.6520690917969,74548100
2024-04-19,487.57394131853926,488.56969668668467,482.1264983587833,483.3956298828125,102212600
2024-04-22,486.00221013520326,490.4441260798556,483.65923689240304,487.8473205566406,67961000
2024-04-23,489.8583644626642,494.0659621350047,487.66182151013055,493.63641357421875,64633600
2024-04-24,494.52477110173174,495.31552414024065,491.1762707245871,493.402099609375,55928100
2024-04-25,487.32005193688127,492.28911583394023,485.67020200378414,491.52764892578125,69122400
2024-04-26,494.3197628446228,497.7658932650639,493.6852119906925,496.18438720703125,64306100
2024-04-29,497.9709364388238,498.61525929171887,495.19841463675846,497.941650390625,46415400
2024-04-30,496.4772740416634,497.45351534342734,490.0536193847656,490.0536193847656,77483600
2024-05-01,489.46786865773555,496.11606953951656,487.9937347584278,488.46234130859375,80242800
2024-05-02,492.1720003799534,493.8706803453591,487.6812848525579,493.0310974121094,62550200
2024-05-03,499.01550940056416,500.37246932338707,496.4772760472205,499.1424255371094,72756700
2024-05-06,501.5438679323867,504.3359031936084,501.104547517922,504.296875,47264700
2024-05-07,505.2634287213709,506.2494419365131,504.17981521335923,504.8534240722656,52561300
2024-05-08,503.01805278679507,505.439111907815,502.90090860900597,504.9021911621094,42047200
2024-05-09,505.08764898476056,507.8504281122988,504.43358410061904,507.81134033203125,43643700
2024-05-10,509.4124711158648,510.2227680798631,507.2452440275092,508.4655456542969,52233200
2024-05-13,510.1446047910038,510.2519770237958,507.3915974260266,508.5337829589844,36716400
2024-05-14,508.72906418826113,511.3844713761404,508.19214341702855,510.8670349121094,57535900
2024-05-15,513.3369504006804,517.4859756907869,512.7023697575905,517.193115234375,59504900
2024-05-16,517.2906967075278,518.8917465910545,515.9825072697596,516.1289672851562,50244800
2024-05-17,516.246162943074,516.9393157213522,514.7915729298934,516.8709716796875,59187600
2024-05-20,516.9880819887991,518.930792527948,516.5975616577482,517.4664306640625,37764200
2024-05-21,516.7049957755823,518.8917666350982,516.4999636631139,518.7355346679688,33437000
2024-05-22,518.0424683735625,518.7551054535538,515.0648847480338,517.241943359375,48390000
2024-05-23,520.2975559093766,520.4049281460258,512.2532779910508,513.4638671875,57211200
2024-05-24,515.3088344371323,517.671380771176,514.3619091826399,516.861083984375,41291100
2024-05-28,517.6715045678355,517.9057929513657,514.5865486245773,517.222412109375,36269600
2024-05-29,513.1905202395113,514.7817983278129,512.8878878194378,513.6005249023438,45190300
2024-05-30,512.0580745471788,512.7219114405311,508.94386260650384,510.19342041015625,46377600
2024-05-31,511.15023176853157,514.9673092079909,506.0444490191236,514.8403930664062,90785800
2024-06-03,516.4511159966606,516.7342044816085,510.18360486685094,515.2600708007812,46835700
2024-06-04,513.9520429838191,516.578134600827,512.4876809576447,515.836181640625,34632700
2024-06-05,518.1595530381444,521.9864018010747,516.1679828855217,521.9668579101562,47610400
2024-06-06,522.2695576901561,522.6991062505612,520.0242145910106,521.9571533203125,30808500
2024-06-07,520.9808506310355,524.1341502130953,519.8874652579173,521.3225708007812,43224500
2024-06-10,520.5122904328304,523.255525898201,519.916797584573,522.933349609375,35686100
2024-06-11,521.3811694677967,524.2513211148034,519.4091430834137,524.1927490234375,36383400
2024-06-12,528.7615900630306,531.1924214122917,527.4631724257194,528.4979858398438,63251300
2024-06-13,530.2454535391702,530.4211698122318,526.7700371068663,529.5620727539062,44760900
2024-06-14,528.0294558754849,529.9135946368305,527.0238986275654,529.8843383789062,40089900
2024-06-17,529.2008719569648,535.4976399183048,528.7420075865693,534.1015625,55839500
2024-06-18,534.1602004613839,535.5855343086499,533.7404238235347,535.4586181640625,41376400
2024-06-20,536.3860596417427,537.0498966218076,532.2272618802663,534.0040283203125,70328200
2024-06-21,533.1803062748603,534.4045446160707,531.828742363983,533.2880249023438,64338600
2024-06-24,533.1117007115007,535.6776992949467,531.4369212698475,531.554443359375,45528700
2024-06-25,532.7787868983022,533.9638712753774,531.2607431275164,533.6015014648438,37936200
2024-06-26,532.4849577215607,534.9823921713983,531.8385861304241,534.2674560546875,38550600
2024-06-27,534.1302894973802,535.6875469780335,533.3859430174333,535.1096801757812,35041500
2024-06-28,535.8833782760337,538.9391321933387,531.7601817698417,533.0039672851562,76144500
2024-07-01,534.3849539324244,534.6298016081159,531.3390631933655,534.1009521484375,40297800
2024-07-02,532.4946896868087,537.6952514648438,532.4457321114778,537.6952514648438,40434800
2024-07-03,537.3818563773293,540.457157354787,537.3427022712717,540.0947875976562,32789900
2024-07-05,540.3985643728096,543.6109356091573,539.7619363434994,543.2094116210938,41488400
2024-07-08,543.9927968223914,544.786100933334,542.7685583933277,543.8361206054688,36110500
2024-07-09,544.7959245684453,545.6969473479489,544.0711849559792,544.364990234375,27289700
2024-07-10,545.5891159264746,550.0942886699685,545.2953107088132,549.7515258789062,38701200
2024-07-11,549.869152242232,550.7408243676441,544.3747844096212,545.0113525390625,53054200
2024-07-12,546.1376269625789,552.0531251206323,545.667538567234,548.448974609375,53084400
2024-07-15,550.4469096394806,553.1989947445371,548.0963483653211,549.9572143554688,40584300
2024-07-16,551.2696499606263,553.5124331903285,550.51549997726,553.2186279296875,36475300
2024-07-17,547.2834441243654,548.9582235359038,545.1385763631698,545.4617919921875,57119000
2024-07-18,546.9995524787638,547.988746727991,539.0860582622142,541.2700805664062,56270400
2024-07-19,541.0349619096787,542.6607838512468,536.6179005483158,537.6756591796875,65509100
2024-07-22,541.6029758172482,543.8262115013138,539.6638016510004,543.218994140625,43346700
2024-07-23,543.1114133430258,545.2660852990191,541.8774310101761,542.3671264648438,34439600
2024-07-24,537.5483166712224,537.8519253696913,529.1549319575545,530.0755615234375,74515300
2024-07-25,530.1931317534066,536.177254363603,526.3735438881854,527.313720703125,61158300
2024-07-26,531.1039639898098,535.9127455404142,530.3302071573028,533.2194213867188,53763800
2024-07-29,534.7668786438925,535.775619885458,531.534841817287,533.5328369140625,39515800
2024-07-30,535.0020485169553,536.05980735921,527.421572998221,530.829833984375,46853600
2024-07-31,537.665950025587,542.0928156342903,536.2948387521341,539.458251953125,65663400
2024-08-01,541.1818806021787,543.4344670666311,528.3126735436618,531.8189086914062,76428700
2024-08-02,524.7085367838448,525.9229716163323,517.705869778205,521.9172973632812,82789100
2024-08-05,501.0954700551791,512.7893973566776,499.75367969518885,506.7171630859375,146267400
2024-08-06,508.5191270615222,518.8321381322015,507.196973744527,511.3887939453125,84826300
2024-08-07,517.5785847252098,520.63433876445,507.3733501679388,507.97076416015625,70698300
2024-08-08,513.1125407389065,520.3404486814812,511.08525465156777,519.7136840820312,63276600
2024-08-09,518.8910375919244,523.4941863094633,517.66679909137,522.0054931640625,45619600
2024-08-12,523.2004149594696,524.6890484241525,520.0075911785743,522.27978515625,42542100
2024-08-13,525.4725645280489,531.1040615199245,525.2277168327499,530.8689575195312,52333100
2024-08-14,531.6622865517797,533.7288466275766,528.9885687226673,532.5437622070312,42446900
2024-08-15,538.1751381862979,541.9555715802455,537.567920792545,541.6715698242188,60846800
2024-08-16,540.0555939415091,543.5814362683599,539.8989177341498,542.8860473632812,44430700
2024-08-19,543.2973511166235,548.0767822265625,542.4452860411917,548.0767822265625,39121800
2024-08-20,547.6264067744836,549.2815796690877,545.843908289735,547.1856689453125,33732300
2024-08-21,548.2335818085938,550.5253226989936,543.2974141481618,549.0660400390625,41514600
2024-08-22,550.9660160166799,551.5732334533072,543.5422179587766,544.7566528320312,56121500
2024-08-23,547.9984691071246,551.4850973665338,545.8045838781815,550.5448608398438,50639400
2024-08-26,551.5733022984582,552.2882384520825,547.5284135216066,549.2325439453125,35788600
2024-08-27,547.9594090202299,550.476450824618,546.8135383966207,549.9867553710938,32693900
2024-08-28,549.6438836929623,550.0748179978751,543.6009999526875,546.7938232421875,41066000
2024-08-29,548.7624007293272,552.0629426061665,545.6969030561269,546.8427734375,38715200
2024-08-30,549.212926690368,552.5722295246512,545.657733766081,552.0629272460938,62700100
2024-09-03,548.9190687874888,549.2520879225416,538.18498513228,540.7020263671875,60600100
2024-09-04,538.8607938634791,543.0035975400444,538.1360542845994,539.5953369140625,47224900
2024-09-05,539.5365467142444,542.3865472945482,535.8246177750381,538.2828979492188,44264300
2024-09-06,538.6061519080256,540.2319142524223,528.3225490242058,529.2235717773438,68493800
2024-09-09,533.4251872668898,536.4221205223048,531.4957564364314,535.1488647460938,40445800
2024-09-10,537.0587275255268,537.8324845189911,532.1813804449696,537.4798583984375,36394600
2024-09-11,537.3916883108078,543.9144040618945,528.8318231688719,542.9937744140625,75248600
2024-09-12,543.5716351743016,547.8711746400817,541.3483991843773,547.5675659179688,51819600
2024-09-13,548.1747815451495,551.4263657909838,547.9201304028155,550.4273681640625,39310500
2024-09-16,550.1629297590999,551.5046902542234,548.360884321784,551.2402954101562,36656100
2024-09-17,553.4536471249235,554.9031859740162,549.2324757022386,551.4655151367188,49321000
2024-09-18,552.1217580784818,556.969754476821,549.2717571625421,549.8300170898438,59044900
2024-09-19,559.2419348303403,561.0733907935877,556.3723270388496,559.2125244140625,75315500
2024-09-20,557.843155111916,559.2872468563713,555.2201175162944,558.2459106445312,77503100
2024-09-23,559.3166000053709,560.2891611214185,558.0983802646348,559.6407470703125,44116900
2024-09-24,560.4364946014963,561.3010067117204,557.6071931426925,561.2420654296875,46805700
2024-09-25,561.0850037974096,561.8217999280521,558.8942225290759,560.0043334960938,38428600
2024-09-26,564.2678851150425,564.5920921622151,559.866775948692,562.2244873046875,48336000
2024-09-27,563.2954210502361,564.1107656382737,560.3776770438751,561.4091796875,42100900
2024-09-30,560.3776493545987,564.2679545173111,558.0788790007499,563.6588745117188,63557400
2024-10-01,563.3051897855821,563.9535439565005,556.035444442894,558.6093139648438,72668800
2024-10-02,557.7153138155387,559.8667605957481,555.3182683616095,558.8450317382812,38097800
2024-10-03,557.3715020969081,559.7685478192003,555.5344286086627,557.8234252929688,40846500
2024-10-04,562.2736036088263,563.2658318866675,558.0984259775333,562.8925170898438,42939100
2024-10-07,561.2420924631317,561.8905065573382,556.6543259021896,557.8037109375,49964700
2024-10-08,560.377637870892,563.67853004462,559.5033520489247,563.0792236328125,37398700
2024-10-09,563.0693978961492,567.5393423690588,562.4701514366566,566.9793701171875,37912200
2024-10-10,565.6334738441669,567.4116060358193,564.3759797176003,565.9871215820312,44138100
2024-10-11,565.9084606662699,570.1131388058892,565.7709110163313,569.3763427734375,42268000
2024-10-14,570.9874382986001,574.9661849382893,570.5060744728205,574.0328979492188,36217200
2024-10-15,574.2981924836022,574.6027324678581,568.3546560789198,569.5728759765625,54203600
2024-10-16,569.5729286407808,572.5692210133667,568.7673576490918,572.0485229492188,30725400
2024-10-17,575.5948569414992,575.8011814159861,571.9108767867559,572.0975341796875,34393700
2024-10-18,573.787292295603,575.0840605235142,572.3235337539761,574.2981567382812,37416800
2024-10-21,573.5710785054149,574.5534731315854,570.3782959703608,573.35498046875,36439000
2024-10-22,570.8204209471064,574.2096946097226,570.1622332957213,573.0504760742188,34183800
2024-10-23,571.0267196890029,571.4688092704015,564.3071139493308,567.8142700195312,49314600
2024-10-24,569.7692598487698,569.84786821387,566.419320298971,569.0422973632812,34979900
2024-10-25,571.2723713678375,574.1704478252901,567.9027646254573,568.8458251953125,47268200
2024-10-28,572.3235609618828,572.4512770786239,570.299830137409,570.6043701171875,30174700
2024-10-29,569.6415908764491,572.6477165136779,568.2466070737139,571.52783203125,42899700
2024-10-30,571.0562623128328,573.0505525749719,569.0914726763393,569.798828125,41435800
2024-10-31,565.4271221936206,565.4958970216722,558.4324763422399,558.6289672851562,60182500
2024-11-01,561.2617936558026,565.4173043933644,560.5741053167588,560.9866943359375,45667500
2024-11-04,561.1241962515347,562.4209644478059,557.892139281839,559.7783203125,38217000
2024-11-05,560.6920242782184,566.5863933486033,560.4759261934032,566.547119140625,39478300
2024-11-06,578.8270705681771,581.5089893813079,575.0841485043231,580.6346435546875,68182000
2024-11-07,582.6387786486675,586.1459356042433,582.5601702684252,585.1242065429688,47233200
2024-11-08,585.6742957423695,589.0832369047557,585.6742957423695,587.6587524414062,46444900
2024-11-11,589.2502526004109,589.6039003558736,586.4897254702406,588.21875,37586800
2024-11-12,588.1399886205112,588.7392349325905,583.9058703167807,586.391357421875,43006100
2024-11-13,586.8531544283672,588.6803942959151,584.4856094336134,586.6763305664062,47388600
2024-11-14,586.804069200042,587.2854330583992,582.2163022724781,582.9039306640625,38904100
2024-11-15,579.3377611991996,579.8093514182389,573.580942771995,575.4376831054688,75988800
2024-11-18,575.8994574754852,579.1119076957027,575.0350052053479,577.7955322265625,37001700
2024-11-19,574.4160398519082,580.6345552744816,573.7480186357969,579.9075927734375,49412000
2024-11-20,579.9862433981077,580.3889988810581,574.3374733314436,580.1041259765625,50032600
2024-11-21,582.953055915256,584.6427460672937,577.1077952881657,583.21826171875,46750300
2024-11-22,583.2084127301733,585.6546259064262,582.7074417987914,585.02587890625,38226400
2024-11-25,588.9653319760873,590.281707390563,584.7213793724078,587.0103759765625,42441400
2024-11-26,588.2579731618996,590.7434606979054,587.5408441710033,590.075439453125,45621300
2024-11-27,589.8887226529953,590.2718110026187,586.7647148108081,588.2874145507812,34000200
2024-11-29,589.1028202958577,592.7278593888155,588.8277809402925,591.9419555664062,30177400
2024-12-02,592.354515594293,593.6807844427898,591.8633182342458,593.0029296875,31746000
2024-12-03,592.7672106157903,593.5236138358292,591.73570807165,593.2780151367188,26906600
2024-12-04,594.9677449089698,597.2075737883222,594.2997236656325,596.9619750976562,42787600
2024-12-05,596.9620090763937,597.7675800229049,595.6259665136723,595.9796142578125,28762200
2024-12-06,596.7458327264936,598.3471408675985,596.3332437457798,597.1093139648438,31241500
2024-12-09,596.9915028268559,597.1584931551176,593.445071963169,594.0344848632812,34742700
2024-12-10,594.7123228135097,595.134745373381,591.529373321926,592.1875610351562,37234500
2024-12-11,595.115147903942,597.7184581352288,594.8400485801485,596.7655639648438,28677700
2024-12-12,595.9010621562538,596.4708079758578,593.690673828125,593.690673828125,31543800
2024-12-13,595.7242008087076,596.4413297893211,592.1973772710232,593.57275390625,35904700
2024-12-16,595.3312295236393,597.0799209921157,594.5551592425911,596.1072998046875,43695200
2024-12-17,593.553151685944,594.5158794594372,592.2760503625989,593.6513671875,55773500
2024-12-18,593.3468374126793,595.7340497636445,575.5753477019516,575.95849609375,108248700
2024-12-19,580.948899716812,582.5600413718613,575.5358954722558,575.781494140625,85919500
2024-12-20,573.451443984787,587.2315284125533,572.6036951737447,582.6973266601562,125716700
2024-12-23,582.4409930028329,586.7879087972127,579.2571372355378,586.1866455078125,57635800
2024-12-24,587.5370230202848,592.7415539521577,586.9554328723399,592.7020874023438,33160100
2024-12-26,590.9279213446937,593.8652919269226,589.5282423631364,592.7416381835938,41219100
2024-12-27,588.9958679237085,589.2324867459512,582.3128451341881,586.5020751953125,64969300
2024-12-30,579.4839049805771,583.278830614674,576.0536238226567,579.8091430664062,56578800
2024-12-31,581.4749602926895,582.194563069081,576.0634704063194,577.6997680664062,57052700
2025-01-02,580.9624149327,582.6775253068124,572.1995172748154,576.2803344726562,50204000
2025-01-03,579.1289967873591,584.1264484268344,578.044689478734,583.4857788085938,37888500
2025-01-06,587.7440676720806,591.1250155334773,585.1122021784661,586.8470458984375,47679400
2025-01-07,588.8776719416894,589.2029702261918,578.389855510047,580.21337890625,60393100
2025-01-08,580.2822309005052,582.1353537217743,576.832277161694,581.0609130859375,47304700
2025-01-10,577.5025797313914,577.5715860296085,570.2773736421228,572.1896362304688,73105000
2025-01-13,567.5372072518853,573.4316812597856,567.1231694250464,573.0768432617188,47910100
2025-01-14,576.0043111010004,576.6351742776535,570.0802375478183,573.8653564453125,48420600
2025-01-15,581.8890360172194,585.4474030923216,580.7751887912287,584.3040161132812,56900200
2025-01-16,585.6740907119066,585.8515097161563,582.4804283105531,583.1802978515625,43319700
2025-01-17,588.4242094250709,590.7898562052613,587.0934767089387,589.0353393554688,58070600
2025-01-21,592.0810894520482,594.4369296257112,590.1096871636119,594.4270629882812,42532900
2025-01-22,597.2559708830788,599.1288269666036,596.7039806946324,597.7685546875,48196000
2025-01-23,597.1378398743527,601.0313720703125,596.8618747927997,601.0313720703125,41152100
2025-01-24,601.0904500891409,602.0466115435261,598.1234798327728,599.2767333984375,34604700
2025-01-27,586.3048878621954,591.115114198888,586.1373355152499,590.7996826171875,70361100
2025-01-28,592.0318399526346,596.7139205737208,588.7100317776161,595.8760986328125,44433300
2025-01-29,595.0874967960807,595.4916679771449,590.6518414168764,593.204833984375,37177400
2025-01-30,595.3240968992558,597.9263022497843,592.130374590218,596.3886108398438,39281300
2025-01-31,598.8133742262722,601.2382204124732,592.4555905662014,593.214599609375,66566900
2025-02-03,584.1954227420036,591.7064599079472,582.0466016788057,589.2225341796875,65857200
2025-02-04,589.2817005882882,593.6877555909119,588.7395770202528,593.1752319335938,33457800
2025-02-05,592.0515554519985,595.7282015036632,590.021013481686,595.580322265625,30653100
2025-02-06,597.3250923662002,597.7785366008171,594.0131505968404,597.650390625,35771500
2025-02-07,598.2121736064561,599.4344333824486,591.4699514014874,592.1796875,50788500
2025-02-10,595.3930719758379,596.8420237335293,594.1214790365186,596.2012939453125,26048700
2025-02-11,593.93424024475,597.1969087784863,593.8159609148958,596.65478515625,30056700
2025-02-12,590.6321148502618,595.9055917033094,589.9519786805068,594.7326049804688,45076100
2025-02-13,595.8366651794477,601.2186155981716,594.5749988790903,601.0115966796875,40921300
2025-02-14,601.2185532755497,602.2535274358258,600.360998100256,600.9819946289062,26910400
2025-02-18,602.1450746766837,602.746337890625,599.6808220007749,602.746337890625,26749000
2025-02-19,601.3566081495158,604.4615308486234,600.8440242708047,604.1658325195312,31011100
2025-02-20,602.7956695963146,602.9336821985821,598.3403412349714,601.6522827148438,36554000
2025-02-21,601.435409514207,601.5734221193063,590.8982614234848,591.361572265625,76519800
2025-02-24,593.4118748152965,594.4074426853949,587.960918125522,588.670654296875,50737200
2025-02-25,588.6115273648803,589.3409366661995,581.1300283822392,585.7431030273438,58266500
2025-02-26,587.4088352242034,591.006668217937,583.3970246238699,586.0386962890625,43321600
2025-02-27,588.3156475632774,589.468961108592,576.2901428845248,576.6843872070312,74196700
2025-02-28,577.1871598716435,586.2161558854355,574.1117771132394,585.6838989257812,88744100
2025-03-03,587.6553155599406,588.798762606637,571.6081318173137,575.4227905273438,74249200
2025-03-04,571.4208567458912,577.0196322682823,564.0675042327628,568.611572265625,109648200
2025-03-05,568.4440493526719,576.5169448984452,564.8856823224501,574.7229614257812,71230500
2025-03-06,567.2513477016495,571.874289065213,561.9680033325571,564.52099609375,80094900
2025-03-07,562.7368186254731,569.1340095542192,557.5421542389136,567.6849975585938,81158800
2025-03-10,559.4741670846696,561.3962362827218,547.6457527585567,552.5643920898438,99326600
2025-03-11,551.4011666406667,555.9551004739012,544.1266884057775,547.9708862304688,88102100
2025-03-12,554.1315858671662,555.0581473332891,545.7728595599632,550.8787841796875,69588200
2025-03-13,550.5042540653316,551.1153839968962,541.8202288918889,543.5353393554688,74079400
2025-03-14,548.1583018697701,555.7679467233177,543.604366956188,554.7625122070312,62660300
2025-03-17,554.742702735982,561.5637976935186,554.3089918436672,559.0404052734375,49008700
2025-03-18,556.7239657249663,556.9408512500528,551.0660510727529,552.998046875,66041400
2025-03-19,554.7821880592443,562.7860764826731,553.5993346617712,559.0206909179688,66556000
2025-03-20,555.2750866351008,562.4115538615378,554.5554838320709,557.4041748046875,62958200
2025-03-21,552.9413897854555,558.4877939738346,551.7055567482902,557.5880737304688,83763000
2025-03-24,564.3307537296456,568.6314886589248,563.7375780431137,567.5736083984375,58766800
2025-03-25,568.7797678649376,569.8771730865459,567.1880294433175,568.93798828125,38355700
2025-03-26,568.6709866041082,569.7980806984394,560.7616559941828,562.1458129882812,51848300
2025-03-27,560.7517966033342,564.4296669577193,558.5371935416607,560.6529541015625,42164200
2025-03-28,559.120558969836,559.8521624781242,548.7790863172526,549.3623657226562,71662700
2025-03-31,543.5984615291653,554.3551567474991,540.6719872727307,553.0501098632812,95328200
2025-04-01,551.1321177898429,556.5598868781194,547.4048260096515,554.6121826171875,54609600
2025-04-02,548.7593065231022,560.9891058051336,548.5220362276616,558.1220092773438,76014500
2025-04-03,538.9319060881811,541.7594774009829,530.6172485351562,530.6172485351562,125986000
2025-04-04,517.7349036725598,519.9099817661254,499.3358369172059,499.5533447265625,217965100
2025-04-07,483.64569927250346,517.2405628900261,476.33944038650816,498.6635437011719,256611400
2025-04-08,515.9454474877983,519.0300819148135,483.6160734043612,490.8531188964844,165816600
2025-04-09,487.84755542038147,542.4021606445312,487.46196103833506,542.4021606445312,241867300
2025-04-10,526.1385878330984,527.4535310578508,503.5475844453038,518.6346435546875,162331200
2025-04-11,517.0823135223206,530.3501968917485,514.1756325109097,527.888427734375,97866300
2025-04-14,537.8839447885014,538.111379094838,527.8094317224818,533.0098266601562,68034000
2025-04-15,533.5535570239268,537.0732068479572,530.7259857198238,531.5169067382812,56892900
2025-04-16,525.6541223320015,531.7937621429162,514.3931980244283,519.7023315429688,83484800
2025-04-17,521.6599483491107,525.1499093262158,517.9721816819745,520.44384765625,79868100
2025-04-21,515.2533065114334,515.7872249375157,502.6972625032136,508.05584716796875,69368100
2025-04-22,514.2450097037921,523.3011683263503,513.3057644566182,521.2744140625,75948100
2025-04-23,534.3049123051696,539.2482437222484,527.8291602174767,529.3516845703125,90590700
2025-04-24,530.6369834977514,541.2256220112762,529.3814182452572,540.4940185546875,64150400
2025-04-25,540.454522631326,544.804618673288,537.5280483044934,544.3992919921875,61119600
2025-04-28,545.1407910444296,547.2762839575454,538.8429907853031,544.6068725585938,47613800
2025-04-29,542.6887574529197,549.1546732609154,542.3328520901122,548.0374755859375,47775100
2025-04-30,541.3640897959557,550.2126665027023,535.3826699025942,548.2550659179688,93101500
2025-05-01,554.0189932525213,557.6770710508032,551.5374308999284,552.1405029296875,63186100
2025-05-02,558.3295262045715,561.9381825044319,556.006184429092,560.3365478515625,60717300
2025-05-05,556.194064255589,560.2278400664005,555.3339293144951,557.1234130859375,38659200
2025-05-06,551.6066009560054,556.9651555946843,550.6476235760448,552.4667358398438,48264700
2025-05-07,553.8014947566288,557.4298834610689,549.738030089525,554.7901611328125,55588000
2025-05-08,558.8338365158501,563.8463828556478,555.3339788688671,558.6558837890625,65130800
2025-05-09,560.0596697605964,561.068128702691,556.381860066797,557.9439697265625,37603400
2025-05-12,574.8798371188,576.3925257137258,570.5000520977247,576.3826293945312,78993600
2025-05-13,576.7978469712151,582.4036289948938,576.234360216526,580.1890258789062,67947200
2025-05-14,581.1479585868793,582.3046813078995,578.9036666864055,580.9304809570312,66283500
2025-05-15,578.9235156986,584.2721745648568,578.4687074145315,583.7680053710938,71268100
2025-05-16,584.5489375445604,587.7621029517821,582.6012939394769,587.4655151367188,76052100
2025-05-19,581.4346564328234,588.7903364922698,581.4346564328234,588.108154296875,68168500
2025-05-20,586.3681900028125,587.3172711404261,582.9176935296509,586.130859375,60614500
2025-05-21,581.7708648204313,585.8639582409971,575.2258980125081,576.2540893554688,95197700
2025-05-22,576.0562657117097,579.971405887537,574.8204328669485,576.4814453125,70860400
2025-05-23,569.4520392436427,575.2159811048424,569.0763411937487,572.5465698242188,76029000
2025-05-27,579.4276923460704,584.6082943415249,571.8742669840636,584.4501342773438,72588500
2025-05-28,584.8555180607121,586.051826179252,580.3373051792158,581.0689086914062,68445500
2025-05-29,586.3385054465637,586.4769332279744,579.4277368161022,583.3626098632812,69973300
2025-05-30,582.2552747565533,584.430352826958,576.6297607292682,582.7100830078125,90601200
2025-06-02,581.0985213264464,586.0714814983527,578.4291102147669,585.992431640625,61630500
2025-06-03,585.6266079138771,590.3128764026674,585.1421107506463,589.3341064453125,63606200
2025-06-04,590.1943197189499,591.1730898063917,588.7409487228937,589.1759643554688,57314200
2025-06-05,590.8566609128592,592.2111289512687,584.3512195951713,586.3285522460938,92278700
2025-06-06,591.8749474768216,594.0203968199735,590.0953601848463,592.3495483398438,66588700
2025-06-09,592.9229477814916,594.4356362447949,591.7069074945726,592.8834228515625,53016400
2025-06-10,593.4173023897237,596.6304681071312,592.3001649023746,596.2449340820312,66247000
2025-06-11,597.3423765043648,598.2025114763902,592.4781545343917,594.54443359375,73658200
2025-06-12,593.2096852350186,596.9072875976562,592.7252483956809,596.9072875976562,64129000
2025-06-13,591.7168864341237,595.0288949944265,588.7310943639458,590.23388671875,89506000
2025-06-16,593.5952983788304,597.5993850121447,593.4172853343232,595.8494262695312,79984100
2025-06-17,593.4074922933922,594.9300168530282,589.9965810836336,590.7578735351562,82209400
2025-06-18,591.6575507239553,594.4060120669617,589.7098464455568,590.6688842773438,76605000
2025-06-20,593.3471074282096,594.4180406328666,587.8735160730708,589.2816162109375,94051400
2025-06-23,590.0351069773628,595.4888465716903,586.9116378864132,595.1021728515625,87426000
2025-06-24,599.2471080685161,602.7374608387837,598.3348024442159,601.676513671875,67735300
2025-06-25,602.7968833801484,603.4910078317407,600.4468221319722,602.0135498046875,62114800
2025-06-26,603.8678512919777,607.1599344481853,603.2530708764845,606.7236328125,78548400
2025-06-27,607.7252035075089,611.2056913389495,605.692457719191,609.7380981445312,86258400
2025-06-30,612.1873024714439,614.0117925800773,609.8669572755672,612.6533203125,92502500
2025-07-01,611.1758893553448,613.625146088841,610.3429883405835,612.455078125,70030100
2025-07-02,612.0484833566157,615.2711481262035,611.4237773441516,615.2315063476562,66510400
2025-07-03,617.214676143094,621.0124795190609,617.194824993195,620.0803833007812,51065800
2025-07-07,618.1169852960921,618.7813935886118,612.6731706581298,615.4595336914062,74814500
2025-07-08,616.1238907210633,616.8775081543645,614.3093261623386,615.1224365234375,59024600
2025-07-09,617.5319680301938,619.4655183729625,615.6875662931247,618.8110961914062,66113300
2025-07-10,618.9499658515675,621.5974919629854,617.7699723301522,620.5563354492188,57529000
2025-07-11,617.5022136064131,619.6043777491163,616.3024294765994,618.3748168945312,63670200
2025-07-14,617.9186632768227,619.9018415613931,616.5701165685465,619.5548095703125,51898500
2025-07-15,622.2420420602726,622.5791484786782,616.8279435196437,616.9072875976562,74317300
2025-07-16,618.4937831556223,619.4754466932056,612.8516386863737,618.9697265625,88987500
2025-07-17,619.1482908768893,623.1146474859103,618.9301097920578,622.7576293945312,68885700
2025-07-18,624.007017899032,624.175571102461,621.1909387049365,622.301513671875,65621600
2025-07-21,623.4815063476562,626.2281670376054,623.0551302914085,623.4815063476562,63375000
2025-07-22,623.8086504006922,624.4333563471947,620.9231528797274,623.5706787109375,60046300
2025-07-23,626.2381323551606,628.8757934570312,624.4334327911965,628.8757934570312,70511000
2025-07-24,629.2624631630094,630.7994747941685,628.6576082944551,629.083984375,71307100
2025-07-25,629.7484116245431,632.2174590489252,629.5005143245561,631.741455078125,56865400
2025-07-28,632.1181999979412,632.6734874729789,630.1945147233831,631.582763671875,54917100
2025-07-29,632.9809077241022,633.2982235137306,629.0046860832861,629.9169311523438,60556300
2025-07-30,630.5713386132512,632.3165451544952,626.2281734095909,629.1236572265625,80418900
2025-07-31,634.0816044685715,634.4682782312485,625.4646925404661,626.763671875,103385200
2025-08-01,621.0322789916852,621.0719812920488,614.0812292944926,616.4907836914062,140103600
2025-08-04,620.4075271113948,625.9108344398344,620.3183179857707,625.8612670898438,73218000
2025-08-05,626.4760489706393,627.2891592865192,621.7660007962415,622.6881713867188,68051400
2025-08-06,623.7591559441935,628.1122469303318,622.8469108529321,627.4578247070312,64357500
2025-08-07,630.8886820702932,631.62244837055,623.8186464662513,626.9322509765625,74205800
2025-08-08,628.727047311219,632.2868791777582,628.4097315038053,631.82080078125,64051600
2025-08-11,632.0983749269875,633.5758329217508,629.3218771812983,630.5712890625,58742300
2025-08-12,632.9214074238032,637.4430514601922,631.4340237207567,637.284423828125,64730800
2025-08-13,639.4857330110176,640.7549961752953,637.2745085703324,639.4659423828125,60092800
2025-08-14,637.3835851461316,640.1897994624859,636.9374184340268,639.5254516601562,59327500
2025-08-15,640.5566774831647,640.6558727131268,637.11589211782,638.0281372070312,68592500
2025-08-18,637.4529805837014,638.5834067295413,636.7787072305159,637.8892822265625,43804900
2025-08-19,637.7108075589789,638.6924711313014,633.1098193903536,634.4286499023438,69750700
2025-08-20,634.0221697813646,634.2799321395609,627.626407225106,632.7429809570312,88890300
2025-08-21,630.9283690027011,632.604096553562,628.4791123479844,630.2044677734375,54805800
2025-08-22,632.3958390332336,641.0623176031913,631.8901189367884,639.88232421875,84083200
2025-08-25,638.6230253017661,639.8625116828326,636.9472372936925,637.0662231445312,51274300
2025-08-26,636.7985773675441,640.0807351008626,636.1738713484165,639.733642578125,51581600
2025-08-27,639.148612992103,641.9250504526357,638.9998504138363,641.1912841796875,48341100
2025-08-28,641.7961735668325,644.0173236548059,639.9121904309055,643.4620361328125,61519500
2025-08-29,642.0242015644989,642.3911452321481,637.7306640961879,639.6245727539062,74522200
2025-09-02,632.13804448044,635.1028861742022,629.5797276837342,634.884765625,81983500
2025-09-03,637.2645539172183,638.7916398746721,635.0731807265284,638.3255615234375,70820900
2025-09-04,638.9998582812316,643.6901160802078,638.0975387911232,643.6603393554688,65219200
2025-09-05,646.0004093954814,646.7243105506017,637.918995020256,641.7960815429688,85178900
2025-09-08,643.1645472258064,644.3743174556171,641.7862237872296,643.372802734375,63133100
2025-09-09,643.5115612591451,645.3856792185645,641.7762803015634,644.8601684570312,66133900
2025-09-10,648.122479271532,649.0446498954948,645.1576374702139,646.724365234375,78034500
2025-09-11,648.6777603299006,652.7928793680376,648.0927566439484,652.0987548828125,69934400
2025-09-12,652.0689585463732,653.5662677492645,651.3748946038203,651.8805541992188,72780100
2025-09-15,654.0918582328915,655.4800466805781,653.7943936028013,655.3511352539062,63772400
2025-09-16,655.9064595692537,656.213910313041,653.6655188822047,654.4488525390625,61169000
2025-09-17,654.4587781451693,656.1543568928759,648.7967821934204,653.6357421875,101952200
2025-09-18,656.3229362038169,659.2977035594738,654.7165666735059,656.6898193359375,90459200
2025-09-19,658.5800832029405,660.7874850308027,656.6311583459587,659.9423217773438,97945600
2025-09-22,658.4508309420254,663.5119788762895,658.4209716621773,663.0645751953125,69452200
2025-09-23,662.9452156846509,663.5617612775759,658.2320617574377,659.4551391601562,81708900
2025-09-24,660.7477220570149,660.8471316064555,655.9350982101993,657.3569946289062,68082200
2025-09-25,654.2149171420698,655.6765652531099,650.7048739536411,654.3242797851562,89622100
2025-09-26,655.7760789419195,658.619871988132,654.1553026157394,658.072998046875,69179200
2025-09-29,660.5985670660314,661.5134019828115,658.112721358766,659.9224243164062,73499000
2025-09-30,659.1766647693167,662.8756347075731,657.8641309647478,662.4082641601562,86288000
2025-10-01,659.4152702620313,665.5801794564833,659.3059076216911,664.6654052734375,72545400
2025-10-02,666.6540464714482,666.7733621981591,663.004842335434,665.4309692382812,56896000
2025-10-03,666.1966948783695,668.8714672806448,664.377038831869,665.421142578125,70494400
2025-10-06,667.8174482099862,668.7024238148077,665.669704301124,667.8074951171875,54623300
2025-10-07,668.7322238208072,669.1796881705657,663.8898014056139,665.3316040039062,72020100
2025-10-08,666.4552183740389,669.398481470165,665.6299006256374,669.2990112304688,60702200
2025-10-09,669.7166839203261,670.1243359074817,665.4211353124821,667.3600463867188,66501900
2025-10-10,668.324542434099,670.1342452495495,649.14378031214,649.32275390625,159422600
2025-10-13,656.9095884512618,661.3642043859337,656.0345659370097,659.2860107421875,79560500
2025-10-14,653.4492417720955,662.0602448848334,649.4718888267987,658.4805908203125,88779600
2025-10-15,663.0446129876665,666.4352795829697,655.1992699391986,661.4039306640625,81702600
2025-10-16,663.0445999065358,664.9239136533134,653.3895542222015,656.8995971679688,110563300
2025-10-17,655.7660892614911,661.9906565438909,654.4138037793879,660.62841796875,96500900
2025-10-20,663.5418206897375,668.4041493887289,663.4921159142255,667.499267578125,60493400
2025-10-21,667.638493864759,669.1797060532549,666.1867381348511,667.4893188476562,56249000
2025-10-22,668.1953369980629,668.1953369980629,659.5445816579371,664.0191040039062,80564000
2025-10-23,664.3372592841532,668.9012985038863,664.019063764971,667.9566650390625,65604500
2025-10-24,672.6300829996666,674.628651928334,671.8246714345047,673.4155883789062,74356500
2025-10-27,678.8645527756448,681.658640907831,678.2580209918731,681.3603515625,63339800
2025-10-28,683.1600908523567,685.0095454543999,680.9526890414517,683.1700439453125,61738100
2025-10-29,684.8206562449755,685.795149064121,679.0038013689816,683.4982299804688,85657100
2025-10-30,680.0279821977349,682.0564104652303,675.9810180664062,675.9810180664062,76335800
2025-10-31,681.1614116072222,681.2012239761448,675.3942622450203,678.1983032226562,87164100
2025-11-03,681.7878948104295,681.9171636388411,676.0903560257897,679.4711303710938,57315000
2025-11-04,672.2820616639051,676.1103005794487,670.7607556049009,671.4169921875,78427000
2025-11-05,671.1583975728993,677.0051112074705,670.3529860359731,673.7437133789062,74402400
2025-11-06,672.6399897028363,673.5448715272548,664.9338680034818,666.514892578125,85035300
2025-11-07,664.1284090392404,667.2805048704689,657.4663915648358,667.1710815429688,100592400
2025-11-10,673.4056154266486,678.3176487268574,671.2081667723378,677.5818481445312,75842900
2025-11-11,676.1002762110339,679.6997756663966,674.8871520395073,679.1329956054688,58953400
2025-11-12,680.9129156193362,681.0819968300743,677.0946904605516,679.5109252929688,62312500
2025-11-13,676.6472315164618,677.0051787486752,666.7237544337754,668.235107421875,103457800
2025-11-14,661.612768198211,671.8345335183507,659.5147291242073,668.1256713867188,96846700
2025-11-17,665.9083353081996,669.8956413839408,658.4209391867944,661.901123046875,90456100
2025-11-18,658.3512953245886,661.354216097308,652.146634691611,656.3427734375,114467500
2025-11-19,657.0388554539629,663.5617119214406,655.0203196831769,658.8783569335938,94703000
2025-11-20,669.1001291109939,671.7351497651099,648.1991802397498,648.8355712890625,165293500
2025-11-21,651.3412595795126,660.7874729698119,647.1650267848305,655.2987670898438,123956200
2025-11-24,658.9380055466532,666.2662734630499,657.8442577670318,664.9437866210938,80437900
2025-11-25,664.8444060411854,672.3815071629971,660.717877921785,671.1982421875,81077100
2025-11-26,673.7934667684052,677.8404309302599,672.8885849296569,675.8318481445312,71879600
2025-11-28,677.0051081523229,679.7991961322198,676.6471609574353,679.5208129882812,49212000
2025-12-01,674.9667014318244,679.1230277654502,674.8970904760725,676.41845703125,61201200
2025-12-02,678.0591325179204,679.9483994968172,675.4838303983408,677.67138671875,62953800
2025-12-03,676.7167950740063,681.0321891246488,675.8417725523884,680.0180053710938,57238500
2025-12-04,681.4199577792665,681.4895687361658,677.4824173401821,680.51513671875,61970300
2025-12-05,681.5890143183475,684.4925257185774,680.7040993957534,681.8078002929688,79241000
2025-12-08,682.7027235077143,682.7524282821314,677.7111260885928,679.7594604492188,55231500
2025-12-09,679.2822138612034,681.5095218770947,678.7253868572307,679.1727905273438,58310100
2025-12-10,678.6955405173951,685.0692222502689,677.4526176554032,683.6771850585938,85671300
2025-12-11,681.2609148661827,685.3476304583654,678.3076987410943,685.26806640625,86173700
2025-12-12,684.2737672143002,684.9797692517327,675.3247225627367,677.9000854492188,113160300
2025-12-15,681.8574988128718,681.8774049984522,675.4042533093998,676.8758544921875,90811000
2025-12-16,675.3843754405706,677.2239376857725,671.1584377196804,675.0264282226562,122030600
2025-12-17,676.0406154817738,676.5874893555698,667.3998140691156,667.5986938476562,110625200
2025-12-18,673.7635606688432,676.8857972779194,671.0788959983324,672.6399536132812,108650100
2025-12-19,674.747283458469,679.2350273728672,674.6275542880097,678.7363891601562,103599500
2025-12-22,682.0772531068674,683.4933686131409,678.7364013691785,682.96484375,69556700
2025-12-23,682.0572680421344,686.325640311278,682.0074163952171,686.0863037109375,64840000
2025-12-24,686.0763204450832,688.9484813838191,685.9267046355759,688.4996948242188,39445600
2025-12-26,688.758988861415,689.7761694005526,687.392725060237,688.4298706054688,41613300
2025-12-29,685.6674092439482,687.322922191004,684.2014421207446,685.9765625,62559500
2025-12-30,685.5777200962995,686.6846823672308,684.7100944386586,685.138916015625,47160700
2025-12-31,685.2685588951464,685.4879304984822,679.8533550408816,680.062744140625,74144800
2026-01-02,683.842447277036,684.999261161205,677.9684744567207,681.309326171875,89377200
2026-01-05,684.6701449336617,687.5522884526621,684.5106074856512,685.846923828125,71927200
2026-01-06,686.0563439630641,690.4344019511112,685.9067890249802,689.92578125,69273800
2026-01-07,690.3047811958188,692.0699799720542,687.4426026835383,687.701904296875,75588300
2026-01-08,686.9439569075789,688.7390423054183,685.6175622141362,687.632080078125,64019200
2026-01-09,688.7489932725086,693.4162394407576,687.3029303433501,692.1796264648438,80125500
2026-01-12,688.7988836287034,694.1941832506386,688.7490319805348,693.2666625976562,63976000
2026-01-13,693.595779418591,694.194181802135,689.467040360938,691.8804931640625,78309700
2026-01-14,689.1180078469732,689.8360176539858,684.1714948792828,688.479736328125,94676700
2026-01-15,692.678285342935,693.5558934557131,689.3673203481677,690.3546142578125,77862000
2026-01-16,691.7707369284135,692.359156800422,688.22043529661,689.7761840820312,79289200
2026-01-20,679.6338820353151,682.9049778344743,674.7272992054969,675.7345581054688,111623300
2026-01-21,677.7989248999835,686.8641332264262,676.2830453044572,683.5332641601562,127844500
2026-01-22,687.9711412752974,689.2476843606095,685.0491285530771,687.103515625,77112200
2026-01-23,686.2757685331861,689.0781127396581,685.2884137823622,687.352783203125,63059600
2026-01-26,688.609372319757,692.2394730275811,688.0409174669724,690.84326171875,60473800
2026-01-27,692.2893344912051,694.6329705879123,691.6810104865692,693.5957641601562,55506100
2026-01-28,695.1515053497095,695.9393926651097,692.0499903412962,693.5259399414062,61172200
2026-01-29,694.4933553961189,695.1615135683285,682.9648421722587,692.1497192382812,97486200
2026-01-30,689.9058246991844,692.3192774332931,685.2485609149509,690.0853271484375,101835100
2026-02-02,687.7019133171445,695.0318708971434,687.5423149981101,693.5159912109375,79286500
2026-02-03,694.3138377504575,695.0617950648859,682.1670182684101,687.6520385742188,107904600
2026-02-04,688.4697490630058,689.5667896413613,679.9031787408285,684.3211059570312,105204600
2026-02-05,679.0854402743204,681.8279505601881,673.9494421186707,675.7744750976562,113610800
2026-02-06,679.6039887472712,690.4244132010324,678.995603890688,688.739013671875,89127600
2026-02-09,687.5423060693106,693.9747512796714,686.4652913399738,692.0599975585938,73885200
2026-02-10,693.0572335194393,694.64286887948,689.7761552680904,690.2349243164062,65185700
2026-02-11,694.4933668556342,695.2413241987686,687.3029816841566,690.075439453125,76353900
2026-02-12,692.3491972008484,693.4561594586687,678.5169776231163,679.41455078125,118829000
2026-02-13,679.833354327075,684.410879804094,675.6747287653898,679.8931884765625,96267500
2026-02-17,678.287593220413,683.074507822494,673.9394826742099,680.9901733398438,81354700
2026-02-18,682.157061237011,687.2730943282486,680.9702998190471,684.4208374023438,73570300
2026-02-19,681.9775120282383,684.311104689823,679.6937101433548,682.61572265625,58649400
2026-02-20,680.4616860592505,688.1805961724377,679.8732661615737,687.5523071289062,100034000
2026-02-23,685.9566804858357,688.1207533479937,678.5169762252317,680.531494140625,90558100
2026-02-24,680.0427976196477,686.4751816677359,678.1479481229125,685.4779052734375,73798700
2026-02-25,688.3002642742074,691.7907319065998,688.2204651135966,691.26220703125,56369500
2026-02-26,691.391808867856,691.4117130049051,682.486077089091,687.422607421875,71671000
2026-02-27,681.2295779636313,684.9892686841309,679.7835149777827,684.1216430664062,83308900
2026-03-02,676.8515442239554,686.744509644098,676.1734035367807,684.5106201171875,87477200
2026-03-03,673.221445388408,680.7508704958498,667.8361281509542,678.4771118164062,105003100
2026-03-04,679.7735096903759,685.2186606854194,677.7689744100875,683.2639770507812,79182200
2026-03-05,680.2223290726917,683.6629449535216,673.7699188745959,679.4544067382812,106606500
2026-03-06,671.5758690877306,674.2685275228549,667.9358467743081,670.5487060546875,100687000
2026-03-09,664.5750801817165,678.0681991431876,660.5859743093405,676.4227294921875,102667700
2026-03-10,675.87413967305,681.4987932365287,672.9222404542279,675.3356323242188,81505300
2026-03-11,675.7345715953234,678.2277626375325,671.5061293267642,674.4879760742188,68441700
2026-03-12,669.3319958917509,669.8207124533001,664.0564256954588,664.2459106445312,108882200
2026-03-13,667.4472371497842,670.5088831921612,659.5587462493693,660.4862060546875,97200200
2026-03-16,666.5596317087426,670.239584206393,665.3030536555561,667.2078857421875,82023100
2026-03-17,670.5586914524959,672.60309589337,667.8760155087483,668.9630126953125,87128000
2026-03-18,666.5396583763402,667.8959397089973,659.3892034355257,659.6285400390625,82062600
2026-03-19,655.1806813207687,661.1743225351036,653.3855958813168,658.0029907226562,111272500
2026-03-20,656.510009765625,656.6900024414062,644.719970703125,648.5700073242188,163617500
2026-03-23,658.0700073242188,662.6199951171875,653.9400024414062,655.3800048828125,134802700
2026-03-24,651.3200073242188,657.030029296875,649.8800048828125,653.1799926757812,96457500
2026-03-25,658.6699829101562,660.8900146484375,654.239990234375,656.8200073242188,90653800
2026-03-26,652.0599975585938,654.8499755859375,644.8200073242188,645.0900268554688,96494400
2026-03-27,642.5,642.6599731445312,633.1099853515625,634.0900268554688,103649400
2026-03-30,640.1099853515625,640.3699951171875,629.280029296875,631.969970703125,99275900
2026-03-31,638.9400024414062,651.5399780273438,637.97998046875,650.3400268554688,152534100
2026-04-01,653.9000244140625,658.52001953125,653.0,655.239990234375,97841500
2026-04-02,646.4199829101562,658.2000122070312,645.1099853515625,655.8300170898438,68358700
2026-04-06,655.8599853515625,659.719970703125,655.52001953125,658.9299926757812,39105800
2026-04-07,656.6500244140625,659.6099853515625,651.0599975585938,659.219970703125,69980400
2026-04-08,676.3900146484375,677.0800170898438,671.4600219726562,676.010009765625,93606100
2026-04-09,674.8400268554688,681.1599731445312,673.77001953125,679.9099731445312,57134400
2026-04-10,681.3200073242188,682.030029296875,678.4500122070312,679.4600219726562,42253500
2026-04-13,677.4099731445312,686.2999877929688,676.5800170898438,686.0999755859375,54185800
2026-04-14,687.6900024414062,694.5800170898438,687.6599731445312,694.4600219726562,63480500
2026-04-15,695.260009765625,700.280029296875,694.2000122070312,699.9400024414062,58240400
2026-04-16,701.0599975585938,702.780029296875,698.530029296875,701.6599731445312,49972400
2026-04-17,706.1400146484375,712.3900146484375,705.760009765625,710.1400146484375,70661900
2026-04-20,708.780029296875,709.9099731445312,706.1400146484375,708.719970703125,43546800
2026-04-21,710.280029296875,711.280029296875,702.6400146484375,704.0800170898438,58941400
2026-04-22,709.1500244140625,711.4500122070312,708.219970703125,711.2100219726562,42518500
2026-04-23,709.5,712.3599853515625,702.280029296875,708.4500122070312,56174000
2026-04-24,710.75,714.469970703125,709.010009765625,713.9400024414062,45182000
2026-04-27,713.1699829101562,715.6300048828125,712.2999877929688,715.1699829101562,33135900
2026-04-28,711.8200073242188,712.8800048828125,709.25,711.6900024414062,43117400
2026-04-29,711.0,712.2000122070312,708.3699951171875,711.5800170898438,41859200
2026-04-30,714.6300048828125,719.7899780273438,710.4500122070312,718.6599731445312,67240900
2026-05-01,721.25,724.8699951171875,720.469970703125,720.6500244140625,43049800
2026-05-04,720.0700073242188,722.1199951171875,714.989990234375,718.010009765625,51950600
2026-05-05,721.77001953125,725.0399780273438,721.489990234375,723.77001953125,36933200
2026-05-06,728.1599731445312,734.5900268554688,727.8200073242188,733.8300170898438,53288900
2026-05-07,735.0499877929688,736.1300048828125,729.75,731.5800170898438,51724600
2026-05-08,734.9299926757812,738.0800170898438,734.5700073242188,737.6199951171875,47227100
2026-05-11,736.4500122070312,740.7899780273438,736.4500122070312,739.2999877929688,44024000
2026-05-12,736.8900146484375,738.8400268554688,731.8300170898438,738.1799926757812,54185300
2026-05-13,738.469970703125,743.9099731445312,735.469970703125,742.3099975585938,44200200
2026-05-14,743.6500244140625,749.530029296875,743.5599975585938,748.1699829101562,45307600
2026-05-15,741.7899780273438,743.4600219726562,737.9600219726562,739.1699829101562,60410800
2026-05-18,739.8300170898438,741.4199829101562,733.3900146484375,738.6500244140625,47843900
2026-05-19,734.780029296875,737.6500244140625,731.530029296875,733.72998046875,54255900
2026-05-20,735.7100219726562,741.8699951171875,733.8900146484375,741.25,45768000
2026-05-21,738.6400146484375,744.8699951171875,737.030029296875,742.719970703125,43332200
2026-05-22,746.239990234375,748.9400024414062,744.47998046875,745.6400146484375,41762000
2026-05-26,750.010009765625,752.1300048828125,748.3699951171875,750.5900268554688,41123600
2026-05-27,750.8800048828125,751.3800048828125,748.219970703125,750.4600219726562,42106300
2026-05-28,750.25,755.1500244140625,749.22998046875,754.5999755859375,41562600
2026-05-29,755.9000244140625,758.0800170898438,754.6900024414062,756.47998046875,54976100
